tree
version=v4
num_class=1
num_tree_per_iteration=1
label_index=0
max_feature_idx=36
objective=binary sigmoid:1
feature_names=TransactionAmt card1 card2 addr1 card_tx_count_10m card_tx_count_1h card_tx_count_24h card_spend_sum_1h card_spend_sum_24h card_spend_mean_24h spend_ratio_24h card_time_since_prev is_new_device is_new_location time_gap time_gap_deviation_median time_gap_deviation_mean time_gap_acceleration_median ProductCD addr2 P_emaildomain card_device_degree card_addr_degree device_card_degree addr_card_degree shared_device_card_count shared_addr_card_count device_connected_fraud_rate addr_connected_fraud_rate network_risk_mean network_risk_max network_risk_gap network_risk_product device_card_novelty addr_card_novelty pagerank_centrality clustering_coefficient
feature_infos=[1.8959999999999999:4007.9499999999998] [1009:18390] [0:600] [-999:536] [0:22] [0:57] [0:664] [0:8909] [0:79639.109999999753] [1.8959999999999999:4007.9499999999998] [0.0094848163897627222:99.407744874715263] [0:314181] [0:1] [0:1] [-1:314181] [-0.090909090909090912:508.112462006079] [-0.090909090909090912:45.435971127488642] [-245413:284127] none -1:0:2 -1:17:0:49:19:2:3:10:21:33:29:45:4:40:9:23:54:5:28:11:50:32:39:24:38:16:20:27:15:12:22:46:26:47:35:1:30:43:8:14:42:7:13:18:36:37:44 [0:39] [0:50] [0:268] [0:291] [0:268] [0:290] [0.0011738416191106357:0.46849121574396296] [0.00054340163129169708:0.097781339539581305] [0.0014549910020293295:0.24780347857270932] [0.0018077160934303789:0.46849121574396296] [0:0.44137547434250729] [1.9925838258824333e-06:0.012703486654966884] [0:1] [0:1] [3.1554059276719312e-05:0.016610786231532775] [0.0016613700968624492:1]
tree_sizes=3309 3348 3355 3395 3398 3367 3422 3417 3405 3414 3397 3414 3418 3430 3446 3448 3434 3407 3414 3415 3447 3432 3443 3431 3441 3436 3425 3403 3434 3465 3464 3432 3465 3438 3448 3436 3441 3482 3459 3439 3472 3434 3465 3471 3478 3486 3464 3448 3458 3463 3474 3459 3504 3460 3447 3447 3487 3475 3458 3448 3463 3472 3468 3406 3440 3456 3472 3463 3467 3502 3456 3428 3485 3415 3459 3462 3445 3462 3472 3466 3450 3413 3466 3490 3450 3448 3444 3476 3416 3429 3434 3461 3469 3412 3474 3437 3420 3450 3430 3479 3480 3465 3430 3409 3525

Tree=0
num_leaves=31
num_cat=0
split_feature=31 32 11 11 0 1 1 8 3 0 23 0 23 11 21 10 6 24 30 9 11 3 25 1 10 21 1 31 0 2
split_gain=472.528 175.082 125.123 92.9611 89.2389 109.018 146.614 116.413 37.9279 54.7557 141.882 38.3961 53.5583 36.6084 36.2914 41.7967 43.2676 43.5711 32.4916 38.8543 24.8034 23.3189 22.0371 21.7005 36.2068 19.6896 18.9637 18.1939 19.3386 33.8454
threshold=0.070727465435075007 0.00089212830434827765 73.500000000000014 388.50000000000006 40.120000000000012 5369.5000000000009 4462.0000000000009 183.95000000000005 122.50000000000001 82.970000000000013 20.500000000000004 108.97500000000001 21.500000000000004 78.500000000000014 5.5000000000000009 0.70615009105136461 22.500000000000004 62.500000000000007 0.081967059595091957 34.496250000000003 5416.5000000000009 442.50000000000006 98.500000000000014 10619.000000000002 1.8725169870456766 8.5000000000000018 14688.000000000002 1.0000000180025095e-35 30.014500000000002 514.50000000000011
decision_type=2 2 8 10 2 2 2 2 2 2 2 2 2 8 2 2 2 2 2 10 8 2 2 2 2 2 2 2 2 2
left_child=1 8 -3 -2 22 6 18 -8 9 27 26 -10 14 -14 -13 25 17 -17 19 -6 -19 -15 -4 24 -7 -16 -11 28 -1 -30
right_child=3 2 4 -5 5 23 7 -9 11 10 -12 12 13 21 15 16 -18 20 -20 -21 -22 -23 -24 -25 -26 -27 -28 -29 29 -31
leaf_value=-3.5766068571513805 -2.1152715235864945 -2.7891705245287017 -3.584422539625375 -2.9779784342754363 -3.491148650510159 -3.5178238192974547 -3.180272623289798 -2.1669626401360413 -3.6073701401487233 -3.5453924147905447 -2.5891067586239829 -3.5906712424931131 -3.0547013808782069 -3.5074445712918716 -2.999763962323136 -3.0433350184185368 -3.5924650810641841 -3.598292680265224 -3.6315442757064513 -2.9779784342754363 -3.2524760876764622 -3.1941579049026183 -3.2524760876764631 -3.5525717365335368 -3.0984796362892797 -3.4041033628884581 -3.2366815798418798 -3.6243101499806882 -3.3156541190147939 -3.6315442757064513
leaf_weight=5.4607588369399362 0.52760954946279415 0.71227289177477615 9.5497328452765942 0.76503384672105312 0.71227289177477249 1.3190238736569884 0.5539900269359348 0.58037050440907478 225.44756048545241 2.3214820176362991 0.52760954946279515 85.63102987781167 0.60675098188221355 4.4319202154874802 0.55399002693593391 0.76503384672105168 7.676718944683671 1.5036872159689667 0.73865336924791325 0.76503384672105312 0.79141432419419278 0.68589241430163372 0.52760954946279603 3.7987887561321259 0.8441752791404723 0.65951193682849407 0.6331314593553542 6.911685097962617 2.3742429725825791 1.3190238736569879
leaf_count=207 20 27 362 29 27 50 21 22 8546 88 20 3246 23 168 21 29 291 57 28 29 30 26 20 144 32 25 24 262 90 50
internal_value=-3.58015 -3.5835 -3.44002 -2.62585 -3.46393 -3.35234 -3.12413 -2.66183 -3.59178 -3.52412 -3.34437 -3.5958 -3.57056 -3.42192 -3.57928 -3.49766 -3.52909 -3.37012 -3.36078 -3.2254 -3.47905 -3.46546 -3.56704 -3.48059 -3.35418 -3.21951 -3.47924 -3.56308 -3.51684 -3.42847
internal_weight=369.696 368.403 20.1019 1.29264 19.3897 9.31231 3.35032 1.13436 348.301 19.5479 3.48222 328.754 103.306 5.72456 97.5814 11.9504 10.7369 3.06014 2.21596 1.47731 2.2951 5.11781 10.0773 5.96199 2.1632 1.2135 2.95461 16.0657 9.15403 3.69327
internal_count=14014 13965 762 49 735 353 127 43 13203 741 132 12462 3916 217 3699 453 407 116 84 56 87 194 382 226 82 46 112 609 347 140
is_linear=0
shrinkage=1


Tree=1
num_leaves=31
num_cat=0
split_feature=32 2 11 2 25 11 3 0 23 0 23 21 9 21 23 23 35 0 8 23 10 17 36 9 21 6 22 24 21 1
split_gain=221.436 89.3723 91.8115 48.8031 34.6633 39.346 31.9282 35.3949 40.0629 32.5869 49.2908 29.3617 29.9453 27.7046 27.3705 26.7725 60.6474 24.2569 21.7676 20.438 19.2041 17.9038 29.362 26.0641 18.8126 17.7563 17.9113 29.0491 21.2828 17.2529
threshold=0.00089212830434827765 510.50000000000006 139.50000000000003 499.50000000000006 5.5000000000000009 2462.5000000000005 122.50000000000001 108.97500000000001 21.500000000000004 82.970000000000013 31.500000000000004 5.5000000000000009 226.47227272727275 8.5000000000000018 73.500000000000014 51.500000000000007 0.00013528083530354957 427.71000000000009 3916.7149999999992 1.5000000000000002 1.0222036277211946 172.50000000000003 0.048375625200752538 39.999928571428576 12.500000000000002 26.500000000000004 13.500000000000002 209.50000000000003 9.5000000000000018 15883.500000000002
decision_type=2 2 8 2 2 10 2 2 2 2 2 2 10 2 2 2 2 2 2 2 2 2 2 8 2 2 2 2 2 2
left_child=6 2 20 4 5 -4 9 -8 11 -1 29 -9 25 17 -5 16 -10 -14 -17 -7 -2 -6 24 -24 -23 26 -13 28 -28 -11
right_child=1 -3 3 14 21 19 7 8 15 10 -12 12 13 -15 -16 18 -18 -19 -20 -21 -22 22 23 -25 -26 -27 27 -29 -30 -31
leaf_value=0.015600687509551518 0.32552876881813281 -0.016235468350457555 0.10870859810385745 0.4826868565560285 0.0053896603141333601 0.23082137227792199 -0.026551137381959196 -0.010097118699919702 0.5644504245246863 0.032377953324856802 0.49599413087050526 -0.0069332826189209126 0.57463082311894387 0.056290361048325313 0.17105140369603242 -0.0069830911894749872 0.06799707665378521 0.16148446127097157 0.29627879918058597 0.5948217476663743 0.57878397678989868 -0.027954301506707337 0.51375761378881535 0.093492633523702129 0.29366864702715578 -0.032647516522400936 0.32639729072170143 0.46991332360220028 -0.01664491078219682 0.30972509062608766
leaf_weight=16.407012576237324 1.5799477975815599 7.0632045529782763 2.469677476212385 1.4934281688183539 6.1318967416882497 0.70574435032904126 219.71361443772912 84.782979279756546 0.97362983226776068 2.9706710577011104 0.90950679779052723 2.2255822047591192 0.71779661439359121 1.391628550365567 1.3338879235088823 3.3562732301652431 1.6708936542272566 0.70345496945083141 0.71836619451642025 0.850205447524786 1.4224826693534849 2.1135686263442044 0.79319716989994016 0.68971773236989986 0.57928222231566895 5.3276189733296633 0.6612080931663521 0.6710344124585389 1.4299647379666565 0.69120004773139943
leaf_count=609 28 244 60 38 208 18 8546 3246 30 99 14 68 18 50 29 110 54 23 23 24 26 73 18 25 20 201 22 22 49 19
internal_value=-0.000462391 0.136822 0.190439 0.14581 0.108361 0.232783 -0.0112863 -0.0151529 0.00878231 0.0484945 0.166553 0.000677301 0.0702589 0.214869 0.335662 0.126888 0.250775 0.370142 0.0464825 0.429719 0.445515 0.0597689 0.139622 0.318288 0.0412328 0.0308256 0.0986233 0.183673 0.0918216 0.0847289
internal_weight=372.549 27.2262 20.163 17.1606 14.3333 4.02563 345.322 324.344 104.63 20.9784 4.57138 97.9113 13.1283 2.81288 2.82732 6.71916 2.64452 1.42125 4.07464 1.55595 3.00243 10.3077 4.17577 1.48291 2.69285 10.3154 4.98779 2.76221 2.09117 3.66187
internal_count=14014 811 567 513 446 102 13203 12462 3916 741 132 3699 453 91 67 217 84 41 133 42 54 344 136 43 93 362 161 93 71 118
is_linear=0
shrinkage=0.05


Tree=2
num_leaves=31
num_cat=0
split_feature=32 2 35 11 3 0 23 9 1 9 21 35 21 23 2 0 27 9 35 26 23 23 7 16 2 10 2 1 1 1
split_gain=173.636 58.8766 49.302 52.2691 27.9621 32.5874 30.5685 26.2773 34.4154 25.8193 41.1658 62.208 24.561 23.8919 23.447 23.0603 29.0368 19.3001 23.7945 21.6822 33.3949 30.7161 19.085 20.1749 18.2583 18.2405 17.8725 16.6769 18.6356 57.6518
threshold=0.00089212830434827765 510.50000000000006 0.0014801442680262456 88.500000000000014 122.50000000000001 108.97500000000001 21.500000000000004 25.007000000000001 5369.5000000000009 237.26083333333338 2.5000000000000004 0.0017974191917181595 13.500000000000002 84.500000000000014 458.50000000000006 82.970000000000013 0.026234815736394659 124.3759038800704 4.1460408531381256e-05 58.500000000000007 51.500000000000007 124.50000000000001 30.95000000000039 0.96928161641418276 176.50000000000003 1.0333950844881701 513.50000000000011 4091.5000000000005 3370.0000000000005 3533.0000000000005
decision_type=2 2 2 8 2 2 2 10 2 10 2 2 2 2 2 2 2 8 2 2 2 2 2 2 2 2 2 2 2 2
left_child=4 2 3 -2 15 27 9 14 13 -7 -11 -12 22 -9 -5 -1 -17 -8 -19 -20 -21 -22 23 24 -10 26 -13 28 -6 -30
right_child=1 -3 -4 7 5 6 17 8 12 10 11 25 -14 -15 -16 16 -18 18 19 20 21 -23 -24 -25 -26 -27 -28 -29 29 -31
leaf_value=0.014598424153716691 0.36797864143582237 -0.015666491649423086 -0.036241986201575073 -0.0035559223445112568 -0.01040134086175664 -0.0093344052810267909 -0.027380082052688732 0.33899794397212579 0.061352680724902922 -0.0013280243627884698 0.5277452456745827 0.062648895954821718 0.37054613940086617 0.095037839541433355 0.27660654105929905 0.34462701892108433 0.06950423886538902 -0.052238866867390592 0.027476704731715262 0.44371002173944307 -0.051745901313154832 0.37801135568963112 -0.031341983114089748 0.025018798576121638 0.348492932985212 -0.051610373586655579 0.35685121984653062 -0.031922828541779191 0.46151740353214371 0.021014046372676676
leaf_weight=16.650288145989183 3.0593327693641283 6.9565105959773055 3.1138906795531502 4.11075231432915 28.104111516848207 85.557735588401556 2.0482795499265185 4.054436117410658 0.87894244492054019 7.9940668456256372 1.0344770383089779 1.3041932024061687 0.82565955072641362 1.3337114378809927 0.9125959277153014 1.2524244580417869 4.0939913783222428 1.1395825259387491 1.2589005418121813 1.5106721650809052 1.02944865450263 0.69747404009103764 2.4038683045655489 1.9447859842330215 1.4957579877227543 1.4205485023558138 0.854401584714651 180.43290864117444 0.87747002951800723 4.8386204484850168
leaf_count=609 33 244 86 126 1121 3252 64 65 24 309 31 38 17 24 25 21 111 31 36 34 33 19 71 57 39 49 20 7197 35 193
internal_value=-0.000641327 0.112492 0.149433 0.176939 -0.0109229 -0.0146702 0.00802685 0.144398 0.182084 0.00050913 0.0673089 0.186237 0.113186 0.278611 0.0473414 0.0436082 0.133953 0.104064 0.151833 0.203553 0.272018 0.121826 0.0815814 0.144425 0.242214 0.0875309 0.179098 -0.0258834 0.00633723 0.0886352
internal_weight=373.19 31.0902 24.1337 21.0198 342.1 320.103 105.85 17.9605 12.9372 98.1654 12.6077 4.61362 7.54901 5.38815 5.02335 21.9967 5.34642 7.68436 5.63608 4.4965 3.23759 1.72692 6.72335 4.31949 2.3747 3.57914 2.15859 214.253 33.8202 5.71609
internal_count=14014 811 567 481 13203 12462 3916 448 297 3699 447 138 208 89 151 741 132 217 153 122 86 52 191 120 63 107 58 8546 1349 228
is_linear=0
shrinkage=0.05


Tree=3
num_leaves=31
num_cat=1
split_feature=32 36 35 0 11 0 19 21 9 10 17 34 32 0 21 17 35 17 17 0 16 10 36 8 12 17 2 16 10 1
split_gain=143.379 59.9576 53.5219 37.2212 30.2339 29.3944 35.6654 21.2494 21.7891 18.128 16.664 15.9359 30.6469 16.6351 27.9384 15.9284 24.8371 26.4837 23.7251 16.3622 23.6297 15.3382 15.104 14.3862 13.3379 13.2557 19.8279 13.201 15.7401 12.2101
threshold=0.00073431656394937152 0.01483869588809133 0.00019991344294943483 170.19200000000004 332.50000000000006 75.051000000000016 0 5.5000000000000009 166.29238461538463 0.22835855998783841 85258.000000000015 1.0000000180025095e-35 0.00033848132528734005 409.42500000000001 8.5000000000000018 1564.5000000000002 0.00036632074919075056 -8653.4999999999982 19543.000000000004 82.970000000000013 1.4565256413708267 0.63117663824157944 0.11602564102564104 4548.5295000000051 1.0000000180025095e-35 -85185.999999999985 332.50000000000006 0.0077731118694349182 1.2945370150369953 4439.5000000000009
decision_type=2 2 2 2 8 2 9 2 10 2 2 2 2 2 2 2 2 2 2 2 2 2 2 2 2 2 2 2 2 2
left_child=5 -2 3 -3 21 -1 -7 10 -9 -6 25 12 -10 14 -14 16 17 -11 19 20 24 -4 -12 -16 -17 26 -8 -23 -29 -27
right_child=1 2 4 -5 9 6 7 8 11 15 22 -13 13 -15 23 18 -18 -19 -20 -21 -22 27 -24 -25 -26 29 -28 28 -30 -31
leaf_value=-0.028798460498159619 -0.032134405381777441 -0.0034125736733595716 0.097410806736078506 0.29590662518080307 -0.051929878106242736 0.22389351830905682 0.35590156449391214 0.004064735453009889 0.42307687078711498 0.42803143854414261 0.32856397183457059 -0.010404248609710761 0.31316376745206598 -0.051616714117826146 0.22925672979747663 0.19292465910242404 0.035423029934909804 0.096134368767829215 0.03342510582575605 0.37147920288148417 0.36559303330910725 0.38272001135908995 0.043282194523656878 -0.0079031966330603571 0.010110801373115456 0.019654069973082916 -0.0030169833822362947 0.29068856504626944 0.06957334178059521 -0.019249354861433792
leaf_weight=155.59584302082658 10.171618791297076 12.380478426814078 1.6242962963879133 1.133742183446883 1.5496960710734153 1.7825835552066565 0.61254440248012443 14.359245188534262 0.84053207933902552 0.93448008969426188 0.65665028057992403 2.3588353432714939 1.6345880609005687 1.3813063744455574 0.88886579126119647 2.60359906964004 7.4090365339070559 1.6845323350280539 2.2833067812025547 1.4069089367985723 1.3150861430913208 1.8120397645980117 1.5811300612986086 2.2788063492625952 1.6176037155091747 24.595976473763585 1.0348975807428358 2.432137463241816 1.2029046714305875 112.05855864100158
leaf_count=6344 338 404 27 17 49 22 21 511 22 21 23 63 34 48 27 44 219 49 56 25 33 18 60 77 53 923 41 34 24 4387
internal_value=-0.000775681 0.0766287 0.103357 0.0216981 0.142946 -0.0131834 0.00144723 -0.000966485 0.0427845 0.112588 -0.00835759 0.10204 0.139801 0.101295 0.145278 0.125829 0.0822073 0.214557 0.17324 0.219219 0.180525 0.232262 0.126995 0.0586452 0.122869 -0.0105476 0.130434 0.272474 0.217517 -0.0122473
internal_weight=373.222 51.5615 41.3898 13.5142 27.8756 321.66 166.065 164.282 23.7422 20.8042 140.54 9.38293 7.0241 6.18357 4.80226 19.2546 10.028 2.61901 9.2265 6.9432 5.53629 7.07138 2.23778 3.16767 4.2212 138.302 1.64744 5.44708 3.63504 136.655
internal_count=14014 1411 1073 421 652 12603 6259 6237 782 549 5455 271 208 186 138 500 289 70 211 155 130 103 83 104 97 5372 62 76 58 5310
cat_boundaries=0 1
cat_threshold=4
is_linear=0
shrinkage=0.05


Tree=4
num_leaves=31
num_cat=0
split_feature=32 36 8 10 0 3 27 25 21 9 1 2 23 23 28 24 35 36 8 32 34 31 1 2 17 0 0 2 16 3
split_gain=121.583 47.4468 40.0925 30.5656 27.4365 27.0927 18.5807 22.4997 18.3082 16.6728 16.6404 15.7877 15.0392 16.4504 17.8635 29.6942 14.0415 13.341 20.2604 12.705 11.3601 18.5159 11.23 17.0972 11.2374 24.4244 10.6628 33.8629 38.4125 35.0935
threshold=0.00073431656394937152 0.01483869588809133 176.46850000000003 0.50001953277599831 75.051000000000016 1.0000000180025095e-35 0.060681375860826954 74.500000000000014 5.5000000000000009 166.29238461538463 3829.5000000000005 127.50000000000001 21.500000000000004 51.500000000000007 0.018460228569468811 58.500000000000007 7.9111863644352277e-05 0.038590220050475917 605.05200000000013 0.0025403735747058574 1.0000000180025095e-35 0.012440808015542133 7509.5000000000009 1.0000000180025095e-35 67693.500000000015 48.960000000000008 80.058500000000024 480.50000000000006 0.26365302195059964 324.50000000000006
decision_type=2 2 2 2 2 2 2 2 2 10 2 2 2 2 2 2 2 2 2 2 2 2 2 2 2 2 2 2 2 2
left_child=4 -2 6 19 22 -6 -3 16 12 -10 -5 -12 26 14 15 -14 -8 18 -13 -4 21 -11 23 -1 -25 -26 27 -7 29 -29
right_child=1 2 3 10 5 8 7 -9 9 20 11 17 13 -15 -16 -17 -18 -19 -20 -21 -22 -23 -24 24 25 -27 -28 28 -30 -31
leaf_value=0.19599970531964409 -0.031480406259247667 0.0069441551355966724 -0.00014723195126461848 0.3076805332110536 0.17963796890246783 -0.028354068424998019 0.027018682845617245 -0.051630279078355927 0.0038464425654134472 0.075022914264236518 0.0044265433234340927 0.0041801393811738445 0.039049645846188592 -0.0021645335695634422 -0.052250936488274405 0.34789435735345692 0.22517627769061585 0.2067993489305523 0.1766814016293371 0.22794772247880779 -0.0099791268133905264 0.25867799452212731 -0.037072699847701299 -0.016515571622335246 -0.051300211646930952 0.37177345504557796 -0.015934019202552052 0.16160749741550515 -0.051277762916855922 0.69938461133464458
leaf_weight=1.0104085542261589 9.8714802358299476 14.419830163940789 4.8218465484678772 1.7839030940085674 2.1022306215018025 4.3621342591941348 1.2443571388721455 1.5573435705155132 14.414004117250444 6.2569897472858411 1.7394304014742399 2.6661802139133206 1.6270481273531898 6.0742142051458359 1.0430023539811371 1.4918940998613832 3.1750707179307938 8.2736166007816774 4.7077098600566387 0.69899821653962124 2.336929937824606 1.7579855415970085 105.83295148424804 43.154006447643042 0.80710161104798206 0.59089443646371365 122.86617559567094 0.70460132323205493 0.8009336907416581 0.53272405453026295
leaf_count=39 338 450 150 25 22 180 32 53 511 171 43 75 44 221 30 26 45 112 81 7 63 37 4462 1786 33 24 4872 29 33 20
internal_value=-0.000859883 0.0678064 0.089544 0.132396 -0.0127362 0.00127898 0.037668 0.111794 -0.00100357 0.0386132 0.16225 0.147328 -0.00803674 0.0503032 0.126878 0.18678 0.169382 0.163214 0.11431 0.028732 0.0870226 0.115305 -0.0281377 -0.00738326 -0.0119958 0.127521 -0.0126565 0.0502615 0.218509 0.393145
internal_weight=372.726 54.9598 45.0883 24.6917 317.766 166.371 20.3966 5.97677 164.269 24.7659 19.1708 17.3869 139.503 10.2362 4.16194 3.11894 4.41943 15.6475 7.37389 5.52084 10.3519 8.01498 151.395 45.5624 44.552 1.398 129.267 6.40039 2.03826 1.23733
internal_count=14014 1411 1073 493 12603 6259 580 130 6237 782 336 311 5455 321 100 70 77 268 156 157 271 208 6344 1882 1843 57 5134 262 82 49
is_linear=0
shrinkage=0.05


Tree=5
num_leaves=31
num_cat=0
split_feature=32 36 8 0 10 0 1 9 21 23 32 16 2 2 9 21 8 9 16 28 9 0 23 27 31 22 26 11 17 23
split_gain=104.835 38.7076 30.6698 25.898 22.199 18.2764 17.4828 16.9211 15.7706 17.0671 15.4851 13.2178 13.117 14.9024 21.4455 21.284 14.4208 14.6802 14.2038 11.4215 13.3417 11.0883 10.9572 12.0627 10.2185 10.2099 13.8877 11.9404 12.1544 11.6162
threshold=0.00073431656394937152 0.01483869588809133 70.043500000000009 108.97500000000001 0.50001953277599831 15.052500000000002 7861.5000000000009 131.47812500000026 5.5000000000000009 20.500000000000004 0.0025403735747058574 7.9669420373579785 110.50000000000001 195.00000000000003 34.496250000000003 1.5000000000000002 677.5500000000003 33.966666666666676 1.9666324384886462 0.024132339923142138 275.03444444444449 46.511500000000005 51.500000000000007 0.020815036577233711 0.070727465435075007 11.500000000000002 24.500000000000004 5416.5000000000009 6215.0000000000009 160.50000000000003
decision_type=2 2 2 2 2 2 2 8 2 2 2 2 2 2 10 2 2 10 2 2 8 2 2 2 2 2 2 10 2 2
left_child=3 -2 24 6 10 -6 -1 12 9 11 -4 19 -7 16 -15 -16 17 -14 21 -5 -21 -17 23 -11 -3 -10 -27 29 -29 -28
right_child=1 2 4 8 5 7 -8 -9 25 22 -12 -13 13 14 15 18 -18 -19 -20 20 -22 -23 -24 -25 -26 26 27 28 -30 -31
leaf_value=-0.0028298004165019496 -0.030822452277219317 0.0033896250751889317 -0.0088803962065988271 -0.011960138492954568 0.3005229537076452 -0.026800703239306979 -0.033373320347731099 0.25181432283217819 -0.035591133434447315 0.21146949752841976 0.18827250196251755 0.24870878635925503 0.36184911548339493 -0.023883814816327967 -0.05282567066941362 0.058960404842020378 0.091756329614066282 0.16573260951881302 -0.014199896432663024 -0.0025827619123119025 0.27319901646036765 0.19956785206517857 -0.0006492089432715741 0.040845463790752705 0.16174767482492056 0.22654975269857031 0.023059075392899142 0.31516440099382437 0.05234520376697567 0.23263509731442411
leaf_weight=71.986558331176639 9.5854294653981906 12.666250692680475 5.8031368795782319 79.994432682171464 1.4021319467574382 1.7919604796916306 134.17290983721614 2.0854035541415206 2.966165084391835 2.0598725043237209 1.2023230567574499 0.49995712377130885 1.4298142287880207 3.4867000225931397 1.5620293021202076 1.7839443199336509 3.2796801179647446 2.8686448447406292 1.2047129571437825 1.0221937764435993 0.76808110624551784 6.5510150697082281 2.9313863646239042 2.0837289392948142 1.107794281095267 1.2343504056334484 11.902252634987232 0.81533280573785194 0.95536224357783794 0.70007275789976198
leaf_count=2926 338 410 182 3171 25 44 5757 23 87 33 10 20 18 88 39 43 42 39 22 38 23 80 93 34 8 17 344 19 26 15
internal_value=-0.00093078 0.0609465 0.0791867 -0.0123197 0.104399 0.124676 -0.0227082 0.115209 0.00752287 -0.00119063 0.0249563 -0.00759804 0.103319 0.113838 0.08429 0.118264 0.17072 0.230968 0.146278 -0.00916486 0.115736 0.169473 0.0733299 0.125666 0.0161258 0.0494446 0.0656056 0.0517838 0.173363 0.0347012
internal_weight=371.904 57.811 48.2255 314.093 34.4515 27.446 206.159 26.0439 107.933 89.3597 7.00546 82.2847 23.9585 22.1665 14.5884 11.1017 7.57814 4.29846 9.53967 81.7847 1.79027 8.33496 7.07499 4.1436 13.774 18.5735 15.6074 14.373 1.7707 12.6023
internal_count=14014 1411 1073 12603 655 463 8683 438 3920 3412 192 3252 415 371 272 184 99 57 145 3232 61 123 160 67 418 508 421 404 45 359
is_linear=0
shrinkage=0.05


Tree=6
num_leaves=31
num_cat=1
split_feature=32 2 36 0 19 11 2 9 21 24 3 34 7 3 23 15 24 0 10 16 1 0 2 7 36 17 21 32 1 2
split_gain=90.9893 31.8341 23.9388 22.7969 21.2929 17.3183 18.022 14.1697 17.2694 23.2878 14.6592 16.9833 21.2376 15.0582 13.5569 13.6278 12.9738 11.9093 13.7775 12.6539 11.8465 11.7432 22.1709 23.8503 12.253 10.7971 12.133 15.0626 10.5467 12.9576
threshold=0.00069350066424637871 510.50000000000006 0.01483869588809133 75.051000000000016 0 332.50000000000006 499.50000000000006 237.26083333333338 1.0000000180025095e-35 18.500000000000004 312.50000000000006 1.0000000180025095e-35 869.23500000000024 164.00000000000003 21.500000000000004 36.484161527358815 126.50000000000001 149.97500000000002 1.2641615929575034 3.1226555891410253 3829.5000000000005 80.058500000000024 480.50000000000006 59.166500000000006 0.25238095238095243 1630.5000000000002 11.500000000000002 0.0017126918710805101 7509.5000000000009 1.0000000180025095e-35
decision_type=2 2 2 2 9 8 2 10 2 2 2 2 2 2 2 2 2 2 2 2 2 2 2 2 2 2 2 2 2 2
left_child=3 2 -2 28 -5 -4 20 14 -9 -10 13 12 16 -11 15 21 -12 19 -19 -16 -7 22 -6 24 -24 -22 27 -27 29 -1
right_child=1 -3 5 4 7 6 -8 8 9 10 11 -13 -14 -15 17 -17 -18 18 -20 -21 25 -23 23 -25 -26 26 -28 -29 -30 -31
leaf_value=0.15464622716917339 -0.031872990829156282 -0.016643147408781932 0.13823176257619024 0.16127797212524475 -0.016692775657149071 0.13580138237739731 0.1404901290110496 -0.022434652975605679 0.31348087502247468 0.12587690819785446 0.18236144292214707 -0.051823209653413221 -0.053860127515698512 -0.041520311504878699 -0.027038248733954925 0.24913002693706013 0.43647984368140835 0.14815239511100736 0.002352039071192716 0.22643434367922533 0.0099475269168670718 -0.016162474264610618 -0.051535536075586807 0.44374722195936606 0.20526004436517198 -0.0015827662046717919 0.22237906485971326 0.13758003630907309 -0.035917119615356215 -0.011136312769766885
leaf_weight=1.2113940678536881 5.0186862479895344 12.787344951182602 10.869880797341464 2.0344462767243385 4.3447527214884749 3.3903342336416271 6.5390569139271966 6.9239702299237278 0.95879876427352329 1.9202739298343638 1.6843218784779317 0.97654059343039978 0.70583310723304737 4.4722367525100708 6.0438818130642158 0.49909955263137717 0.71568638272583474 3.9487572945654392 2.7477817758917809 0.53605124168097962 15.093143470585348 123.56782082095742 0.89084706641733669 0.60494433529674996 0.97067177854478359 4.7177432999014837 1.2650224529206742 3.3077195212244987 98.387551242485642 43.612446365877986
leaf_count=39 170 444 113 19 188 67 94 279 35 39 36 32 18 129 224 19 20 79 75 16 415 4934 33 18 27 120 24 50 4430 1828
internal_value=-0.000965778 0.0537861 0.0717258 -0.0121719 0.000523582 0.0832331 0.0658102 -0.00148886 0.0398837 0.0776223 0.0560334 0.13005 0.187235 0.00876486 -0.00675753 -0.0116412 0.25814 0.0413849 0.0883263 -0.00638845 0.0482277 -0.0126394 0.0512752 0.171003 0.0823681 0.0360514 0.0784592 0.0557736 -0.0267586 -0.00665593
internal_weight=370.747 62.9889 50.2016 307.758 164.547 45.1829 34.313 162.512 18.3577 11.4337 10.4749 4.08238 3.10584 6.39251 144.155 130.878 2.40001 13.2765 6.69654 6.57993 27.774 130.379 6.81122 2.46646 1.86152 24.3836 9.29049 8.02546 143.211 44.8238
internal_count=14014 1497 1053 12517 6220 883 770 6201 588 309 274 106 74 168 5613 5219 56 394 154 240 676 5200 266 78 60 609 194 170 6297 1867
cat_boundaries=0 1
cat_threshold=4
is_linear=0
shrinkage=0.05


Tree=7
num_leaves=31
num_cat=1
split_feature=32 35 8 0 10 1 9 9 21 23 31 20 9 2 16 2 10 2 25 25 24 34 35 36 24 22 35 8 24 9
split_gain=79.7231 27.0731 22.3209 21.2764 20.7071 15.6438 13.8587 13.8157 12.6494 14.1592 12.0966 10.4733 39.598 39.1558 13.5694 12.6655 10.2761 10.3145 10.4822 14.6494 9.3136 11.917 11.221 13.753 9.61513 11.5373 10.2338 9.32801 10.0692 9.04131
threshold=0.00069350066424637871 0.0016681556461515777 111.12200000000001 108.97500000000001 0.50001953277599831 7861.5000000000009 129.10846220930253 75.976666666666645 5.5000000000000009 20.500000000000004 0.070727465435075007 0 252.39487878787887 319.00000000000006 7.9669420373579785 560.50000000000011 2.9073238557484875 110.50000000000001 2.5000000000000004 39.500000000000007 70.500000000000014 1.0000000180025095e-35 0.0018778914699614541 0.0077117933574666125 209.50000000000003 14.500000000000002 0.0019802755951150611 8390.6700000000183 134.50000000000003 57.95000000000001
decision_type=2 2 2 2 2 2 10 10 2 2 2 9 10 2 2 2 2 2 2 2 2 2 2 2 2 2 2 2 2 10
left_child=3 2 10 5 29 -1 7 16 9 11 -2 12 15 -14 -13 -5 17 -6 -19 -20 21 22 -10 -24 27 -26 -27 -22 -29 -4
right_child=1 -3 4 8 6 -7 -8 -9 20 -11 -12 14 13 -15 -16 -17 -18 18 19 -21 24 -23 23 -25 25 26 -28 28 -30 -31
leaf_value=-0.0027474777119926323 0.0038163496069710968 -0.030025065144450542 0.060305758305995605 -0.0048913600794984633 -0.0017064343119095099 -0.03212803855075675 0.2056703257157278 -0.053388780166488792 0.24500583487097624 0.063318109016078511 0.12559109008215119 -0.017972418098403831 0.024243154405740288 0.55392393732704959 0.23965481963934213 0.26145242225791709 -0.022914488245998149 0.17254793059544954 -0.029788513410313595 0.11548269265740088 -0.037457036563960003 -0.0038082977520776662 0.18893961800755041 -0.053850632524376607 -0.052339584026244883 0.26082601866288607 0.056908790085634979 0.17051453024253113 -0.019320300538679457 -0.052206167823991845
leaf_weight=70.801140315830708 16.902778489515189 9.2760739549994451 3.906293721869587 6.4571560304611904 1.9264114517718685 125.82149263843894 2.9812775775790206 1.539626458659767 1.6407585125416546 7.6086367629468432 2.3191391043364993 71.948503110557795 0.65830049104988553 0.7423663754016161 0.5147715974599113 0.47949758358299721 1.5708972103893746 6.4306455552577999 1.997757228091358 13.214486336335538 6.907388022169469 2.0425053033977747 1.2371461614966395 1.1035782527178524 1.0068214312195771 1.1146033443510535 1.3734270706772802 1.3286483082920315 1.4728987943381069 3.2889134231954813
leaf_count=2900 510 346 96 260 46 5719 30 35 19 154 15 2906 23 21 16 19 28 98 39 151 218 50 27 23 31 22 43 25 41 103
internal_value=-0.0010035 0.0491006 0.062189 -0.0117657 0.0849699 -0.0215485 0.103429 0.0920038 0.0061046 -0.00188896 0.0185086 -0.00802922 0.0284096 0.304979 -0.0141848 0.0135197 0.100908 0.109161 0.119029 0.0964049 0.0428589 0.0943784 0.144748 0.0744716 0.0193541 0.0904705 0.148261 -0.0062451 0.0707099 0.0088768
internal_weight=369.614 65.3543 56.0782 304.26 36.8563 196.623 29.6611 26.6798 107.637 88.4092 19.2219 80.8006 8.33732 1.40067 72.4633 6.93665 25.1402 23.5693 21.6429 15.2122 19.2278 6.02399 3.98148 2.34072 13.2038 3.49485 2.48803 9.70894 2.80155 7.19521
internal_count=14014 1497 1151 12517 626 8619 427 397 3898 3399 525 3245 323 44 2922 279 362 334 288 190 499 119 69 50 380 96 65 284 66 199
cat_boundaries=0 1
cat_threshold=268992520
is_linear=0
shrinkage=0.05


Tree=8
num_leaves=31
num_cat=1
split_feature=32 2 0 19 35 11 21 17 17 29 2 17 29 1 17 22 9 8 11 0 0 17 0 1 0 2 16 11 3 36
split_gain=70.2071 23.8057 20.205 16.9909 15.6178 13.4098 11.9669 13.1881 10.9241 13.5135 10.8487 10.8561 10.4089 9.80675 12.9447 19.7707 10.8755 25.504 9.59295 9.57729 9.07258 10.1861 9.05535 19.6792 9.0478 18.5789 15.0221 17.8957 8.49241 13.0165
threshold=0.00069350066424637871 514.50000000000011 75.051000000000016 0 0.0016681556461515777 332.50000000000006 5.5000000000000009 85258.000000000015 -85185.999999999985 0.023271493562506556 499.50000000000006 -5861.9999999999991 0.022498505634962036 7861.5000000000009 67693.500000000015 1.5000000000000002 349.90000000000003 3447.5800000000004 122772.00000000001 48.668500000000002 170.19200000000004 1630.5000000000002 12.366000000000001 3683.5000000000005 80.058500000000024 480.50000000000006 0.26365302195059964 100.50000000000001 442.50000000000006 0.013825976348710951
decision_type=2 2 2 9 2 8 2 2 2 2 2 2 2 2 2 2 10 2 10 2 2 2 2 2 2 2 2 10 2 2
left_child=2 4 13 -4 5 -2 7 8 9 -5 20 -12 28 14 22 -16 -15 -18 -9 -13 21 -7 23 -1 25 -10 27 -27 29 -8
right_child=1 -3 3 6 -6 10 12 18 24 -11 11 19 -14 16 15 -17 17 -19 -20 -21 -22 -23 -24 -25 -26 26 -28 -29 -30 -31
leaf_value=-0.051252484068727483 0.11184051754407805 -0.018634296135431778 0.13621878552020214 -0.0043241469888794428 -0.029717270839406784 0.0062262546857445606 0.015325469632853396 0.24347354910740371 -0.025470330537524552 0.27062422814799053 0.21974919519075647 -0.0087991858192563721 0.0025527882670484427 -0.0377305774940144 0.29457207872052499 -0.051555594599659541 -0.051082084054992205 0.43120545178839542 0.036789071357702027 0.12025418867030986 0.1335454435974649 0.067787283507350304 -0.015881267724826884 0.37439448474895654 -0.014395330806055807 0.099832037563932427 -0.05134872411913758 0.40412080417549306 0.15549716227319216 0.16649702965643481
leaf_weight=0.64332588762044796 12.517812227830289 12.033152764663098 2.2730191610753536 1.0600571129471053 4.5561842173337928 16.860233170911677 7.3244289737194794 0.84209729172289316 3.8936130031943312 0.77260448224842537 1.6210242360830305 2.223546687513589 15.47257214784622 86.115202382206917 0.86643314361572155 0.78757606446743011 0.80864623188972362 0.41469037532806396 1.6842593122273681 4.0673166438937187 2.3249832540750495 11.172063006088136 46.658507550135255 0.46989192999899387 124.07939677685499 1.3117329627275474 0.73312930949032296 0.76497160457074631 2.1364328842610112 1.7675815541297195
leaf_count=27 117 422 19 39 166 450 195 24 177 23 21 44 495 4144 30 28 39 20 58 42 31 204 1989 20 5032 31 30 17 49 31
internal_value=-0.001031 0.0451038 -0.011362 0.000466062 0.0589622 0.0669178 -0.00144053 -0.00748395 -0.00963979 0.111587 0.0522237 0.10437 0.029147 -0.0255556 -0.0077575 0.129759 -0.0356277 0.112405 0.105682 0.0746394 0.0386329 0.0307609 -0.0125188 0.128414 -0.0113385 0.045242 0.143229 0.211919 0.0657933 0.0447148
internal_weight=368.256 67.3763 300.88 164.116 55.3432 50.787 161.843 135.142 132.616 1.83266 38.2692 7.91189 26.701 136.764 49.4257 1.65401 87.3385 1.22334 2.52636 6.29086 30.3573 28.0323 47.7717 1.11322 130.783 6.70345 2.80983 2.0767 11.2284 9.09201
internal_count=14014 1497 12517 6220 1075 909 6201 5431 5349 62 792 107 770 6297 2094 58 4203 59 82 86 685 654 2036 47 5287 255 78 48 275 226
cat_boundaries=0 1
cat_threshold=4
is_linear=0
shrinkage=0.05


Tree=9
num_leaves=31
num_cat=1
split_feature=32 2 0 1 20 2 2 1 27 23 25 23 21 24 9 11 22 8 0 17 29 32 23 2 2 1 15 0 1 3
split_gain=62.1095 20.2798 18.8685 14.2607 13.8586 15.9487 25.0107 17.1804 12.1831 12.4841 10.7934 10.5876 12.3489 13.1304 14.1519 13.5896 21.9953 13.3216 9.14844 8.66654 8.56358 10.8316 10.2943 8.30156 7.81596 21.3982 7.24964 7.24203 24.6354 6.71754
threshold=0.00069350066424637871 514.50000000000011 108.97500000000001 7861.5000000000009 0 489.50000000000006 360.50000000000006 5500.5000000000009 0.065245476252777004 101.50000000000001 5.5000000000000009 20.500000000000004 2.5000000000000004 11.500000000000002 226.47227272727275 9953.5000000000018 11.500000000000002 4951.1499999999996 149.97500000000002 -103621.99999999999 0.024119369341311581 0.00049468399902160252 63.500000000000007 175.00000000000003 1.0000000180025095e-35 5369.5000000000009 9.0478683680758518 890.5250000000002 12830.500000000002 150.00000000000003
decision_type=2 2 2 2 9 2 2 2 2 2 2 2 2 2 10 8 2 2 2 2 2 2 2 2 2 2 2 2 2 2
left_child=2 4 3 24 5 6 7 18 9 -9 -10 12 27 -14 15 -15 -17 -16 -2 -5 21 22 -13 -12 25 -1 -8 -4 -29 -26
right_child=1 -3 11 19 -6 -7 26 8 10 -11 23 20 13 14 17 16 -18 -19 -20 -21 -22 -23 -24 -25 29 -27 -28 28 -30 -31
leaf_value=0.32223885477886927 0.10750069667053452 -0.018020068439699732 -0.014447620868598132 0.13226182918544035 -0.013999703301604681 0.12504188710956507 -0.022374423261733695 0.0032829321138377618 0.14760834055516767 0.18801775772782811 -0.054985005047498196 0.09025357493634048 0.30500594892455424 -0.010709386720581535 0.20605309710911723 -0.015019807459937751 0.29255909992363027 0.046677982912794326 0.22477534793965215 -0.032133139807497914 -0.053750080217949393 0.17739354381418171 -0.033748513932917577 0.11120115816047267 0.034790280098382205 -0.051670851569192267 0.13518194667017269 -0.022773197095209304 0.33989921086205288 -0.011253578158071827
leaf_weight=0.66739315539598354 5.4753108229488161 11.82650303840637 65.065205806866288 0.80716286599635978 9.8461488112807256 10.570037778466938 9.5988942086696589 9.7996725533157605 4.9329461790621272 1.0086653940379608 1.5155700314790013 4.4416611753404123 0.41974390670657413 19.512442894279964 1.6922501754015673 1.3655188996344798 1.0120109282433984 5.8223013933748007 2.3883236423134804 118.33459779247642 1.5949393864721049 1.9176418520510194 2.6857572831213474 1.4905072879046199 9.1293999552726728 0.89678623899817467 0.79020739719271738 1.7520177979022258 0.63902839832007874 59.870422007516026
leaf_count=17 68 422 2670 28 240 128 253 255 30 11 28 66 12 706 23 49 22 112 18 5691 36 31 73 26 343 29 18 72 26 2511
internal_value=-0.00105072 0.0416015 -0.0109738 -0.0204692 0.0538823 0.0585644 0.0554016 0.0810872 0.0550678 0.0205229 0.102098 0.00571755 0.000538204 0.0273297 0.0233659 0.00304235 0.115903 0.0825687 0.143119 -0.0310194 0.0530719 0.0719081 0.043527 0.0274153 -0.00265603 0.107866 -0.0103905 -0.0113071 0.0741542 -0.00516149
internal_weight=366.869 69.2428 297.626 189.706 57.4163 47.5701 37.0001 26.611 18.7474 10.8083 7.93902 107.921 97.2805 29.8243 29.4045 21.89 2.37753 7.51455 7.86363 119.142 10.64 9.04506 7.12742 3.00608 70.564 1.56418 10.3891 67.4563 2.39105 68.9998
internal_count=14014 1497 12517 8619 1075 835 707 436 350 266 84 3898 3692 924 912 777 71 135 86 5719 206 170 139 54 2900 46 271 2768 98 2854
cat_boundaries=0 2
cat_threshold=655361 2
is_linear=0
shrinkage=0.05


Tree=10
num_leaves=31
num_cat=0
split_feature=32 35 0 17 35 3 0 1 0 11 27 10 25 0 21 1 0 11 1 11 0 23 9 2 3 21 35 10 3 24
split_gain=54.9268 18.1042 18.0264 17.9148 14.6578 13.0663 19.9458 21.9517 17.4294 20.3333 13.3403 11.3701 11.3268 12.1164 14.3041 10.4632 10.4535 9.98522 9.19452 16.8565 10.7989 9.67066 8.98564 8.93235 27.099 8.5824 14.0835 8.27003 13.4645 13.9682
threshold=0.00069350066424637871 0.0016681556461515777 58.975000000000009 85258.000000000015 0.00019991344294943483 164.00000000000003 599.97500000000014 14863.000000000002 170.19200000000004 2106.0000000000005 0.02521384241785336 0.22835855998783841 5.5000000000000009 40.120000000000012 15.500000000000002 5198.5000000000009 170.19200000000004 122772.00000000001 1348.0000000000002 14536.000000000002 114.96000000000002 28.500000000000004 135.58734054054071 1.0000000180025095e-35 204.50000000000003 1.5000000000000002 0.00023425159079279106 0.70615009105136461 402.50000000000006 183.50000000000003
decision_type=2 2 2 2 2 2 2 2 2 10 2 2 2 2 2 2 2 10 2 8 2 2 8 2 2 2 2 2 2 2
left_child=2 4 23 5 16 6 7 10 9 -9 15 -6 25 14 -14 -4 -2 -5 19 -7 -20 27 -23 24 -1 26 -13 28 29 -22
right_child=1 -3 3 17 11 18 -8 8 -10 -11 -12 12 13 -15 -16 -17 -18 -19 20 -21 21 22 -24 -25 -26 -27 -28 -29 -30 -31
leaf_value=0.35288622477339232 -0.0078989741597933864 -0.02872200231472077 0.19240199814355544 0.2253680439450752 -0.052225567086878859 0.28951105633156088 0.2315510062390862 0.33415433665166555 -0.012011397299037547 0.014233672617954551 -0.025564745757049718 0.13398191990394753 -0.026792410386092921 0.071933146408740115 0.16751278196747355 0.013968462772043175 0.10076987364581587 0.045973048354845593 -0.024187237505803632 -0.011956814405640764 -0.030178200918758127 -0.030632730932765237 0.08523290753226398 -0.029020842694122424 -0.051664516821955379 0.11645656248080048 -0.053613662773051012 -0.008177062558724902 0.1530357408455173 0.19758441003310734
leaf_weight=0.61591903492808242 14.52160855010152 8.7785910721868259 1.370719593018298 1.2538533397018903 2.0422253962606183 0.73187873698770878 1.2018952537327994 1.417198685929179 1.251843489706516 0.76463356427848328 12.940040910616521 1.8726965747773672 7.410390270873906 15.988447312265633 1.0859895870089529 2.0508066844195127 2.6109473947435609 2.0338988583534956 70.212550945580006 1.2653730791062117 4.4619439728558055 2.3142677303403589 6.041879005730153 104.20046539977193 1.2623653654009102 14.281906489282845 2.1480523534119129 76.106192959472537 2.1370685398578644 0.7927547376602887
leaf_count=16 433 346 16 31 61 26 22 40 42 35 502 15 153 193 8 37 24 69 3178 49 143 62 106 5037 45 211 53 3005 41 15
internal_value=-0.00108214 0.0384791 -0.0105873 -0.00130264 0.0479999 -0.00335799 0.0337797 0.0217718 0.136708 0.222037 -0.00234898 0.0630337 0.068535 0.0462929 -0.00195673 0.0854519 0.00866181 0.114389 -0.00811093 0.0985139 -0.00942494 0.00185925 0.0531435 -0.0270729 0.080994 0.0982898 0.0337605 -0.00327307 0.0472188 0.00418341
internal_weight=365.168 70.7409 294.428 188.349 61.9623 185.061 20.9971 19.7952 3.43368 2.18183 16.3616 44.8297 42.7875 24.4848 8.49638 3.42153 17.1326 3.28775 164.064 1.99725 162.067 91.8541 8.35615 106.079 1.87828 18.3027 4.02075 83.498 7.39177 5.2547
internal_count=14014 1497 12517 7419 1151 7319 694 672 117 75 555 694 633 354 161 53 457 100 6625 75 6550 3372 168 5098 61 279 68 3204 199 158
is_linear=0
shrinkage=0.05


Tree=11
num_leaves=31
num_cat=1
split_feature=32 0 2 17 21 26 1 23 9 1 20 0 2 2 17 1 0 3 3 34 23 2 6 1 10 5 6 0 0 3
split_gain=48.8894 16.8342 15.8856 14.5534 11.7032 20.1721 18.3325 14.5946 13.7237 16.2443 11.5673 13.5386 13.1497 14.2582 13.1994 12.0615 13.8045 10.5621 12.9735 11.3411 11.2434 9.53884 11.7451 9.19778 8.67807 8.51184 8.4739 13.6376 15.9143 11.1014
threshold=0.00069350066424637871 58.975000000000009 510.50000000000006 85258.000000000015 1.0000000180025095e-35 8.5000000000000018 11814.500000000002 34.500000000000007 181.60000000000005 1348.0000000000002 0 9.7275000000000009 499.50000000000006 360.50000000000006 15928.000000000002 5500.5000000000009 15.052500000000002 164.00000000000003 312.50000000000006 1.0000000180025095e-35 152.50000000000003 223.00000000000003 111.50000000000001 5904.5000000000009 1.5093465711131804 1.5000000000000002 26.500000000000004 330.99500000000006 400.27000000000004 258.50000000000006
decision_type=2 2 2 2 2 2 2 2 10 2 9 2 2 2 2 2 2 2 2 2 2 2 2 2 2 2 2 2 2 2
left_child=1 -1 10 4 -3 6 7 -6 9 -7 11 -2 13 15 -15 -13 -17 23 20 24 -19 -11 26 -10 -20 -25 27 29 -29 -23
right_child=2 3 -4 -5 5 8 -8 -9 17 21 -12 12 -14 14 -16 16 -18 18 19 -21 -22 22 -24 25 -26 -27 -28 28 -30 -31
leaf_value=-0.026428675302002408 -0.052656451489997175 -0.016245662570082389 -0.015698053851490368 0.097666025539977774 -0.03034350340527215 0.23081299656249221 0.27710843614918945 0.1762449031871951 0.1864170121345036 -0.037606788259925632 -0.013662191525052426 0.12071181258780801 0.11802365082132714 -0.01535015986898562 0.19832232905830718 0.1371249287582281 0.029015287268415464 -0.031302063583081623 0.11749896944105205 -0.030864612054121495 0.19030646766393772 0.057743423299771918 0.2405188050106527 -0.051790826928233114 -0.052209154308988398 0.14653045333475564 -0.029179841708962397 0.26795319463049755 0.035716808379197815 -0.017372536346584002
leaf_weight=103.38340743817389 2.5004334785044184 89.396559888496995 12.424009144306181 3.6421588174998751 2.1449655890464778 0.70476913824677367 1.2116602193564174 1.4214478824287651 1.9881638735532785 21.754028704017401 9.6528801675885898 8.6176765263080615 9.8894028738141042 9.0916960034519398 0.78518669866025526 3.6438527517020729 15.569461796432732 9.5621000435203314 6.0170615520328266 2.3555262964218855 0.60879544168710786 6.8329912982881131 0.51379306428134341 1.1978588812053206 0.86108269356191147 0.98669087886810292 15.797627154737709 1.0917022489011281 2.2747889664024115 17.557269947603345
leaf_count=5098 66 3818 444 100 66 20 34 10 30 937 234 84 83 239 15 39 293 326 124 78 10 261 22 42 24 17 680 36 74 710
internal_value=-0.00109584 -0.0102234 0.0357441 -0.00130823 -0.0032644 0.00896634 0.109081 0.0519954 0.00365741 -0.00795926 0.0464405 0.0506401 0.0667058 0.053247 0.00163625 0.0715631 0.0495185 0.0364357 0.0209169 0.0638251 -0.0180373 -0.0105158 0.00285748 0.108603 0.096253 0.0377845 5.38877e-05 0.0166921 0.111028 0.00367138
internal_weight=363.479 291.304 72.1746 187.921 184.279 94.8823 4.77807 3.56641 90.1043 66.527 59.7506 50.0977 47.5973 37.7079 9.87688 27.831 19.2133 23.5773 19.4046 9.23367 10.1709 65.8222 44.0682 4.17271 6.87814 2.18455 43.5544 27.7568 3.36649 24.3903
internal_count=14014 12517 1497 7419 7319 3501 110 76 3391 2740 1053 819 753 670 254 416 332 651 562 226 336 2720 1783 89 148 59 1761 1081 110 971
cat_boundaries=0 2
cat_threshold=655361 2
is_linear=0
shrinkage=0.05


Tree=12
num_leaves=31
num_cat=1
split_feature=32 0 35 20 17 35 0 21 26 9 1 1 8 23 24 29 10 2 2 8 0 1 7 0 0 16 6 3 10 6
split_gain=43.4304 15.6735 14.3072 12.9168 12.0697 10.6015 10.6727 10.5701 16.8332 11.7611 12.1088 11.2438 24.0354 11.2445 9.58041 17.5357 18.8115 10.7291 8.53031 11.878 8.28465 20.0441 8.22328 10.0474 19.0172 8.30388 8.20339 8.77143 9.07182 8.84274
threshold=0.00069350066424637871 58.975000000000009 0.0016681556461515777 0 85258.000000000015 4.1460408531381256e-05 9.7275000000000009 1.0000000180025095e-35 11.500000000000002 181.60000000000005 1348.0000000000002 9482.5000000000018 951.06000000000029 20.500000000000004 41.500000000000007 0.016576785214135345 0.43297319885591751 326.00000000000006 223.00000000000003 14111.500000000005 750.97500000000014 12830.500000000002 185.94999999999993 14.992500000000001 30.014500000000002 0.95316027373253576 38.500000000000007 312.50000000000006 0.50456857820972101 7.5000000000000009
decision_type=2 2 2 9 2 2 2 2 2 10 2 2 2 2 2 2 2 2 2 2 2 2 2 2 2 2 2 2 2 2
left_child=1 -1 3 5 7 -2 -7 20 11 10 -10 13 -13 -9 15 -11 -17 -18 -12 -20 -3 -22 23 -8 -25 -26 27 -16 -29 -30
right_child=2 4 -4 -5 -6 6 22 8 9 14 18 12 -14 -15 26 16 17 -19 19 -21 21 -23 -24 24 25 -27 -28 28 29 -31
leaf_value=-0.025767922124367033 -0.051830788312842248 -0.018207593825400194 -0.027878533772300425 -0.013995504871747503 0.084948963802703406 -0.052637191956014621 0.11496003612502799 -0.051618385280730407 0.17789897141701866 -0.051936136236798908 -0.036930745474482829 -0.0075575724418963019 0.31016518091718159 0.12273982712162 -0.026091379020092877 0.38147885534582321 0.1644568695910299 -0.017117170264301908 -0.00088143362143054942 0.24157695656956185 -0.020282906622872125 0.29759064165262128 0.12917322142125201 -0.019106900909751937 0.083189233059026341 0.02533920938412423 0.13548090617099715 -0.052889561562649172 0.17205147889058378 0.035543179663300492
leaf_weight=100.79922286979854 2.2185925580561152 85.705080455169082 8.4811507742851955 11.144380634650586 3.968759896233677 2.0278963949531308 6.6063097175210705 1.8894054014235728 0.863673010841011 1.5902482923120285 20.805983051657677 1.0517128407955172 1.3714553695172069 1.811020692810416 9.460574492812162 0.69115034490823735 2.1500634495168929 1.308813029900193 43.343604443594813 0.51109510846435924 1.6148828472942107 0.71572406962513913 4.4580703992396584 8.2438168805092555 21.569028701633219 8.7073909752070886 1.3112935889512289 1.7286167703568924 1.7292922027409074 3.77845667488873
leaf_count=5098 75 3726 346 276 100 54 83 69 20 55 928 32 27 14 312 22 28 34 1754 17 69 23 29 187 309 138 27 59 28 75
internal_value=-0.00112162 -0.00986919 0.0331986 0.0411709 -0.00131757 0.0465451 0.059792 -0.00318404 0.00834611 0.00284525 -0.0080805 0.0885404 0.172266 0.033714 0.0329904 0.0892392 0.143336 0.0957506 -0.0105646 0.00194425 -0.0156782 0.0773353 0.0643901 0.0579902 0.0482197 0.0665518 0.0150606 0.00560345 0.0470402 0.0784033
internal_weight=361.657 288.2 73.4566 64.9755 187.401 53.8311 51.6125 183.432 95.3965 89.2729 65.5244 6.12359 2.42317 3.70043 23.7485 5.74028 4.15003 3.45888 64.6607 43.8547 88.0357 2.33061 49.5846 45.1265 38.5202 30.2764 18.0082 16.6969 7.23637 5.50775
internal_count=14014 12517 1497 1151 7419 875 800 7319 3501 3359 2719 142 59 83 640 139 84 62 2699 1771 3818 92 746 717 634 447 501 474 162 103
cat_boundaries=0 2
cat_threshold=655361 2
is_linear=0
shrinkage=0.05


Tree=13
num_leaves=31
num_cat=2
split_feature=32 20 35 0 8 0 22 36 35 24 0 20 23 0 15 3 22 8 3 3 23 28 9 1 1 0 15 31 2 1
split_gain=38.6448 15.5091 16.3898 14.5759 11.1157 11.0714 10.6113 11.0734 19.0886 25.773 17.5065 15.6307 18.6225 14.6643 13.3327 12.0923 12.0824 10.5017 15.0429 18.1876 11.7415 10.9247 9.14089 11.3636 9.02203 14.8632 8.51662 8.25414 8.10955 19.0086
threshold=0.00069350066424637871 0 0.0016681556461515777 58.975000000000009 111.12200000000001 46.511500000000005 29.500000000000004 0.024300699300699304 0.0010609422344230511 9.5000000000000018 77.108500000000006 1 30.500000000000004 387.64500000000004 13.102274833877805 328.50000000000006 9.5000000000000018 7350.5950000000021 124.50000000000001 324.50000000000006 119.50000000000001 0.015836250444815934 45.914445175438608 5293.5000000000009 1348.0000000000002 107.23500000000001 3.7218672259391226 0.007621712094663404 1.0000000180025095e-35 5369.5000000000009
decision_type=2 9 2 2 2 2 2 2 2 2 2 9 2 2 2 2 2 2 2 2 2 2 10 2 2 2 2 2 2 2
left_child=3 2 4 28 -2 22 7 8 9 -5 16 12 14 -12 -9 -14 -11 -10 -19 20 -20 -21 23 -6 25 -13 -7 -23 29 -1
right_child=1 -3 -4 6 5 26 -8 11 17 10 13 24 15 -15 -16 -17 -18 18 19 21 -22 27 -24 -25 -26 -27 -28 -29 -30 -31
leaf_value=0.2677588580811664 0.018349898868636038 -0.019385905975410407 -0.029627459005610597 0.2796045415408121 -0.055679490606581727 0.10477099857356045 -0.043782041905382561 0.0007669893020151782 -0.009736140104906723 0.4008471797005988 -0.0083718357563909995 0.23510846563659085 0.133959209781321 0.12237642517536072 0.21286585885288056 -0.052815586550149445 0.088883644828861061 0.22266875995711877 -0.032515101407697318 0.024664091079737292 0.20094066277241662 0.085730787942455144 -0.028569625562839703 0.073604717165320716 -0.027873014478240022 -0.051730795102476537 0.0027126447731020925 0.27835440694550362 -0.027147935504567889 -0.051393310780810275
leaf_weight=0.77632921189069648 16.913995150476694 11.680571481585501 6.8645644802600136 1.3436131458729494 1.9472342524677539 17.637698994949464 13.644042080268262 39.152873823419213 35.697326885536313 0.54981415718793758 7.7351192031055671 0.86497897841036209 4.8009207174181929 2.967130858451128 0.75522769242525001 1.0574595835059879 0.71269553899765015 1.0619038883596648 7.7062352430075389 1.9234427884221066 0.57905735634267319 1.0550451967865231 3.900364199653267 13.36923344992101 63.181004047393799 0.94505101069808006 2.3120996337383977 1.1761303860694168 96.393652798607945 1.1691890750080345
leaf_count=13 394 325 280 31 40 166 661 1665 1428 17 266 22 83 49 25 35 31 12 286 52 8 29 95 169 2665 32 28 22 5037 48
internal_value=-0.00114534 0.0308884 0.0373619 -0.0095259 0.0522239 0.0668522 -0.00132759 0.00201555 0.0188413 0.0719674 0.0486502 -0.00748031 0.0139523 0.0278773 0.00478078 0.100246 0.224742 0.00447074 0.0420322 0.0266126 -0.0161989 0.111989 0.0397665 0.0571684 -0.0214235 0.0853442 0.0929429 0.187269 -0.0251081 0.0759595
internal_weight=359.874 74.6258 62.9452 285.248 56.0806 39.1666 186.909 173.265 62.5075 13.3084 11.9648 110.758 45.7665 10.7023 39.9081 5.85838 1.26251 49.1991 13.5018 12.4399 8.28529 4.15462 19.2168 15.3165 64.991 1.81003 19.9498 2.23118 98.3392 1.94552
internal_count=14014 1497 1172 12517 892 498 7419 6758 2231 394 363 4527 1808 315 1690 118 48 1837 409 397 294 103 304 209 2719 54 194 51 5098 61
cat_boundaries=0 2 4
cat_threshold=655369 2 277512224 4194370
is_linear=0
shrinkage=0.05


Tree=14
num_leaves=31
num_cat=2
split_feature=32 20 35 0 22 6 20 3 1 1 36 1 17 35 15 9 9 17 28 2 2 36 9 24 35 21 10 10 11 36
split_gain=34.3764 14.1051 14.2641 13.5528 9.96774 11.2827 10.087 10.4472 11.7547 14.3072 16.9409 13.7646 11.2086 9.67637 13.1878 9.61858 17.3557 22.4413 17.7199 10.7621 15.1358 13.1331 23.8442 13.6124 9.52678 9.11579 13.0123 18.5814 10.0812 16.8487
threshold=0.00069350066424637871 0 0.0016681556461515777 58.975000000000009 29.500000000000004 125.50000000000001 1 164.00000000000003 14863.000000000002 17192.500000000004 0.12554112554112556 5025.0000000000009 85258.000000000015 9.5952645590307103e-05 2.6833136098021009 78.126785714285731 80.800500000000085 -1.0000000180025095e-35 0.017884608403921688 387.50000000000006 408.50000000000006 0.024453011434308922 86.972500000000011 9.5000000000000018 4.1460408531381256e-05 7.5000000000000009 0.72136265337939609 0.61927757508534687 45556.500000000007 0.049361724667620115
decision_type=2 9 2 2 2 2 9 2 2 2 2 2 2 2 2 10 10 2 2 2 2 2 10 2 2 2 2 2 8 2
left_child=3 2 24 -1 5 6 7 8 11 10 -10 -5 15 14 -14 -9 17 -17 -19 25 -21 22 -22 -24 -2 28 27 -27 -18 -30
right_child=1 -3 -4 4 -6 -7 -8 12 9 -11 -12 -13 13 -15 -16 16 19 18 -20 20 21 -23 23 -25 -26 26 -28 -29 29 -31
leaf_value=-0.024466970417911422 -0.051786455614677013 -0.019043582121600105 -0.028965211591565971 0.081387167247068071 -0.043420783220381592 0.23387036591056015 -0.023770279054034754 -0.01863828676138176 0.086574383225504259 -0.051618546269292478 0.33455835864038874 -0.016933473012887886 0.048321508734291918 0.0054888588811260568 0.32250151635655128 -0.051452485040830769 -0.026715948839424759 0.46229601893262173 0.058734119636032825 0.15635053297346405 0.3036064798250222 -0.020885354106920342 0.2216548879417308 0.022883565943835643 0.052377897674313278 0.045346824226456146 0.00017945012817342326 0.40791401768309188 0.33164898901070139 0.0070983152054173012
leaf_weight=95.993273360654712 2.2857798635959616 11.480865417048333 6.6752980444580308 5.780409254133704 13.083896074444054 0.52233471535146136 23.855847897008061 47.275046175345778 2.0762989874929185 0.96449836343526829 1.0305149145424364 9.2657254841178638 0.97184069082140856 1.7175021730363367 0.79925968684256077 0.75512136332690705 34.109032712876797 0.67827886901795753 0.45412268303334713 2.1109026279300442 0.84441802650690334 13.01663085259497 0.90354737080633896 18.431805269792676 55.310893852263689 1.014869326725601 3.8316524364054203 0.5421618353575467 0.52184564433991854 1.7111491002142427
leaf_count=5098 79 325 280 127 661 12 898 2100 43 36 31 332 22 40 19 33 1466 21 19 53 32 553 19 622 813 34 135 18 20 73
internal_value=-0.00117865 0.0287286 0.0348092 -0.00920509 -0.0013399 0.00183926 0.00113732 0.00630412 0.0412338 0.116605 0.168829 0.0208393 0.00164123 0.0900505 0.172053 -0.000802691 0.00988052 0.159672 0.300457 0.00621045 0.0265275 0.0182723 0.0435303 0.0321722 0.048244 -0.0109793 0.0497086 0.171594 -0.019978 0.082945
internal_weight=358.015 75.7528 64.272 282.262 186.269 173.185 172.662 148.807 19.1174 4.07131 3.10681 15.0461 129.689 3.4886 1.7711 126.201 78.9255 1.88752 1.1324 77.038 35.3073 33.1964 20.1798 19.3354 57.5967 41.7307 5.38868 1.55703 36.342 2.23299
internal_count=14014 1497 1172 12517 7419 6758 6746 5848 569 110 74 459 5279 81 41 5198 3098 73 40 3025 1279 1226 673 641 892 1746 187 52 1559 93
cat_boundaries=0 2 4
cat_threshold=655369 2 271220761 4325378
is_linear=0
shrinkage=0.05


Tree=15
num_leaves=31
num_cat=2
split_feature=32 20 2 0 1 0 1 20 17 25 10 2 6 16 1 16 1 3 15 0 0 0 26 17 35 0 1 32 2 24
split_gain=30.6404 12.8295 13.1299 12.6385 13.184 9.59339 8.61069 8.0363 15.2267 9.83155 8.55388 8.92313 9.61265 9.29526 14.8288 18.9034 8.19738 12.9937 8.01369 9.59308 7.79901 26.7949 9.04614 7.4796 7.14808 6.93227 13.0374 6.65421 7.54354 9.01293
threshold=0.00069350066424637871 0 514.50000000000011 108.97500000000001 7861.5000000000009 9.7275000000000009 16073.500000000002 1 -85185.999999999985 9.5000000000000018 0.6527530833924956 319.00000000000006 114.50000000000001 -1.1839673221094126e-05 10573.000000000002 -2.2935568250201034e-05 16073.500000000002 179.00000000000003 2.2962044521318643 603.36000000000013 387.64500000000004 400.27000000000004 24.500000000000004 -103621.99999999999 0.0016681556461515777 12.366000000000001 3683.5000000000005 0.00027589222640990826 1.0000000180025095e-35 37.500000000000007
decision_type=2 9 2 2 2 2 2 9 2 2 2 2 2 2 2 2 2 2 2 2 2 2 2 2 2 2 2 2 2 2
left_child=3 2 5 4 25 -2 24 8 -5 10 -10 18 13 14 -13 -16 -9 -18 -12 -20 -15 -22 -23 -6 -7 26 -1 -27 -29 -30
right_child=1 -3 -4 7 23 6 -8 16 9 -11 11 12 -14 20 15 -17 17 -19 19 -21 21 22 -24 -25 -26 27 -28 28 29 -31
leaf_value=-0.051050569316257212 -0.052525352084047065 -0.018707242276674595 -0.018839252654988176 0.25504943243929434 0.11757831506246752 0.059827833583433271 -0.024619265480430884 -0.028912045960581348 0.063653482375874051 0.062350276848348478 -0.038181690932586859 -0.012936303115152545 0.22603002167880573 -0.0084205823974894522 0.030509676223130597 0.42109453307839328 0.20766783953596596 0.0025207625428002606 0.0098757044084143292 0.23980957325571128 0.32395733999150755 0.10919743360188389 -0.015126858972033306 -0.029572162915910451 -0.030023920860362624 -0.031314525249056722 0.28459774542827054 0.11943399625412604 0.052538190634019981 -0.006064994382938063
leaf_weight=0.5631970316171635 2.3591666761785737 11.287638533860443 8.9926282707601768 0.65180602483451267 0.87075689621269603 48.543761525303125 3.5682216417044392 27.992060180753469 5.8099514227360478 8.67773639410734 18.980185952037576 1.3067946285009377 0.53489472158253093 25.065952945500612 0.61117828078567982 0.62816354632377602 0.93898946605622668 4.3367190193384886 4.0617709737271062 0.51064933277666558 0.79296516999602129 1.999811155721545 5.4523896779865026 104.55948999710381 2.31923684477806 14.953685853630303 0.59490869380533695 1.4410496428608883 7.8173142392188302 40.82156216353178
leaf_count=28 66 325 322 22 28 599 92 1097 128 144 819 58 10 977 26 21 18 148 164 13 20 38 195 5691 93 674 20 32 301 1845
internal_value=-0.00125032 0.0266668 0.0323748 -0.00893528 -0.0173762 0.0461851 0.0504635 0.0044346 0.0127388 0.0123284 0.00572694 0.0001126 0.0156318 0.0124932 0.104573 0.228479 -0.0139452 0.0390336 -0.0238667 0.0355548 0.00545505 0.047638 0.0182358 -0.0283568 0.0557308 0.000113698 0.121369 -0.00204559 0.00669401 0.0033538
internal_weight=357.045 77.0707 65.783 279.974 171.622 56.7904 54.4312 108.352 75.0843 74.4324 65.7547 59.9448 36.3922 35.8573 2.54614 1.23934 33.2678 5.27571 23.5526 4.57242 33.3111 8.24517 7.4522 105.43 50.863 66.1917 1.15811 65.0336 50.0799 48.6389
internal_count=14014 1497 1172 12517 8619 850 784 3898 2635 2613 2469 2341 1345 1335 105 47 1263 166 996 177 1230 253 233 5719 692 2900 48 2852 2178 2146
cat_boundaries=0 2 4
cat_threshold=655369 2 271220760 131330
is_linear=0
shrinkage=0.05


Tree=16
num_leaves=31
num_cat=1
split_feature=29 20 35 2 24 29 0 1 1 22 35 2 3 1 31 29 1 0 0 23 21 2 21 11 9 22 10 8 17 31
split_gain=27.4925 16.6381 16.2492 14.3058 13.4198 31.9805 11.3757 12.6417 13.5277 10.7375 12.4602 10.2246 9.93966 11.3661 11.2234 22.3238 7.79165 9.51078 7.74844 7.37327 6.36833 16.5573 6.21371 11.0858 9.27622 9.02727 7.11925 7.26399 6.29294 14.2788
threshold=0.025273819644833471 0 0.0014801442680262456 546.00000000000011 250.50000000000003 0.025883351816143284 108.97500000000001 6399.0000000000009 6336.5000000000009 22.500000000000004 0.0019802755951150611 1.0000000180025095e-35 157.50000000000003 2583.0000000000005 0.014514258567866251 0.02122502384959216 1348.0000000000002 58.975000000000009 9.7275000000000009 28.500000000000004 5.5000000000000009 173.50000000000003 2.5000000000000004 9953.5000000000018 226.47227272727275 9.5000000000000018 1.762545023448217 4951.1499999999996 -307.49999999999994 0.010660523086605941
decision_type=2 9 2 2 2 2 2 2 2 2 2 2 2 2 2 2 2 2 2 2 2 2 2 8 10 2 2 2 2 2
left_child=6 2 3 4 18 -6 7 8 11 -3 -11 -1 13 -13 15 -15 17 -14 -2 22 -18 -22 -8 24 28 -25 27 -26 29 -24
right_child=1 9 -4 -5 5 -7 19 -9 -10 10 -12 12 16 14 -16 -17 20 -19 -20 -21 21 -23 23 25 26 -27 -28 -29 -30 -31
leaf_value=0.13944624817848578 -0.052478789116608096 -0.042912921667148128 -0.026487781081012785 -0.041952542490967894 0.44710628683015341 0.022018371192901599 -0.009854384380974867 -0.027252141650433555 0.21370282502501109 0.26949214064160554 -0.051045310128814358 -0.051271454226578694 -0.051037264594649218 0.3735547853133096 -0.017358561170180583 0.069328356995030233 -0.026348933920714787 0.15526837418607164 0.047073260002885926 0.044596075058122922 0.28425051450479771 -0.0033139956575785699 -0.030217340619537472 -0.0055307454264801768 0.17124966765147751 0.17573128900283952 -0.052264684049275714 0.045538775870758143 -0.037722407772199297 0.11474518661190419
leaf_weight=1.2835661955177773 2.0202607903629533 15.46589012630284 10.034214604645966 4.7658609561622134 0.70071996375918288 1.200446832925081 63.25839738547802 111.37292299978435 0.75502203218638797 0.61538915894925483 0.59761284850537777 1.8254593536257733 0.9154690839350218 0.82310976088047061 1.467300748452544 2.2548793591558933 32.029086448252201 1.4332455378025768 60.123279854655266 9.777843436226247 0.59608704783022348 3.1236521676182747 4.6489488407969537 1.080645136535167 1.4538126308470944 1.8850903790444133 1.3853550273925064 5.4831752981990576 10.421697484329345 2.6768187470734119
leaf_count=20 57 516 450 169 24 34 2682 6089 35 11 31 79 46 32 60 64 1486 34 932 168 26 136 174 39 11 24 37 77 398 73
internal_value=-0.00127013 0.0216683 0.0292441 0.041621 0.0478401 0.178695 -0.00969924 -0.0181094 0.0037854 -0.019804 0.111572 0.000321225 -0.00369458 0.0541129 0.0964369 0.150684 -0.0133613 0.0748557 0.0438369 0.00330916 -0.0191572 0.0427681 -0.00106487 0.0180844 0.00766398 0.109684 0.0512184 0.0718845 -0.01276 0.0227516
internal_weight=355.475 95.5237 78.8448 68.8106 64.0447 1.90117 259.952 157.88 46.5069 16.6789 1.213 45.7519 44.4683 6.37075 4.54529 3.07799 38.0975 2.34871 62.1435 102.072 35.7488 3.71974 92.2939 29.0355 26.0698 2.96574 8.32234 6.93699 17.7475 7.32577
internal_count=14014 2224 1666 1216 1047 58 11790 8107 2018 558 42 1983 1963 235 156 96 1728 80 989 3683 1648 162 3515 833 770 63 125 88 645 247
cat_boundaries=0 2
cat_threshold=655369 4194306
is_linear=0
shrinkage=0.05


Tree=17
num_leaves=31
num_cat=2
split_feature=27 1 0 31 20 17 28 0 28 0 28 2 1 36 21 11 3 0 1 35 2 36 0 19 24 22 2 3 30 35
split_gain=25.4022 13.0939 11.0737 10.6337 10.9126 12.2909 12.7946 21.4271 33.9791 9.69538 16.7648 10.6506 8.16478 8.57335 8.06501 8.04397 7.81407 8.56387 9.41746 8.57312 8.20951 8.19666 7.67807 7.35954 7.33697 7.29751 8.5947 10.2954 7.13174 6.98862
threshold=0.038216330866007002 6399.0000000000009 108.97500000000001 0.016898220673469369 0 -982.49999999999989 0.014271032100141768 55.970000000000006 0.012936426898378041 41.297000000000004 0.0190617742468254 134.50000000000003 10963.500000000002 0.10871212121212122 5.5000000000000009 73.500000000000014 225.50000000000003 29.984500000000004 2387.0000000000005 0.0017320558672571441 111.50000000000001 0.024134199134199136 149.97500000000002 1 151.50000000000003 23.500000000000004 554.50000000000011 328.50000000000006 0.028456397901813025 5.0102420490593288e-05
decision_type=2 2 2 2 9 2 2 2 2 2 2 2 2 2 2 10 2 2 2 2 2 2 2 9 2 2 2 2 2 2
left_child=1 3 23 4 5 6 7 8 -1 -8 -11 -12 13 15 -4 -2 17 -7 24 20 -20 -22 -9 -3 -19 26 -6 -28 -16 -23
right_child=12 2 14 -5 25 16 9 22 -10 10 11 -13 -14 -15 28 -17 -18 18 19 -21 21 29 -24 -25 -26 -27 27 -29 -30 -31
leaf_value=0.047741011328856491 0.11293879903429577 0.010221781584129607 -0.0063877368903213303 -0.029161261196445382 -0.051452703937231462 -0.037143676986107828 -0.03656017280257199 -0.051293416539541815 0.62361250476263241 -0.017928470151795325 0.2606583988626 0.082628131331261706 -0.0021780076145328647 -0.019095719495211484 0.025410141972885464 0.044127120243706047 -0.0069305012801343232 -0.052226381544319356 0.2289536281892752 -0.052427452400343105 0.14600556132012704 0.14372745806373075 0.13018171015691402 -0.026383527155067973 0.16072804662577056 0.11575868457105531 -0.031673509698627443 0.13043303092898692 0.17177513793427257 0.025915090414943182
leaf_weight=0.50629781372845462 5.1825944334268597 15.547192154452205 64.243992008268833 15.391484677791594 12.965249793604022 3.3891725707799223 3.1896185148507348 0.87658763118088279 0.51846080087125301 4.376605322584509 0.95052199438214113 7.230740163475275 11.539721457287667 4.3077379465103141 14.727086147293445 23.52680809609592 23.151695417240262 3.008792068809274 0.87783025950193305 1.3211965430527914 2.7219600211828938 1.5266857538372258 1.7393847368657587 117.54205582942814 0.46728374063968647 0.88534534722566505 2.5152006819844237 1.604118278250098 0.88211401551961977 7.1732761468738317
leaf_count=26 26 425 2589 640 546 122 115 38 21 168 26 165 303 102 351 301 915 112 18 45 28 52 23 6497 16 27 107 37 18 155
internal_value=-0.00127012 -0.00635428 -0.0132753 0.00893596 0.0161755 0.0238982 0.0608157 0.14529 0.339094 0.0412857 0.061058 0.103312 0.034026 0.0466796 0.00144476 0.0565489 0.0129724 0.0354649 0.0498582 0.0686046 0.0816054 0.070281 0.0693711 -0.0221074 -0.0235992 -0.0155541 -0.031463 0.031453 0.0336816 0.046589
internal_weight=353.887 309.33 212.942 96.3875 80.996 63.0261 19.3882 3.64073 1.02476 15.7475 12.5579 8.18126 44.5569 33.0171 79.8532 28.7094 43.6379 20.4862 17.097 13.6209 12.2998 11.4219 2.61597 133.089 3.47608 17.9699 17.0846 4.11932 15.6092 8.69996
internal_count=14014 13282 9880 3402 2762 2045 582 108 47 474 359 191 732 429 2958 327 1463 548 426 298 253 235 61 6922 128 717 690 144 369 207
cat_boundaries=0 1 2
cat_threshold=2785293 4
is_linear=0
shrinkage=0.05


Tree=18
num_leaves=31
num_cat=1
split_feature=20 3 1 6 3 3 1 0 35 0 1 24 2 0 0 15 17 0 9 22 0 16 31 0 15 24 1 31 1 3
split_gain=24.1018 25.5102 14.5968 19.506 17.5373 22.7662 19.1125 38.0488 15.6308 45.49 15.6872 16.7095 15.4758 15.4481 15.9213 15.5685 31.9735 14.3375 13.8503 21.5581 10.4484 10.2723 11.0218 10.1873 9.43273 9.31492 11.0849 9.215 9.05464 9.02631
threshold=0 164.00000000000003 12606.000000000002 73.500000000000014 192.50000000000003 222.00000000000003 12473.000000000002 99.975000000000009 0.0011879733662886985 49.975000000000009 7348.0000000000009 250.50000000000003 110.50000000000001 20.029500000000002 114.96000000000002 7.1812490327663596 19543.000000000004 599.97500000000014 86.252222222222244 2.5000000000000004 30.014500000000002 1.2824432605292742 0.012281373986868493 171.63000000000002 0.11460742503442468 56.500000000000007 11814.500000000002 0.016269595542487386 15987.500000000002 228.50000000000003
decision_type=9 2 2 2 2 2 2 2 2 2 2 2 2 2 2 2 2 2 10 2 2 2 2 2 2 2 2 2 2 2
left_child=1 17 3 4 -3 6 8 -8 10 -10 11 12 -6 18 -15 25 -17 20 19 27 -1 22 -11 24 28 26 -16 -7 -22 -2
right_child=29 2 -4 -5 5 13 7 -9 9 21 -12 -13 -14 14 15 16 -18 -19 -20 -21 23 -23 -24 -25 -26 -27 -28 -29 -30 -31
leaf_value=-0.001775714423256647 -0.044512096639997507 -0.046733232506478761 -0.026611175936417222 -0.047687449318000501 0.24955358675999048 -0.051281905180569388 -0.050901510773768699 0.55243917192385894 0.56311514906867743 -0.051842794958071217 -0.05122507116331209 0.25505123701841653 0.015477953651642541 -0.014361295650336187 -0.031543942116381868 0.38615244175631813 -0.0098205926181931247 0.14327835510744211 -0.051145922364399292 0.37849271089523429 0.087534188188800988 0.28626647261330551 0.20460757517054634 -0.030039238025175247 0.029278220215364914 0.043370127586370495 0.14161778756453156 0.15878919658980872 -0.029444602905261925 -0.012150804561685503
leaf_weight=24.271274670958519 34.523356999270618 11.195741316303609 50.684210832230747 15.303284837864338 0.80342026986181547 0.85339723527431455 0.47614798136055358 0.57914372161030769 0.56994885578751509 1.4728569723665721 3.7304535144940019 1.0901365205645559 5.8308025859296322 47.324080551043153 9.69309039227665 0.908797606825828 1.1611645575612781 2.6792085636407128 1.0653428249061105 0.81360571086406697 15.039266001433136 0.44405152089893807 0.58553925715386856 5.1101089548319569 35.481997734867036 18.81666517816484 1.0216137059032906 1.3444859106093645 1.8586781546473492 57.329588359221816
leaf_count=655 1498 541 2460 883 6 42 28 21 32 59 189 15 191 2340 364 23 34 22 54 38 272 18 27 144 771 609 32 12 46 2588
internal_value=-0.0012618 0.0066211 -0.00397549 0.00519654 0.0125685 0.0193031 0.0747576 0.280212 0.059833 0.159977 0.0329724 0.0736354 0.0438251 0.00889228 0.00398981 0.0314712 0.164028 0.0294626 0.103802 0.158616 0.0257331 0.0681596 0.0211081 0.0373468 0.0439209 0.0221799 -0.0150335 0.0772225 0.0746672 -0.0219268
internal_weight=352.061 260.209 175.768 125.084 109.78 98.5847 15.5825 1.05529 14.5272 3.0724 11.4548 7.72436 6.63422 83.0022 78.9254 31.6013 2.06996 84.4405 4.07683 3.01149 81.7613 2.50245 2.0584 57.4901 52.3799 29.5314 10.7147 2.19788 16.8979 91.8529
internal_count=14014 9928 8018 5558 4675 4134 586 49 537 136 401 212 197 3548 3402 1062 57 1910 146 92 1888 104 86 1233 1089 1005 396 54 318 4086
cat_boundaries=0 2
cat_threshold=271220745 4194306
is_linear=0
shrinkage=0.05


Tree=19
num_leaves=31
num_cat=1
split_feature=20 3 1 6 3 3 35 35 10 0 0 0 8 22 35 11 1 24 15 11 31 10 0 0 3 1 2 3 1 23
split_gain=21.974 22.7866 13.342 18.0447 15.9952 18.1533 13.9597 21.1192 13.4927 12.8028 14.016 12.1911 11.6875 20.2433 11.6112 26.3255 18.3754 15.4076 11.1994 20.0512 9.13009 9.09018 9.08653 8.91864 8.8082 11.3494 18.6089 10.0145 29.2135 8.7087
threshold=0 164.00000000000003 12606.000000000002 73.500000000000014 192.50000000000003 222.00000000000003 8.5481474656093974e-05 9.2258486142090949e-05 1.5356626777276432 20.029500000000002 114.96000000000002 599.97500000000014 635.92500000000018 2.5000000000000004 0.0011879733662886985 1450.5000000000002 6020.0000000000009 107.50000000000001 7.1812490327663596 24501.500000000004 0.016269595542487386 0.083614577576686236 30.014500000000002 171.63000000000002 228.50000000000003 1552.5000000000002 513.50000000000011 252.00000000000003 14863.000000000002 160.50000000000003
decision_type=9 2 2 2 2 2 2 2 2 2 2 2 2 2 2 10 2 2 2 10 2 2 2 2 2 2 2 2 2 2
left_child=1 11 3 4 -3 6 -6 -8 14 12 21 22 13 20 16 -16 -9 -17 29 -20 -7 -11 -1 -24 -2 26 -26 28 -27 -12
right_child=24 2 -4 -5 5 9 7 8 -10 10 18 -13 -14 -15 15 17 -18 -19 19 -21 -22 -23 23 -25 25 27 -28 -29 -30 -31
leaf_value=-0.0016893746601949625 -0.044133132199053085 -0.046475224032900997 -0.025930446536353444 -0.04748959455909834 -0.034695547858662412 -0.051227219654141204 0.31360387777463644 0.11462268388154007 -0.051733093651072051 0.16642892516405264 0.016100936454923997 0.13018119684220994 -0.051130229287807472 0.34340898966608213 0.057397042443628456 0.52076046012194344 -0.051214671137077741 0.18976921480130052 0.31098187492738155 0.01584878425407478 0.14699279629513889 -0.016536013255956879 0.040637413314235288 -0.029237465302001303 -0.051756889069159928 -0.051311841614129883 0.31725171780310002 -0.019350533793711558 0.341192721234237 0.18039762980952986
leaf_weight=24.237022891640663 33.114566328004003 10.707364039495586 49.44593326933682 14.616069349460302 2.8835049755871323 1.0067427828907962 0.95114667154848476 4.567198093980549 1.9492295002564777 0.68902457505464454 29.264542626217011 2.7980028744786969 1.0740481084212659 0.88350043166428793 2.2916958350688224 0.61083831824362256 2.6335280444473028 0.82844212278723717 0.95287395454943125 1.453132066875696 1.3734563644975424 45.9940135050565 53.731817587278783 4.9908060263842335 0.69114127941429504 1.2834921460598701 0.67565086297690868 53.288574301637709 0.75170302018523205 0.82941811159253021
leaf_count=655 1498 541 2460 883 129 51 23 81 72 33 996 22 54 28 91 21 137 32 17 40 13 2307 1089 144 27 62 20 2463 16 9
internal_value=-0.00128488 0.00617874 -0.0039309 0.00473261 0.0116125 0.0178175 0.0653808 0.0862432 0.0694546 0.00829837 0.00371651 0.02753 0.0919374 0.139019 0.0910635 0.162652 0.0539708 0.330244 0.0289283 0.132733 0.0631525 -0.0138355 0.0240678 0.0346988 -0.0212756 -0.0116768 0.130656 -0.0151932 0.0936604 0.0206291
internal_weight=350.568 260.763 175.006 125.56 110.944 100.236 16.7156 13.8321 12.8809 83.5208 79.183 85.7576 4.33775 3.2637 10.9317 3.73098 7.20073 1.43928 32.5 2.40601 2.3802 46.683 82.9596 58.7226 89.8051 56.6906 1.36679 55.3238 2.0352 30.094
internal_count=14014 9928 8018 5558 4675 4134 586 457 434 3548 3402 1910 146 92 362 144 218 53 1062 57 64 2340 1888 1233 4086 2588 47 2541 78 1005
cat_boundaries=0 2
cat_threshold=271220745 4194306
is_linear=0
shrinkage=0.05


Tree=20
num_leaves=31
num_cat=1
split_feature=20 27 8 31 9 1 3 10 1 9 11 11 10 3 1 2 3 1 35 35 24 35 21 36 32 22 36 11 36 17
split_gain=20.1307 20.5322 14.8768 11.2588 13.3667 10.9852 10.2468 9.1755 9.16549 27.1277 8.98268 11.5342 10.5998 8.54841 9.11734 11.6955 8.52085 19.7345 8.37173 12.9301 11.2838 8.86193 8.30811 7.82886 8.93441 13.8086 9.16873 8.99098 7.39527 7.2277
threshold=0 0.036791140965710713 11112.054999999993 0.016649553566533651 226.47227272727275 12686.500000000002 179.00000000000003 7.69211442706235 12574.000000000002 146.06882352941196 265.50000000000006 188.50000000000003 0.44217987436670342 228.50000000000003 1552.5000000000002 513.50000000000011 252.00000000000003 14863.000000000002 0.00043081063364198453 0.0003634293694323948 93.500000000000014 5.9469340442342072e-05 2.5000000000000004 0.0098299633183354124 0.00044296401544591295 13.500000000000002 0.0088771674256660511 1086.5000000000002 0.15353535353535355 -56217.499999999993
decision_type=9 2 2 2 10 2 2 2 2 8 10 8 2 2 2 2 2 2 2 2 2 2 2 2 2 2 2 8 2 2
left_child=1 2 3 4 5 8 18 -5 29 28 11 -6 -12 -2 15 -15 17 -16 19 20 -7 -22 -14 24 -18 27 -27 -26 -10 -1
right_child=13 -3 -4 7 10 6 -8 -9 9 -11 12 -13 22 14 16 -17 23 -19 -20 -21 21 -23 -24 -25 25 26 -28 -29 -30 -31
leaf_value=0.079705413744459372 -0.043746304102297878 0.038227639050610933 -0.047847141734213561 -0.026709323285831726 0.058909414733172211 -0.010702861900971312 -0.030620676550319383 0.15227327501237267 -0.051076756897463382 0.43154197539986205 -0.016785486681283927 0.28751444506001872 0.00066161287717026796 -0.051670104902312823 -0.051247326783188898 0.22604216426137491 -0.0273481918596605 0.25149228516786992 -0.030590613838535827 0.19345341364370133 0.30845305658879368 0.031337151089620811 0.1052503052060408 -0.029314197907390462 0.34162057229611503 -0.022237746891343921 0.12198262903180586 0.052068330696797199 0.19928971253057159 0.0082142444572462989
leaf_weight=3.6612612167373291 31.771116775460541 41.589446113444865 15.177766158245502 33.18805567920208 1.5440487451851397 4.6354558710008842 33.598099960945547 0.73184843547642131 1.1576555632054799 0.51471231132745732 5.6994698084890834 0.85858058650046576 2.8203199636191112 0.65851026773452648 1.2223936924710863 0.89352907054126263 5.9098413549363595 0.96189378201961506 4.3758447719737887 1.4004746666178105 0.55305407196283318 0.60311239026486874 5.8110387995839119 40.26558936573565 0.6349082104861733 3.4489957895129919 1.6195087470114229 0.46404769644141208 0.39578236360102881 102.82246227934957
leaf_count=126 1498 614 913 1560 36 140 1804 22 64 19 257 18 92 27 62 20 256 16 167 21 16 26 60 1958 26 174 31 18 10 3963
internal_value=-0.00129512 0.00579311 -8.71417e-05 0.00345979 0.00869497 0.0040753 -0.0166464 -0.0228476 0.0126971 0.116948 0.0511326 0.140602 0.0361327 -0.0206715 -0.0112849 0.108212 -0.0146862 0.08207 0.0239408 0.0571189 0.0241519 0.163896 0.0710757 -0.0187239 0.016584 0.0586812 0.0238441 0.219354 0.0127112 0.0106723
internal_weight=348.989 261.138 219.549 204.371 170.451 153.718 45.166 33.9199 108.552 2.06815 16.7335 2.40263 14.3308 87.8503 56.0792 1.55204 54.5272 2.18429 11.5679 7.1921 5.79162 1.15617 8.63136 52.3429 12.0773 6.16746 5.0685 1.09896 1.55344 106.484
internal_count=14014 9928 9314 8401 6819 6356 2174 1582 4182 93 463 54 409 4086 2588 47 2541 78 370 203 182 42 152 2463 505 249 205 44 74 4089
cat_boundaries=0 2
cat_threshold=271220745 4194306
is_linear=0
shrinkage=0.05


Tree=21
num_leaves=31
num_cat=1
split_feature=20 27 8 31 9 1 3 3 0 2 1 0 2 0 23 6 8 2 10 6 10 35 35 24 26 29 1 17 1 15
split_gain=18.5103 18.124 14.0188 10.2576 11.6632 9.94746 9.39377 8.28028 8.30658 9.35688 17.0056 14.3296 11.642 9.68515 9.04879 8.03445 20.0404 8.01478 11.8675 7.82611 7.53464 7.18479 9.39782 8.53862 7.08462 14.8497 9.96324 7.06581 9.01323 17.6723
threshold=0 0.036791140965710713 11112.054999999993 0.016649553566533651 226.47227272727275 12686.500000000002 179.00000000000003 222.00000000000003 54.995000000000012 513.50000000000011 4272.5000000000009 99.975000000000009 526.00000000000011 225.50000000000003 46.500000000000007 95.500000000000014 15267.869999999935 104.50000000000001 0.93943411522406461 4.5000000000000009 7.69211442706235 0.00043081063364198453 0.0003634293694323948 93.500000000000014 40.500000000000007 0.022466049888601292 11212.000000000002 -56217.499999999993 5904.5000000000009 0.76752533975619075
decision_type=9 2 2 2 10 2 2 2 2 2 2 2 2 2 2 2 2 2 2 2 2 2 2 2 2 2 2 2 2 2
left_child=1 2 3 4 5 27 21 -2 -9 15 11 -11 13 -12 -13 17 -17 18 -10 -6 -5 22 23 -7 -21 -26 -27 28 -1 -30
right_child=7 -3 -4 20 19 6 -8 8 9 10 12 14 -14 -15 -16 16 -18 -19 -20 24 -22 -23 -24 -25 25 26 -28 -29 29 -31
leaf_value=-0.0073924995875338092 -0.044496375561547633 0.035568523807170162 -0.047642400281027918 -0.026027097363289255 -0.0043005556881819135 -0.010265762933966494 -0.029969334978546355 -0.044083652589663291 0.24158420830538466 0.22853250132827788 0.010322828276664763 -0.051387316400346772 -0.025312869602752159 0.20736207877851906 0.18435054534307985 0.36319832284585724 -0.014116993899408596 -0.031288060032886714 -0.051247680257754946 0.11738937963409363 0.12578097851057921 -0.029884474730403662 0.1579485322571601 0.13303985332422089 -0.039000183285440956 0.050732411363154553 0.22174839364574583 0.009386411055177726 0.062294346919095737 0.38236926114232256
leaf_weight=1.8164198026061047 28.468314988538623 42.440925779752433 14.49803388584405 32.376001503318548 5.1458179987967041 4.5923105888068658 32.636565771885216 14.60441737808287 0.67891246732324961 1.754944343119859 1.4322679862380021 1.2045966293662784 8.8920075781643373 1.104642206802964 0.61485028080642212 0.47485644929110904 1.3592640543356536 24.620836368761957 0.70555724576115608 4.6876076646149141 0.83852850086986919 4.2583000725135207 1.6228252090513704 1.343548811972141 3.3428345657885075 2.7329324679449205 1.2372144255787132 105.65167858544737 1.7461461536586287 0.57269056327640999
leaf_count=53 1396 614 913 1560 199 140 1804 888 24 35 36 52 366 15 11 8 80 1141 34 62 22 167 21 42 122 55 25 4052 61 16
internal_value=-0.00128783 0.00545414 -0.000130272 0.00323643 0.00816492 0.00381604 -0.0161388 -0.0201061 -0.0115192 -0.00041853 0.0314112 0.126597 0.00164178 0.0961193 0.0282762 -0.0175723 0.0835705 -0.0247058 0.0923504 0.0472853 -0.0221946 0.0220587 0.0513217 0.0221707 0.0694052 0.0386474 0.104026 0.0118959 0.0760113 0.141344
internal_weight=347.456 261.54 219.099 204.601 171.387 154.24 44.4536 85.9155 57.4472 42.8427 15.0033 3.57439 11.4289 2.53691 1.81945 27.8394 1.83412 26.0053 1.38447 17.1464 33.2145 11.817 7.55868 5.93586 12.0006 7.31298 3.97015 109.787 4.13526 2.31884
internal_count=14014 9928 9314 8401 6819 6356 2174 4086 2690 1802 515 98 417 51 63 1287 88 1199 58 463 1582 370 203 182 264 202 80 4182 130 77
cat_boundaries=0 2
cat_threshold=271220745 4194306
is_linear=0
shrinkage=0.05


Tree=22
num_leaves=31
num_cat=1
split_feature=20 8 31 1 0 8 3 35 35 3 17 9 24 24 28 17 16 15 35 17 28 8 3 10 0 2 1 0 2 35
split_gain=17.0611 16.365 14.1208 12.499 13.4996 11.7845 11.289 10.457 15.3548 13.4175 11.0124 10.4981 12.0585 12.3111 9.36114 23.8975 10.706 8.9403 8.81855 8.35149 8.01246 13.7681 7.99018 7.91945 7.87147 8.34755 13.4623 15.5853 8.77777 7.86043
threshold=0 11112.054999999993 0.070727465435075007 12686.500000000002 890.5250000000002 6748.1599999999999 124.50000000000001 7.2543754577833987e-05 7.3664723200334814e-05 434.50000000000006 85258.000000000015 259.23333333333341 183.50000000000003 37.500000000000007 0.012472336055596377 12307.000000000002 0.0077731118694349182 -1.4404199407547767e-05 0.00087971350868456275 120009.00000000001 0.013058257280336206 735.70000000000016 222.00000000000003 6.4895013252184199 54.995000000000012 513.50000000000011 3533.0000000000005 99.975000000000009 526.00000000000011 0.00043081063364198453
decision_type=9 2 2 2 2 2 2 2 2 2 2 10 2 2 2 2 2 2 2 2 2 2 2 2 2 2 2 2 2 2
left_child=1 2 3 7 5 29 -7 -1 -9 10 11 14 13 -13 15 -10 17 -16 -17 -12 21 -18 -2 -22 -24 -26 27 -27 -28 -5
right_child=22 -3 -4 4 -6 6 -8 8 9 -11 19 12 -14 -15 16 18 20 -19 -20 -21 23 -23 24 -25 25 26 28 -29 -30 -31
leaf_value=-0.015080569190458058 -0.044132866554589617 -0.047448222470950333 0.076833129014069718 -0.0075836408516197426 0.15294201784159772 0.16984729978771232 0.013051717789657538 0.26455375440461915 -0.037515483546559154 -0.026340213969837531 0.1974249495726057 0.10193417082208232 0.23032881425286519 -0.0096792073722798445 0.0037921718113808514 0.083931441996671644 0.28138955319489911 0.10183938933000439 0.35836112270521059 0.023062545440476132 0.012182273845017196 -0.052435744929599931 -0.043746587830085011 0.1118999846968461 -0.017080050104601154 0.21610950400016871 0.08486428368703558 -0.012235347420680465 -0.017123771164974003 -0.045002874897030178
leaf_weight=27.417507689446211 27.297369706444442 13.90188959892839 7.2951859012246123 35.287061668932438 1.2145870681852091 1.4729788340628136 5.2025463944301009 0.63162715919315715 14.535959757864473 15.59304999373853 1.5670256605371826 5.3601877549663168 1.0285209547728289 4.583036731928587 3.4681457113474607 0.73992063011973985 0.7347415480762709 7.0536599243059737 0.4843645952641964 1.2225197199732063 87.167917463928461 0.53288163337856531 13.996515581384299 2.0376302897930136 27.372274790890515 1.8191280309110873 2.7100249603390685 1.2682162877172229 9.5242030741646868 23.302389351651073
leaf_count=1217 1396 915 42 1564 31 16 208 25 726 681 27 86 18 174 114 36 21 99 11 27 2626 23 888 42 1287 25 52 50 388 1199
internal_value=-0.00127696 0.00514436 0.00830077 0.00622315 -0.0122208 -0.0152945 0.0476492 0.0132635 0.0185594 0.017496 0.0227332 0.0205868 0.0673479 0.0504893 0.0161926 -0.0196471 0.0217854 0.0695215 0.192504 0.121011 0.0162338 0.141057 -0.0195773 0.01446 -0.0112067 -0.000539 0.0290119 0.12231 0.00546778 -0.0224661
internal_weight=345.823 261.835 247.933 240.638 66.4796 65.265 6.67553 174.159 146.741 146.11 130.517 127.727 10.9717 9.94322 116.755 15.7602 100.995 10.5218 1.22429 2.78955 90.4732 1.26762 83.9877 89.2055 56.6904 42.6938 15.3216 3.08734 12.2342 58.5895
internal_count=14014 9928 9013 8971 3018 2987 224 5953 4736 4711 4030 3976 278 260 3698 773 2925 213 47 54 2712 44 4086 2668 2690 1802 515 75 440 2763
cat_boundaries=0 2
cat_threshold=271220745 4194306
is_linear=0
shrinkage=0.05


Tree=23
num_leaves=31
num_cat=1
split_feature=20 8 31 1 0 3 8 36 35 3 1 35 24 1 10 3 7 3 10 3 36 28 10 10 0 2 1 22 15 35
split_gain=15.4427 15.258 12.6492 11.2772 10.867 10.6992 13.675 9.77169 9.286 12.7208 14.3042 31.0027 34.492 27.7309 12.177 16.4951 11.8818 7.77131 7.69511 10.5958 39.5042 9.50499 8.53711 9.15423 7.54573 7.5156 11.1729 9.64064 7.18203 7.78798
threshold=0 11112.054999999993 0.070727465435075007 12686.500000000002 890.5250000000002 124.50000000000001 8390.6700000000183 0.053520553520553522 7.2543754577833987e-05 434.50000000000006 11212.000000000002 9.3629489186273582e-05 180.50000000000003 11919.500000000002 0.30495315446126703 324.50000000000006 58.950000000000394 222.00000000000003 0.69038604838450623 363.50000000000006 0.1101010101010101 0.018377963799295384 6.4895013252184199 3.463650827557704 54.995000000000012 513.50000000000011 4272.5000000000009 14.500000000000002 1.0466515682700919 0.0003634293694323948
decision_type=9 2 2 2 2 2 2 2 2 2 2 2 2 2 2 2 2 2 2 2 2 2 2 2 2 2 2 2 2 2
left_child=1 2 3 8 5 6 7 -5 -1 10 18 -12 14 -14 15 -13 -15 -2 -10 21 -21 -20 23 -23 -19 -26 -27 -28 29 -9
right_child=17 -3 -4 4 -6 -7 -8 28 9 -11 11 12 13 16 -16 -17 -18 24 19 20 -22 22 -24 -25 25 26 27 -29 -30 -31
leaf_value=-0.01453679339476573 -0.043742941118370723 -0.047234586471393905 0.072345820854037041 -0.044046755787237088 0.12641552123558236 -0.027276980710324777 0.16375162392281331 0.03161090556010291 -0.00031633807029689449 -0.025825065136223083 0.29516254853416468 -0.050902977739317762 0.51928724132185244 -0.051302804767374179 -0.02840189797193084 0.31371257073112629 0.29248879224195895 -0.043393083735615186 -0.0030134287820643224 0.024224792834087017 0.50893468285700594 0.036140402007925815 0.14582611110560792 -0.053931815421408069 -0.01636998905633763 0.096901210069203922 -0.031771439844612975 0.065481529215417222 -0.02494208103430666 0.1520504016393445
leaf_weight=27.031001782044768 26.117796524427831 13.282203937880693 7.3585622534155837 6.1905472902581122 1.3907547835260619 46.923663063906133 1.4844504948705424 4.6545003000646812 40.683360667899251 15.316467082127927 1.4219919964671124 0.58462049532681504 0.6107097566127776 0.59447840228676774 6.3654140569269657 0.66079184133559465 0.43538649939000607 13.4037819057703 24.209992843680084 1.9729543365538114 0.53416864108294237 50.357734112069011 1.6722152736037958 2.9882394429296246 26.841457875445485 4.2076148279011241 7.452734148129819 3.872232573106885 3.2133248755708337 1.8861432299017904
leaf_count=1217 1393 915 42 249 31 2542 11 119 1550 686 27 35 18 28 288 14 16 887 926 78 15 965 26 72 1281 98 340 72 56 17
internal_value=-0.00126711 0.00479526 0.0077687 0.00579843 -0.0118634 -0.0148518 0.0186002 0.00508647 0.0124169 0.0173263 0.0222922 0.0778056 0.0443966 0.252339 -0.000427031 0.142555 0.0940388 -0.0189236 0.0174521 0.0262963 0.127497 0.0230939 0.034582 0.0310949 -0.0106947 -0.000351531 0.0273296 0.00148129 0.0362698 0.0663424
internal_weight=343.719 261.824 248.541 241.183 65.7434 64.3526 17.429 15.9445 175.44 148.409 133.092 10.6734 9.2514 1.64057 7.61083 1.24541 1.02986 81.8956 122.419 81.7353 2.50712 79.2282 55.0182 53.346 55.7778 42.374 15.5326 11.325 9.75397 6.54064
internal_count=14014 9943 9028 8986 3025 2994 452 441 5961 4744 4058 426 399 62 337 49 44 4071 3632 2082 93 1989 1063 1037 2678 1791 510 412 192 136
cat_boundaries=0 2
cat_threshold=271286281 4194306
is_linear=0
shrinkage=0.05


Tree=24
num_leaves=31
num_cat=1
split_feature=27 22 31 20 6 9 1 1 1 1 1 16 1 15 2 2 1 0 0 28 31 3 0 1 0 31 16 25 0 21
split_gain=13.5193 9.92899 8.63371 10.8043 11.1292 8.77309 6.75974 8.78728 7.50786 9.04914 8.1787 7.07033 11.1335 12.0322 6.73051 8.91357 7.36952 6.65508 10.4384 7.98378 7.71513 6.53685 6.35802 6.90317 8.89708 6.16875 15.3414 6.10252 7.53731 9.46302
threshold=0.038216330866007002 29.500000000000004 0.016649553566533651 0 95.500000000000014 224.98875000000001 14277.000000000002 14236.500000000002 2583.0000000000005 6399.0000000000009 6336.5000000000009 0.070404007875671137 2772.5000000000005 0.12216412860289397 480.50000000000006 485.50000000000006 4272.5000000000009 39.999000000000002 54.007500000000007 0.023205753014290648 0.0079664112615752507 312.50000000000006 330.99500000000006 11158.000000000002 445.87500000000006 0.016269595542487386 0.510306467003944 5.5000000000000009 40.120000000000012 16.500000000000004
decision_type=2 2 2 9 2 10 2 2 2 2 2 2 2 2 2 2 2 2 2 2 2 2 2 2 2 2 2 2 2 2
left_child=1 2 3 5 14 6 7 8 -1 10 11 12 -10 17 -5 -16 21 -14 20 -20 -19 -17 -18 -24 -25 -11 -27 -2 29 -29
right_child=27 -3 -4 4 -6 -7 -8 -9 9 25 -12 -13 13 -15 15 16 22 18 19 -21 -22 -23 23 24 -26 26 -28 28 -30 -31
leaf_value=-0.028296064385199233 0.054678325773959348 -0.044283489249561339 -0.022895664489957793 -0.032309370320721724 0.15393702761628514 0.04170623227132593 -0.017945735687718969 0.14130115419163092 0.22876636995893185 -0.00050620295755578323 0.1866010204690107 0.011422070221830746 -0.034910095171496153 0.25418020617929876 0.18375480275346756 -0.012836354311322549 -0.030230340899747462 0.071600825565471302 -0.018535629408743964 0.087736538835509748 0.25156120615320071 0.07636648217219133 -0.052307131202353287 0.22573967578704784 0.00078940944592924018 -0.051087316124185857 0.3964543714208123 -0.033079123039829669 0.031622940646685152 0.086826975591887234
leaf_weight=12.62342739664018 11.8639545943588 15.425675989128647 45.931262690573931 39.317056013271213 0.9476038534194221 17.553217945620418 27.679603328928351 1.2516134995967139 0.87690612301230331 64.224201048724353 0.83498209901153941 23.275920920073986 2.7417288701981279 0.6527082026004799 0.63822358939796942 3.8103259848430771 19.381762693636123 1.5399918444454654 4.4961830694228411 2.9118419662117958 0.97113481536507595 4.4550369484350085 1.0296811144798987 0.85950446687638737 0.89963516220450401 0.44662259519100089 0.33520287182182074 11.596625645644961 21.416395977139473 1.917541280388831
leaf_count=486 122 1127 2337 2108 28 453 1404 20 25 2816 22 697 86 22 31 163 957 35 178 25 28 108 35 19 30 24 18 264 299 47
internal_value=-0.00127243 -0.00523155 -0.00307769 0.000816417 -0.0142724 0.00784002 0.0042776 0.00952696 0.00810429 0.0125522 0.0318308 0.0283816 0.0561994 0.0448332 -0.0185644 -0.00117336 -0.00505119 0.0340407 0.0530993 0.0232363 0.141197 0.035244 -0.0200736 0.0505141 0.110699 0.0011932 0.140793 0.0236959 0.0131729 -0.0160655
internal_weight=341.906 295.111 279.685 233.754 71.3388 162.415 144.862 117.182 115.931 103.307 38.3014 37.4664 14.1905 13.3136 70.3912 31.0742 30.4359 12.6609 9.91915 7.40803 2.51113 8.26536 22.1706 2.78882 1.75914 65.006 0.781825 46.7945 34.9306 13.5142
internal_count=14014 13282 12155 9818 3479 6339 5886 4482 4462 3976 1118 1096 399 374 3451 1343 1312 352 266 203 63 271 1041 84 49 2858 42 732 610 311
cat_boundaries=0 2
cat_threshold=271220737 2
is_linear=0
shrinkage=0.05


Tree=25
num_leaves=31
num_cat=1
split_feature=27 22 31 20 6 9 1 1 1 1 0 36 11 21 2 35 2 16 3 36 31 24 11 3 0 24 2 2 1 0
split_gain=12.1777 9.42914 7.95046 9.82418 9.30995 7.64534 6.10911 7.33546 6.58925 7.79324 7.42056 9.19928 9.93793 8.93136 7.17918 7.28658 6.91945 6.20299 6.64191 9.89405 9.4887 6.17143 7.28581 6.14039 7.34687 6.85663 5.94344 7.75877 6.74422 10.0035
threshold=0.038216330866007002 29.500000000000004 0.016649553566533651 0 125.50000000000001 224.98875000000001 14277.000000000002 2583.0000000000005 6399.0000000000009 14236.500000000002 29.984500000000004 0.034105422566048753 2628.5000000000005 8.5000000000000018 411.50000000000006 0.00017520896055820965 111.50000000000001 2.4680871116412577 150.00000000000003 0.044949494949494954 0.0071583600877661311 36.500000000000007 619.50000000000011 179.00000000000003 154.98500000000004 102.50000000000001 480.50000000000006 482.50000000000006 3533.0000000000005 80.058500000000024
decision_type=2 2 2 9 2 10 2 2 2 2 2 2 8 2 2 2 2 2 2 2 2 2 10 2 2 2 2 2 2 2
left_child=1 2 3 5 26 6 7 -1 10 -10 16 13 14 -12 15 -13 -9 18 20 -20 -14 -15 -23 24 25 -8 -5 -28 29 -29
right_child=-2 -3 -4 4 -6 -7 23 8 9 -11 11 12 17 21 -16 -17 -18 -19 19 -21 -22 22 -24 -25 -26 -27 27 28 -30 -31
leaf_value=-0.027612992683238115 0.022347067536234819 -0.043965832012015288 -0.022230094497253258 -0.030601820565471772 0.17560241961412393 0.038520021526000786 -0.019843944833144271 0.10386285443880823 0.0011093623413037711 0.12096773868186356 -0.027680004269302567 0.088841928171344842 0.047709630361007845 0.1916979935490169 0.046605267677975938 0.23849841219407319 -0.042838704575284492 -0.060276219254200014 0.24735282576421136 0.018802624075083568 0.21500713369067209 0.12630983271475049 -0.05267678937071954 -0.032846690192389373 0.12762651247035076 0.1369828073371889 0.16380752208465249 0.088357724750616373 -0.017817171904977475 -0.034094753479295019
leaf_weight=12.29730089753866 47.094372479245067 14.776726015843449 44.96606005821377 38.567229055799544 0.62981672491878171 18.041720780543983 6.0432576686143893 0.9478062940761437 65.108489877544343 1.3850416187196959 7.7115112058818323 1.6383166797459154 2.4600647520273955 0.80768736079335246 2.2257970999926329 1.6152110304683445 5.2898892294615507 1.4597776643931855 0.49495168216526408 10.942912258207796 1.2930396292358635 1.0665874257683756 1.217643830925226 19.086278037168086 1.3071418600156901 0.78782269544899453 0.69646900892257946 4.0900008715689209 23.364118425175548 2.8163065761327744
leaf_count=486 732 1127 2337 2127 9 453 215 28 2858 20 246 26 25 16 40 28 176 36 14 396 30 20 37 1142 23 24 28 112 1099 104
internal_value=-0.00125317 -0.00504473 -0.00297859 0.000730465 -0.0138025 0.00737148 0.00400851 0.00893576 0.0131893 0.00360598 0.0294571 0.0389282 0.0573918 0.00110671 0.115801 0.163139 -0.0205477 0.038171 0.0476312 0.0286927 0.105348 0.0729033 0.0308983 -0.017341 0.0190241 -0.00175725 -0.0175031 -0.00118946 -0.00498574 0.0384231
internal_weight=340.229 293.135 278.358 233.392 70.1639 163.228 145.187 117.962 105.665 66.4935 39.1712 32.9335 22.1301 10.8034 5.47932 3.25353 6.2377 16.6507 15.191 11.4379 3.7531 3.09192 2.28423 27.2245 8.13822 6.83108 69.5341 30.9669 30.2704 6.90631
internal_count=14014 13282 12155 9818 3479 6339 5886 4482 3996 2878 1118 914 595 319 94 54 204 501 465 410 55 73 57 1404 262 239 3470 1343 1315 216
cat_boundaries=0 2
cat_threshold=271220737 2
is_linear=0
shrinkage=0.05


Tree=26
num_leaves=31
num_cat=1
split_feature=20 27 8 8 1 0 3 21 24 2 16 11 7 10 1 1 31 36 16 2 22 17 17 1 31 28 11 32 15 0
split_gain=11.6164 20.0232 10.2946 8.13418 11.4345 12.5378 9.21188 9.4635 11.4648 7.80312 7.20463 10.193 16.8748 10.1716 32.7969 8.80473 13.0222 20.3957 15.4575 10.5078 10.5391 7.89513 18.6831 7.91158 8.94662 12.7508 7.72624 7.20271 6.70942 6.75819
threshold=0 0.035830421350191766 11112.054999999993 6597.96 12606.000000000002 890.5250000000002 124.50000000000001 11.500000000000002 67.500000000000014 513.50000000000011 1.6574125385409546 2057.0000000000005 171.00000000000048 0.21858346061275385 8975.5000000000018 2803.5000000000005 0.0080326168884699602 0.018871102487401304 2.3318469046504595 401.50000000000006 2.5000000000000004 824.50000000000011 1170.5000000000002 6399.0000000000009 0.015108643587669612 0.014936444357489068 15399.500000000002 0.00051758570172615547 -1.281041232887283e-05 75.051000000000016
decision_type=9 2 2 2 2 2 2 2 2 2 2 8 2 2 2 2 2 2 2 2 2 2 2 2 2 2 10 2 2 2
left_child=1 2 3 4 10 28 -5 -8 -9 -3 11 12 13 14 -1 -12 -17 18 -18 20 -19 23 -23 24 25 -15 -20 -27 29 -6
right_child=-2 9 -4 6 5 -7 7 8 -10 -11 15 -13 -14 21 -16 16 17 19 26 -21 -22 22 -24 -25 -26 27 -28 -29 -30 -31
leaf_value=-0.001446380039907644 -0.013494118111498017 0.049494909620803454 -0.046583624426117382 0.14423572296108642 -0.05099261555522893 0.1248093873772618 -0.00012620316034710714 0.27454418221387233 0.036618142452415667 -0.026459624513167464 -0.037978979444221482 -0.010596564222490893 -0.015985542930254254 0.22023205250115174 0.47750029490195739 -0.00022360811064170186 0.3905013281848021 0.13897768608481928 0.0089992496070628557 -0.035261797651913188 -0.05131939418418522 0.35712394372927081 -0.052824784371774847 0.0012377112361662535 -0.052173000435476617 -0.015325649394330301 0.21257739211444668 0.093058465060166004 -0.03368916446925313 0.084465329762136443
leaf_weight=0.9695062711834932 114.68279772810638 30.194678334519267 11.472484198398886 1.8319268636405457 1.4565503401681774 1.3981318920850743 8.9020523037761432 0.74705184809863512 1.5711933989077804 3.8078678743913761 3.4704541666433242 62.992098859511316 16.50319591909647 1.4449764508754066 0.56617183517664671 7.3551337616518166 0.79001768305897568 3.0152647513896231 0.7994295535609125 2.6652403734624386 0.95897894352674473 0.61088679451495298 0.50991734396666288 9.3524633925408107 1.3819302320480336 2.3010503482073545 1.1176504194736478 4.5916196573525667 38.734704053960741 2.503329056315124
leaf_count=39 5013 308 893 18 92 28 370 10 49 122 130 2727 665 36 20 239 27 86 24 105 45 22 18 404 63 76 23 83 2186 93
internal_value=-0.00122951 0.00541011 -0.000671933 0.00227821 -0.000718992 -0.0225268 0.0402796 0.0233068 0.11329 0.0409889 0.00720191 0.0017643 0.0221305 0.0510804 0.175131 0.0344878 0.0495457 0.0887109 0.204383 0.0415483 0.0930593 0.0416463 0.170615 0.0340672 0.0656566 0.0851864 0.127685 0.0568755 -0.0273517 0.0346402
internal_weight=338.699 224.016 190.013 178.541 165.489 44.0927 13.0522 11.2203 2.31825 34.0025 121.396 101.224 38.2317 21.7285 1.53568 20.1722 16.7017 9.34658 2.7071 6.63948 3.97424 20.1928 1.1208 19.072 9.71958 8.33765 1.91708 6.89267 42.6946 3.95988
internal_count=14014 9001 8571 7678 7231 2399 447 429 59 430 4832 4153 1426 761 59 679 549 310 74 236 131 702 40 662 258 195 47 159 2371 185
cat_boundaries=0 2
cat_threshold=270696457 4194306
is_linear=0
shrinkage=0.05


Tree=27
num_leaves=31
num_cat=1
split_feature=20 27 8 1 8 1 0 1 3 21 24 2 24 35 16 11 7 31 36 8 2 0 22 29 15 15 9 35 3 3
split_gain=10.5468 17.8915 9.54301 7.89947 7.72765 9.30713 10.609 12.1037 7.46958 8.50658 8.94468 6.89724 6.84908 6.8181 6.37119 8.64959 15.6659 7.605 13.2707 12.5413 8.11237 11.9664 12.0202 10.2327 7.36084 7.09669 6.69329 10.4306 6.67194 13.4816
threshold=0 0.032721793278805082 11112.054999999993 11104.000000000002 6597.96 12606.000000000002 440.99500000000006 17480.500000000004 124.50000000000001 11.500000000000002 56.500000000000007 514.50000000000011 221.50000000000003 5.6718477128290661e-05 1.6574125385409546 2057.0000000000005 171.00000000000048 0.0080326168884699602 0.018871102487401304 2657.420000000001 390.50000000000006 249.86500000000004 1.5000000000000002 0.022625288205338521 0.0058639431052582023 7.5338373954812319 502.21214285714291 0.00011932770848110564 424.00000000000006 363.50000000000006
decision_type=9 2 2 2 2 2 2 2 2 2 2 2 2 2 2 8 2 2 2 2 2 2 2 2 2 2 8 2 2 2
left_child=1 2 4 11 5 14 -7 -8 -6 -10 -11 -3 -12 -5 15 16 24 26 19 25 21 22 23 -20 -1 -19 -16 -28 29 -26
right_child=-2 3 -4 13 8 6 7 -9 9 10 12 -13 -14 -15 17 -17 -18 18 20 -21 -22 -23 -24 -25 28 -27 27 -29 -30 -31
leaf_value=0.15946781157062251 -0.0130145695527847 0.056704805349405453 -0.04634316038464445 0.093178496299376329 0.1291522252442277 -0.028702898852064562 0.0073003899220173418 0.22302423465610596 0.00027233964709281105 0.24008753901979102 -0.051871476849119538 -0.032107936010589214 0.16009772510015327 -0.02308794487547787 -0.034979222010174296 -0.010897315249669448 -0.01882487868438841 0.31202962451919092 0.023366751523982248 0.018239026610886298 -0.038409145613922689 0.26775657990815249 -0.052535120093881206 0.23928962136863485 0.04075426513613184 0.13313664164522274 -0.020523020818219689 0.18767551295132467 -0.033971480323738 0.24760302600871961
leaf_weight=1.3563483804464365 113.36576465331018 26.485301882959906 10.96817661449313 1.5098443822935204 1.9405312668532122 39.085175087675452 2.4794130688533182 0.88135639578104008 8.8346571149304491 0.82284770905971472 0.91391762532293774 2.3827420659363261 0.65365245100110769 7.6488332934677601 5.7861990984529266 61.501764581538737 15.604944443330167 0.95784961245954026 1.3164414828643187 1.399218840524554 3.3377853725105524 0.62050232663750637 2.1147627308964729 0.94083922170102585 17.193988825194545 1.3161285202950237 1.5023178663104784 1.0033681197091935 2.7058442505076519 0.82555100508034129
leaf_count=29 5013 234 893 37 18 2287 79 14 368 8 35 66 14 162 220 2707 652 26 48 41 136 14 87 13 589 25 42 19 118 20
internal_value=-0.001247 0.00506106 -0.00110007 0.0365382 0.00173401 -0.00126111 -0.0213729 0.0638736 0.0385723 0.0229133 0.106591 0.0493743 0.0365164 -0.00392096 0.0058835 0.000660807 0.0195228 0.031408 0.0568466 0.136019 0.0219363 0.0622805 0.0331183 0.113364 0.0466227 0.20849 -0.00541749 0.0628473 0.0392377 0.0502309
internal_weight=337.456 224.09 186.064 38.0267 175.095 161.93 42.4459 3.36077 13.1656 11.2251 2.39042 28.868 1.56757 9.15868 119.484 99.1884 37.6867 20.2954 12.0035 3.6732 8.33033 4.99255 4.37204 2.25728 22.0817 2.27398 8.29189 2.50569 20.7254 18.0195
internal_count=14014 9001 8502 499 7609 7166 2380 93 443 425 57 300 49 199 4786 4115 1408 671 390 92 298 162 148 61 756 51 281 61 727 609
cat_boundaries=0 2
cat_threshold=270696457 4194306
is_linear=0
shrinkage=0.05


Tree=28
num_leaves=31
num_cat=1
split_feature=20 8 31 3 0 0 0 3 8 10 9 3 1 3 0 28 17 1 1 1 9 9 0 22 22 2 35 1 6 31
split_gain=9.92931 11.3482 9.23491 7.78775 11.2635 10.5744 14.1743 8.09561 22.0059 7.97249 7.89218 15.8631 8.62562 7.60709 7.59337 7.20902 8.80607 7.18606 9.81721 19.8912 11.2418 21.0429 9.88932 11.145 6.85208 6.74585 7.96486 8.45869 6.87729 10.0931
threshold=0 11112.054999999993 0.070727465435075007 222.00000000000003 30.014500000000002 221.99500000000003 225.50000000000003 212.50000000000003 5059.8150000000032 2.190686146925489 100.7481168684418 312.50000000000006 17480.500000000004 222.00000000000003 54.995000000000012 0.011283209977421634 25832.500000000004 12579.000000000002 11212.000000000002 11329.000000000002 131.47812500000026 163.42477289377294 20.029500000000002 6.5000000000000009 3.5000000000000004 513.50000000000011 5.0102420490593288e-05 4272.5000000000009 95.500000000000014 0.010728544884201028
decision_type=9 2 2 2 2 2 2 2 2 2 8 2 2 2 2 2 2 2 2 2 10 8 2 2 2 2 2 2 2 2
left_child=1 2 3 4 -1 17 -7 9 -9 15 11 24 -12 -2 -15 16 -6 18 22 -20 -21 -22 23 -5 -8 28 -27 -28 -16 -30
right_child=13 -3 -4 5 7 6 10 8 -10 -11 12 -13 -14 14 25 -17 -18 -19 19 20 21 -23 -24 -25 -26 26 27 -29 29 -31
leaf_value=-0.015886109607487882 -0.04243569217024136 -0.046297341626697477 0.060809623568500809 0.0013595611943436803 -0.032444844178571172 0.18620939718623414 0.061596548743574557 -0.0046569223040647759 0.37942752021251086 -0.016958082424503012 -0.009761047777021652 -0.012627430898146001 0.14431452243904144 -0.042492262249399601 -0.020785316386734767 0.029797703087142455 0.2168107139573055 -0.033570769120137144 0.30161061275342993 -0.0094934109752788792 0.38261890263487536 0.018132417430028823 -0.014855886435498135 0.19658892353263815 0.24236104969791389 -0.051113037123010831 0.1069604417763963 0.018022706826484582 0.18426890497272405 -0.050912904901553604
leaf_weight=26.453289640136063 22.731891694478691 10.910832259804009 7.4023157171905032 1.8859699526801699 7.474629587493836 1.3062189891934419 0.86351620405912699 1.0524456351995457 0.57759545184671868 13.215639738366006 14.98073508776724 2.5099813351407647 0.96700571849942285 12.051563831977544 22.805221928283576 73.282830856740475 0.37198486179113377 27.54214649181813 0.70329930353909542 5.9468051241710782 0.5753708882257339 1.2701426148414612 59.497924167662859 1.1937106661498544 1.3343287063762543 2.5590194268152109 3.8832294903695574 8.5813439628109318 1.0243689538910974 0.8225079234689473
leaf_count=859 1360 917 42 78 383 14 28 47 14 306 527 90 20 884 1188 1818 14 1763 20 317 20 43 2613 38 27 136 70 291 35 52
internal_value=-0.00124772 0.00348558 0.00579393 0.00411807 0.0130011 -0.00490131 0.0264751 0.0209631 0.131441 0.0190544 0.0163738 0.0732577 -0.000418536 -0.0161576 -0.0077332 0.0249206 -0.0206284 -0.0118889 -0.00348675 0.0469472 0.0239625 0.131767 -0.0103337 0.0770321 0.17134 0.00282493 0.0292348 0.0457305 -0.0132699 0.0795305
internal_weight=335.778 261.319 250.408 243.006 122.428 120.577 21.9618 95.9751 1.63004 94.3451 20.6556 4.70783 15.9477 74.4591 51.7273 81.1294 7.84661 98.6154 71.0732 8.49562 7.79232 1.84551 62.5776 3.07968 2.19784 39.6757 15.0236 12.4646 24.6521 1.84688
internal_count=14014 9998 9081 9039 3441 5598 706 2582 61 2521 692 145 547 4016 2656 2215 397 4892 3129 400 380 63 2729 116 55 1772 497 361 1275 87
cat_boundaries=0 2
cat_threshold=272334857 4194506
is_linear=0
shrinkage=0.05


Tree=29
num_leaves=31
num_cat=2
split_feature=28 20 36 9 11 3 28 9 3 36 36 20 22 29 27 0 1 16 6 29 3 1 1 2 1 13 28 0 0 0
split_gain=9.33265 9.63593 8.65479 10.3186 8.54017 8.00895 6.93159 7.52195 6.70747 6.43962 11.994 8.32087 7.31216 15.7765 7.37136 6.43573 6.248 7.90733 6.09668 10.9371 6.01059 6.67887 8.9442 9.93472 7.49613 8.17547 11.9275 7.61491 9.05493 8.59905
threshold=0.010469396952317767 0 0.014284338398043795 186.47796052631577 265.50000000000006 222.00000000000003 0.011880523911486114 193.45694444444447 124.50000000000001 0.024134199134199136 0.034105422566048753 1 6.5000000000000009 0.022893318239527661 0.06340369742788661 54.995000000000012 1211.0000000000002 -0.00049693946766630602 9.5000000000000018 0.019288490482006874 402.50000000000006 2706.5000000000005 8232.0000000000018 553.50000000000011 8029.0000000000009 1.0000000180025095e-35 0.010756807065482692 40.120000000000012 52.233500000000006 48.960000000000008
decision_type=2 9 2 10 8 2 2 8 2 2 2 9 2 2 2 2 2 2 2 2 2 2 2 2 2 2 2 2 2 2
left_child=16 2 3 -2 -4 -3 -5 -8 -9 18 -11 20 14 -14 -13 -7 -1 -18 19 -6 21 -12 23 24 25 26 -23 -28 29 -29
right_child=1 5 4 6 9 15 7 8 -10 10 11 12 13 -15 -16 -17 17 -19 -20 -21 -22 22 -24 -25 -26 -27 27 28 -30 -31
leaf_value=0.16367548108628804 -0.025195928002892543 -0.043467489524554967 0.040662141061828055 0.16377138239006162 0.23965093585972702 -0.04030882057633689 0.11461519602830948 0.098756237292485949 -0.020059907042201237 -0.038611355387417182 -0.02289900111275317 -0.017162814153398469 0.31107706710038041 -0.05146550274626234 0.048859165058829673 0.0064777298798681729 0.20195988146811159 -0.025701386872161433 0.016606709323670202 0.047158009232648138 -0.022323373730919072 0.47470228206831955 0.015271258018951553 -0.033308061361994885 0.2123387245643282 -0.0035366226308491109 -0.0020034644054160778 0.082423781152826295 0.069751382268251158 0.27155298042598741
leaf_weight=0.44872244726866384 35.63286532368511 19.046410056762397 22.853303379379213 0.88831703644245763 0.84496251959353941 9.5498260725289565 1.6936584403738351 1.4205997437238691 7.2487065382301807 15.087187242694197 5.9259968232363454 44.816507345996797 0.55052792746573576 0.65961180627346039 4.6681271828711024 31.910305289551616 0.38461524527519841 45.758735177107155 20.79650916531682 5.8251949194818735 6.8112238850444546 0.18891602382064832 29.593254250474274 2.6452964302152386 0.88320866506546636 3.6671449933201066 2.6349215377122155 1.1822189260274165 9.3247865177690965 1.222446792759001
leaf_count=10 2012 1134 406 14 17 722 27 15 223 638 199 1798 21 31 51 1374 13 2658 579 134 335 5 1068 102 20 104 71 14 189 30
internal_value=-0.00123902 0.00212435 0.00682107 -0.0120151 0.0121009 -0.0142701 0.0297286 0.0182384 -0.000590047 0.00795214 0.00329992 0.0088092 -0.00665275 0.113466 -0.0109346 -0.00429897 -0.0219982 -0.0238038 0.0299477 0.0715426 0.0190992 0.0273608 0.0331619 0.0575053 0.0700803 0.0631845 0.0799969 0.0748059 0.0920605 0.17857
internal_weight=334.164 287.572 227.065 46.8841 180.181 60.5065 11.2513 10.363 8.66931 157.328 129.861 114.774 50.6948 1.21014 49.4846 41.4601 46.5921 46.1434 27.4667 6.67016 64.0794 57.2682 51.3422 21.7489 19.1036 18.2204 14.5533 14.3644 11.7295 2.40467
internal_count=14014 11333 8103 2291 5812 3230 279 265 238 5406 4676 4038 1901 52 1849 2096 2681 2671 730 151 2137 1802 1603 535 433 413 309 304 233 44
cat_boundaries=0 2 4
cat_threshold=271220745 4194306 268599296 4194306
is_linear=0
shrinkage=0.05


Tree=30
num_leaves=31
num_cat=1
split_feature=22 20 27 6 2 0 23 16 26 24 31 8 15 2 28 1 31 24 1 10 10 35 35 8 2 8 1 31 36 36
split_gain=8.99745 9.53011 12.4378 9.19482 5.93922 5.58874 7.92393 7.69026 11.2323 10.2089 10.0512 5.52204 6.02295 9.02653 5.85582 7.26972 8.86838 5.31734 5.23693 5.22718 6.41101 5.40433 9.0629 7.40211 10.2673 8.15484 10.055 9.16297 6.93365 9.58439
threshold=29.500000000000004 0 0.035830421350191766 95.500000000000014 513.50000000000011 135.25000000000003 28.500000000000004 1.7246648115954668 79.500000000000014 250.50000000000003 0.010867461843417961 8390.6700000000183 0.16612254477375879 561.50000000000011 0.017963702041664358 5613.5000000000009 0.0089898204319579442 30.500000000000004 16813.000000000004 0.33418421761791678 0.35069487051017184 4.8847519524512896e-05 9.2258486142090949e-05 605.05200000000013 103.50000000000001 677.5500000000003 2583.0000000000005 0.002934556713477423 0.16515151515151519 0.18452380952380956
decision_type=2 9 2 2 2 2 2 2 2 2 2 2 2 2 2 2 2 2 2 2 2 2 2 2 2 2 2 2 2 2
left_child=1 2 5 19 -4 18 7 9 10 11 -9 12 13 14 -7 -16 -17 -12 -1 -3 -21 -22 28 -24 -25 27 -27 -26 -23 -30
right_child=-2 3 4 -5 -6 6 -8 8 -10 -11 17 -13 -14 -15 15 16 -18 -19 -20 20 21 22 23 24 25 26 -28 -29 29 -31
leaf_value=-0.0018612133353424027 -0.04269327660424161 -0.046536563362831532 0.041230020987908206 0.13972254737726328 -0.025778290929644499 -0.025901969432686241 0.06786344966133484 0.22908286189100766 -0.013058238889645106 0.13947616675575492 0.11414728162472038 0.0495617782682383 -0.028595345898386554 0.16488479598422159 0.10225596262528316 -0.051537877496884099 0.14881377587578853 -0.015712244203721838 -0.044541577815085824 0.13041156675190665 -0.042877502474226531 -0.038343484750185376 -0.031819864952657484 0.13925409260786845 0.24570958201632115 0.065234983093765825 -0.020273270020268581 0.023481325627286043 0.23051249468015686 0.036613279065643697
leaf_weight=116.01241332758218 12.582734875380991 10.879847121424971 31.047704093158245 0.98544627893715997 3.7010195152834049 7.6710108388215268 6.2025237232446662 1.2044845363125185 3.6000748919323087 1.2562995245680202 1.8878975138068201 4.1151748821139327 21.202669084072113 0.91872367635369379 2.6311619244515896 2.6077052429318432 0.70075424574315537 1.3534056516364215 7.6618860317394129 0.8067496744915833 11.732808054424821 2.894079132936894 31.523150312714279 1.3000855613499869 0.65531326364725773 3.9008321063593021 28.976160365156829 1.587600923143327 0.67987677082419296 10.179787623696027
leaf_count=5401 1131 687 306 21 121 346 71 21 101 25 33 80 858 30 53 106 12 42 512 39 670 141 1336 47 8 70 1295 50 12 389
internal_value=-0.0012204 0.000410983 0.00641796 -0.0112377 0.0340931 0.00140475 0.0146099 0.00788939 0.0525922 -0.000861018 0.105754 -0.00528556 -0.0116022 0.0131959 0.00295681 0.0402279 -0.00910203 0.0599245 -0.00450535 -0.013722 -0.00993345 -0.0111453 -0.00658812 -0.0140808 0.00127312 -0.00383472 -0.0101278 0.0884099 0.0304256 0.0487525
internal_weight=332.459 319.877 213.775 106.102 34.7487 179.026 55.3519 49.1494 8.04586 41.1035 4.44579 39.8472 35.732 14.5294 13.6106 5.93962 3.30846 3.2413 123.674 105.116 94.2364 93.4297 81.6969 67.9431 36.42 35.1199 32.877 2.24291 13.7537 10.8597
internal_count=14014 12883 8118 4765 427 7691 1778 1707 197 1510 96 1485 1405 547 517 171 118 75 5913 4744 4057 4018 3348 2806 1470 1423 1365 58 542 401
cat_boundaries=0 2
cat_threshold=270696457 4194306
is_linear=0
shrinkage=0.05


Tree=31
num_leaves=31
num_cat=1
split_feature=22 20 27 6 36 0 27 6 8 17 0 0 1 17 1 36 35 23 1 1 31 9 15 3 9 10 10 17 2 3
split_gain=8.47681 8.68604 11.0891 7.71233 5.52207 5.08091 5.47281 5.14475 17.313 9.44824 6.42495 6.62228 8.13762 5.29138 5.28657 7.73767 11.5419 7.74193 5.21487 8.23995 16.3383 17.426 10.0534 8.3876 8.49958 14.4998 7.39773 5.88719 6.07124 5.35831
threshold=29.500000000000004 0 0.035830421350191766 95.500000000000014 0.01483869588809133 110.0425 0.025357839712090116 3.5000000000000004 117.10800000000002 -9131.9999999999982 20.029500000000002 59.975000000000009 11814.500000000002 -10442.999999999998 9506.5000000000018 0.14848484848484853 0.00011932770848110564 170.50000000000003 12579.000000000002 11212.000000000002 0.0070456039664649047 134.86325892857144 0.68285863068198205 222.00000000000003 171.00456521739139 0.2084696037065267 0.25662105391114326 7.5000000000000009 223.00000000000003 203.50000000000003
decision_type=2 9 2 2 2 2 2 2 2 2 2 2 2 2 2 2 2 2 2 2 2 10 2 2 10 2 2 2 2 2
left_child=1 2 5 -3 -4 7 -7 14 -9 10 -10 13 -13 -12 15 17 -17 -1 19 23 21 22 -21 24 27 -26 -27 -11 -29 -30
right_child=-2 3 4 -5 -6 6 -8 8 9 18 11 12 -14 -15 -16 16 -18 -19 -20 20 -22 -23 -24 -25 25 26 -28 28 29 -31
leaf_value=-0.039790943842478471 -0.042328799473217431 -0.013269300699799501 -0.034713972473709769 0.12129888106397496 0.037941931999976239 0.05257816970097659 0.0071004773321320372 0.2695245534802711 0.18661551492594419 -0.038556288921010831 -0.034665193264057377 0.048497559943345175 0.24644520137732662 0.1422912987598618 -0.035367024223027559 0.00056752499588872318 0.11068406123492169 0.17241946982985568 -0.033055076120757886 0.2512613906885216 -0.010372836425655759 0.43663576672099591 -0.051163364888312725 -0.027133412668605941 -0.051366615789435605 0.28918532903880373 0.09127879190177117 -0.032776277907555329 0.029880604023304114 0.14081313436741713
leaf_weight=12.422792141325772 12.069553475826977 103.61837237607688 2.845928360708057 1.0757869342342008 32.253158868290484 7.4260186683386555 60.599681325256824 0.61147015448659559 0.82891273032873769 4.8098419578745943 2.9094548299908638 2.2991293743252759 0.67065272480249394 0.49420907720923457 21.991293517872691 14.373365808278324 2.8517784345895043 0.44519209582358676 12.850732165388761 0.4948835065588344 2.455926719121635 0.50848855264484871 0.61791947670280933 18.377644354477525 1.0341977477073663 0.86531800590455521 1.0393487596884368 2.4728812491521239 3.739615311846137 1.5355253927409647
leaf_count=542 1131 4744 96 21 331 99 2119 11 23 185 162 69 35 14 1334 672 53 17 873 23 140 8 33 928 47 14 35 84 119 52
internal_value=-0.00119827 0.000360274 0.00607262 -0.0108502 0.0320508 0.00131068 0.012065 -0.0052979 0.00486277 0.00207278 0.0556671 0.0386363 0.0931992 -0.00897126 -0.0167328 -0.00311537 0.0187983 -0.0324491 -0.0055254 0.00379638 0.0709502 0.194138 0.0833304 -0.00428646 0.0228079 0.0993528 0.181191 0.00489435 0.0318678 0.0621716
internal_weight=330.589 318.52 213.825 104.694 35.0991 178.726 68.0257 110.701 58.6162 58.0047 7.20236 6.37345 2.96978 3.40366 52.0844 30.0931 17.2251 12.868 50.8023 37.9516 4.07722 1.62129 1.1128 33.8744 15.4967 2.93886 1.90467 12.5579 7.74802 5.27514
internal_count=14014 12883 8118 4765 427 7691 2218 5473 2855 2844 303 280 104 176 2618 1284 725 559 2541 1668 204 64 56 1464 536 96 49 440 255 171
cat_boundaries=0 2
cat_threshold=270696457 4194306
is_linear=0
shrinkage=0.05


Tree=32
num_leaves=31
num_cat=1
split_feature=28 20 3 8 31 1 0 16 3 35 0 2 35 0 24 26 1 3 11 22 1 35 35 0 22 7 35 35 1 29
split_gain=8.00039 7.59353 7.74532 7.18779 6.48955 6.34265 5.95926 5.9582 5.432 7.08957 6.87457 5.32621 8.52801 10.303 7.41076 15.5237 10.0702 10.2957 8.95237 6.50056 5.19917 5.63232 11.8664 8.00031 7.60378 11.5215 5.15619 10.8781 7.57739 6.77901
threshold=0.010469396952317767 0 222.00000000000003 11112.054999999993 0.070727465435075007 12686.500000000002 54.995000000000012 -0.00049693946766630602 192.50000000000003 5.311749636602766e-05 75.051000000000016 480.50000000000006 0.004809186957628238 225.50000000000003 77.500000000000014 68.500000000000014 14863.000000000002 266.50000000000006 4869.5000000000009 23.500000000000004 1211.0000000000002 0.00088345389317230421 0.0012400421200337321 1183.2100000000003 7.5000000000000009 154.97000000000017 7.9111863644352277e-05 9.3629489186273582e-05 12579.000000000002 0.023116063238472477
decision_type=2 9 2 2 2 2 2 2 2 2 2 2 2 2 2 2 2 2 10 2 2 2 2 2 2 2 2 2 2 2
left_child=7 3 -3 4 5 26 -4 -1 9 10 -7 12 19 -14 15 16 -13 -18 -16 -8 -9 -22 24 -24 25 -23 29 28 -28 -2
right_child=1 2 6 -5 -6 8 11 20 -10 -11 -12 14 13 -15 18 -17 17 -19 -20 -21 21 22 23 -25 -26 -27 27 -29 -30 -31
leaf_value=0.15929734957040764 0.014653465301262027 -0.042773639882741604 -0.039398426018104726 -0.043731876412323477 0.054106475506227859 0.0051114953569998635 -0.036221041689713573 0.13659150422355823 -0.022690942235140919 -0.0022288912882519464 0.14556302032877719 -0.00793547894817569 0.026522340368685796 0.30346762063895316 -0.051758960039243462 0.25381409174542835 0.24845420450280878 0.0221062384904472 0.054259073515041778 0.096276017135941361 -0.03942419301565555 0.044917156750485798 -0.030401260765701366 0.20617597936633869 -0.051611014533489902 0.25670191289292216 0.051283304893061259 0.011553284559952271 0.18782507646123844 -0.037159597630430308
leaf_weight=0.45429122634231944 13.577143444679679 17.702211265452206 8.8306438932195288 6.9615720557048908 7.3364322111010543 1.7419706294313102 13.154383417218927 0.50635157153010268 30.072298384271562 18.983162065967917 1.7429469404742119 4.1498342314735046 1.752081063576042 0.41546068619936694 4.4608841594308597 0.94924964010715474 0.9460045658051971 1.0713488217443226 3.5966716753318906 0.99579397309571582 25.915104098618031 1.949081860482696 13.619163437746462 0.36698522977531034 0.90013512130826701 0.95774001162499178 6.8209496857598406 126.31520364899188 1.1939353477209804 11.798996435478328
leaf_count=13 645 1134 722 657 42 72 716 10 1808 609 39 156 80 14 206 21 10 31 111 29 1636 64 880 5 49 24 149 3648 12 422
internal_value=-0.00118271 0.0019053 -0.0129683 0.00602149 0.00787308 0.00627499 -0.00309937 -0.0208553 -0.00879452 0.00980508 0.0753569 0.0070793 -0.0127497 0.0796055 0.0284029 0.065584 0.0366117 0.128248 -0.00443542 -0.0268968 -0.0227063 -0.0245518 -0.00289057 -0.0241937 0.0753736 0.114696 0.0112326 0.0151374 0.0716232 -0.00943775
internal_weight=329.238 284.569 58.0246 226.545 219.583 212.247 40.3224 44.6689 52.5404 22.4681 3.48492 31.4917 16.3177 2.16754 15.174 7.11644 6.16719 2.01735 8.05756 14.1502 44.2146 43.7082 17.7931 13.9861 3.80696 2.90682 159.706 134.33 8.01489 25.3761
internal_count=14014 11333 3230 8103 7446 7404 2096 2681 2528 720 111 1374 839 94 535 218 197 41 317 745 2668 2658 1022 885 137 88 4876 3809 161 1067
cat_boundaries=0 2
cat_threshold=271220745 4194306
is_linear=0
shrinkage=0.05


Tree=33
num_leaves=31
num_cat=1
split_feature=22 20 27 6 2 2 0 10 9 25 23 21 0 0 27 22 31 24 35 3 0 28 11 29 17 0 6 15 7 24
split_gain=7.71403 7.45937 9.48387 6.11213 5.22098 5.75386 5.12466 5.03258 5.66332 5.36212 6.9288 8.87508 6.85928 19.8893 7.08876 5.68478 6.18016 5.30837 4.73013 4.53127 5.2093 6.06325 5.48456 5.21718 5.05917 7.45884 7.15355 7.59472 7.32698 5.5604
threshold=29.500000000000004 0 0.035830421350191766 95.500000000000014 103.50000000000001 513.50000000000011 112.99500000000002 0.33418421761791678 502.21214285714291 52.500000000000007 44.500000000000007 6.5000000000000009 39.999000000000002 33.50350000000001 0.045129249737492619 17.500000000000004 0.0051011798418632319 62.500000000000007 0.00016380799379158516 480.50000000000006 110.0425 0.00090536951502073336 4.5000000000000009 0.011311413485115144 -9131.9999999999982 20.029500000000002 20.500000000000004 0.12980234651380121 45.990000000000016 21.500000000000004
decision_type=2 9 2 2 2 2 2 2 10 2 2 2 2 2 2 2 2 2 2 2 2 2 8 2 2 2 2 2 2 2
left_child=1 2 19 7 -4 -6 -7 -3 9 10 11 -9 13 14 -13 -14 -17 -18 -12 20 21 -1 -23 -22 25 -24 27 28 -27 -30
right_child=-2 3 4 -5 5 6 -8 8 -10 -11 18 12 15 -15 -16 16 17 -19 -20 -21 23 22 24 -25 -26 26 -28 -29 29 -31
leaf_value=0.18478321899159583 -0.041743923844375502 -0.046106577406595635 -0.059501954638083367 0.10175425650361401 0.040749104901475458 -0.052022749004082262 0.10640231462681522 -0.017331273776335296 0.078831455212641857 -0.038269479822253545 0.11801759259336966 -0.052262001361949306 -0.024033688407438136 0.30468846806869054 0.14360593317831791 0.14811682146802829 0.076009310517833675 -0.051972642809222674 0.01044410596092419 -0.034359594393931429 0.12523813283535917 0.17211690214673653 0.11957354570929009 0.012228660602217355 -0.010023247709305084 0.16934878345039373 0.16583729307168849 -0.024866331074111903 0.13331072747962724 -0.028824983491283436
leaf_weight=0.42369225341826577 11.306437030434607 10.065694657154379 1.5770358331501473 1.1830821409821499 30.205566389486194 3.0560265034437175 0.61281522549688805 57.559220418334007 1.8050504755228747 14.662523201666771 1.8188329217955459 1.3715527420863507 5.7057558763772231 0.82014065980911244 0.6965275416150688 1.2038534888997672 1.71367106679827 1.5368367088958619 2.332204575650394 8.5698233060538751 1.0378703484311689 0.43650993332266708 1.7112953178584565 63.90321646630764 89.056114666163921 1.0862540304660773 0.68718213681131679 8.9369232617318612 0.72661497257649932 1.9423407362774012
leaf_count=28 1131 687 19 21 287 111 10 3090 36 488 21 58 192 15 11 21 25 60 40 435 14 12 43 2069 4509 36 26 433 7 79
internal_value=-0.00116275 0.000287196 0.00554626 -0.0102362 0.0294272 0.0335673 -0.0255606 -0.0125548 -0.00885272 -0.0106227 -0.00520031 -0.00889111 0.0283404 0.0963336 0.0137061 0.00901191 0.0513412 0.0154996 0.0575789 0.0011145 0.00290332 -0.00398087 -0.0047456 0.0140347 -0.00548688 0.0212842 0.00871236 0.00020524 0.0598724 0.015316
internal_weight=327.751 316.444 213.969 102.475 35.4514 33.8744 3.66884 101.292 91.2262 89.4211 74.7586 70.6076 13.0483 2.88822 2.06808 10.1601 4.45436 3.25051 4.15104 178.518 169.948 105.007 104.583 64.9411 104.147 15.0906 13.3793 12.6921 3.75521 2.66896
internal_count=14014 12883 8118 4765 427 408 121 4744 4057 4021 3533 3472 382 84 69 298 106 85 61 7691 7256 5173 5145 2083 5133 624 581 555 122 86
cat_boundaries=0 2
cat_threshold=270696457 4194306
is_linear=0
shrinkage=0.05


Tree=34
num_leaves=31
num_cat=1
split_feature=22 20 27 1 35 36 10 35 10 35 6 1 2 36 36 0 0 35 6 1 3 3 7 21 9 0 9 8 3 1
split_gain=7.26345 6.8006 8.54855 5.70664 5.75625 5.45188 5.28755 5.86676 10.7792 6.95256 7.71236 6.81552 6.41707 5.85856 6.42455 6.08894 12.2317 5.79249 5.76204 5.62231 5.35736 6.87019 5.17282 4.99724 4.76924 4.61472 4.51142 4.15519 7.02332 6.65916
threshold=29.500000000000004 0 0.032721793278805082 11104.000000000002 4.6599727842935538e-05 0.13762626262626265 0.33418421761791678 4.8847519524512896e-05 0.34016777564551876 9.2258486142090949e-05 5.5000000000000009 2803.5000000000005 103.50000000000001 0.16515151515151519 0.18452380952380956 99.975000000000009 75.051000000000016 8.3181514238471238e-05 95.500000000000014 3533.0000000000005 326.00000000000006 270.50000000000006 87.348000000000084 5.5000000000000009 133.43822443181818 599.97500000000014 291.17390211640213 6597.96 124.50000000000001 12606.000000000002
decision_type=2 9 2 2 2 2 2 2 2 2 2 2 2 2 2 2 2 2 2 2 2 2 2 2 8 2 10 2 2 2
left_child=1 2 27 5 -5 23 -3 -8 -9 13 12 20 24 -10 -15 16 17 19 22 -16 21 26 -13 -4 -11 -2 -12 29 -29 -1
right_child=25 6 3 4 -6 -7 7 8 9 10 11 18 -14 14 15 -17 -18 -19 -20 -21 -22 -23 -24 -25 -26 -27 -28 28 -30 -31
leaf_value=0.004224902479246952 -0.045861300986734875 -0.045891772452861204 0.063023367162519342 0.11349968215643268 -0.019830861143587408 -0.024869697013426853 -0.041934780741563843 0.30914217046829146 -0.037762907270095493 -0.0068619956747153505 -0.051650288491778565 0.0061883346970355232 -0.042418185465325019 0.18128991810850134 0.090766048605994909 -0.010367259571245018 0.174216389156444 0.14469479008669484 0.10416155706371477 -0.051285337772117426 -0.051563454444928186 0.15550027937187916 -0.031930604555175178 0.019011222001459605 0.15498891942064863 0.19434170294940575 0.06979036139040605 0.11201051501860096 0.012302130200874867 -0.019490389029192558
leaf_weight=121.00861875526607 10.650676248595115 9.7348175253719074 15.53167019039393 0.89404527936130662 8.5609561428427678 3.145268701016902 10.689718450419603 0.27649112045764823 2.6747759524732819 1.2474680971354268 1.1099123070016497 21.470298409461975 20.488840028643608 0.79848946630954643 0.99007325712591265 4.4146059211343527 1.8408517334610222 0.74877823796123255 1.1476541571319092 2.3497220380231738 1.0754813654348252 1.6461399979889391 15.201097222976385 11.029437617398797 0.71662491653114568 0.2037790175527342 2.4592541111633182 2.0500964298844329 12.749876882880924 39.186369571834803
leaf_count=4775 1117 692 113 24 174 67 670 10 141 31 54 760 1114 12 23 181 24 23 16 138 42 38 756 117 21 14 19 17 492 2339
internal_value=-0.00113693 0.000247771 0.00524633 0.0266084 -0.0072234 0.0373765 -0.00988368 -0.00712828 -0.00251525 -0.00358729 -0.0102871 0.00185562 -0.0341421 0.0286882 0.0446398 0.0340914 0.0671919 0.0190049 -0.00616021 -0.00917459 0.0500453 0.0709987 -0.0096128 0.0447474 0.0521914 -0.0413518 0.0320257 0.000765594 0.0261138 -0.00157625
internal_weight=326.092 315.237 214.156 39.1614 9.455 29.7064 101.081 91.3463 80.6566 80.3801 66.5628 44.1098 22.4529 13.8173 11.1425 10.344 5.92943 4.08857 37.819 3.3398 6.29079 5.21531 36.6714 26.5611 1.96409 10.8545 3.56917 174.995 14.8 160.195
internal_count=14014 12883 8118 495 198 297 4765 4073 3403 3393 2851 1685 1166 542 401 389 208 184 1532 161 153 111 1516 230 52 1131 73 7623 509 7114
cat_boundaries=0 2
cat_threshold=270696457 4194306
is_linear=0
shrinkage=0.05


Tree=35
num_leaves=31
num_cat=2
split_feature=28 20 9 10 29 5 11 8 34 22 36 20 31 1 1 1 9 23 3 3 36 35 28 23 32 24 32 32 2 8
split_gain=7.05309 6.58803 7.10086 6.79726 6.26304 6.24289 7.16417 5.82488 5.16675 6.07669 6.56338 10.612 8.48243 7.43509 6.36741 11.9011 6.32259 6.27777 6.53524 6.6421 6.25404 6.62929 9.43424 6.17118 5.54161 5.4677 10.1407 13.4521 11.1167 7.86664
threshold=0.010469396952317767 0 186.47796052631577 0.57710098202212445 0.024169417027869605 2.5000000000000004 73.500000000000014 99.075000000000003 1.0000000180025095e-35 11.500000000000002 0.038316988872653709 1 0.010660523086605941 16266.000000000002 15765.000000000002 16561.000000000004 40.000000000000121 79.500000000000014 402.50000000000006 363.50000000000006 0.024300699300699304 0.0010609422344230511 0.014510952889903297 101.50000000000001 0.00073547883370557086 58.500000000000007 0.00042588865063595573 0.0003766676795613658 360.50000000000006 1132.99
decision_type=2 9 10 2 2 2 8 2 2 2 2 9 2 2 2 2 8 2 2 2 2 2 2 2 2 2 2 2 2 2
left_child=-1 2 3 -2 -5 6 -3 -7 9 10 20 13 -13 17 16 -16 -14 18 19 25 21 22 -8 -23 -11 -12 27 -27 -29 -28
right_child=1 5 -4 4 -6 7 8 -9 -10 24 11 12 14 -15 15 -17 -18 -19 -20 -21 -22 23 -24 -25 -26 26 29 28 -30 -31
leaf_value=-0.019974312595765171 -0.055314288166820484 0.049892494628671874 0.15349474046974101 -0.011404708618819965 0.088013027575098282 0.1705687384386321 0.16909736263021019 -0.021007213225454902 -0.016986423039264929 0.021674533173041813 0.017868874263806466 -0.032556803303096245 0.077059826849944779 -0.041228660397921391 0.28248604712667585 0.0167743223801071 -0.011410644444325628 -0.021241172625628441 -0.024474825250967069 0.14857081582128309 -0.041856994355959881 -0.028839745119117483 0.013389623976042382 0.092099976456905097 0.14008934272684978 0.0065569288654425449 0.024810247947768 0.089329648811032725 0.29266858874520268 0.15988785409765921
leaf_weight=42.982506772503257 1.585420299321411 7.7794508067890993 1.5836992161348451 2.2525194897316396 5.338902578689158 0.40094845462590356 1.0896134227514291 38.122446877881885 33.620509554632008 26.207724249456081 34.426277374848723 26.423455141484737 2.3588115442544284 4.8027596883475772 0.59825002867728416 1.425623472779989 14.03782372176647 7.1909911129623643 5.4224314615130416 1.2153927702456702 15.284413737244902 16.021933436393741 9.0746719529852253 1.1291375355795015 1.0267231334000815 1.6714965198189045 17.3080596504733 1.3973724180832507 1.2951589934527872 1.1494421195238818
leaf_count=2681 66 143 23 99 80 6 28 2086 1513 950 699 1484 47 263 29 73 709 163 274 30 773 679 185 15 30 80 685 55 39 27
internal_value=-0.00111044 0.00177255 0.0288816 0.0388486 0.0585139 -0.000360385 0.00272195 -0.0190133 0.00108503 0.00427342 0.000627339 0.00658146 -0.0117746 0.0167712 0.0116446 0.0953178 0.00131667 0.0230499 0.0280353 0.0329056 -0.016246 -0.00191532 0.0300815 -0.0208777 0.0261387 0.03045 0.0494287 0.117973 0.18714 0.0332222
internal_weight=324.224 281.241 10.7605 9.17684 7.59142 270.481 231.958 38.5234 224.178 190.558 163.323 120.723 44.844 75.8794 18.4205 2.02387 16.3966 71.0766 63.8856 58.4632 42.5998 27.3154 10.1643 17.1511 27.2344 57.2478 22.8215 4.36403 2.69253 18.4575
internal_count=14014 11333 268 245 179 11065 8973 2092 8830 7317 6337 4657 2342 2315 858 102 756 2052 1889 1615 1680 907 213 694 980 1585 886 174 94 712
cat_boundaries=0 2 3
cat_threshold=2129920 4194306 269090820
is_linear=0
shrinkage=0.05


Tree=36
num_leaves=31
num_cat=1
split_feature=22 20 3 21 9 31 0 35 2 2 1 3 0 0 0 25 23 2 24 11 11 31 1 26 34 36 3 35 8 28
split_gain=6.6921 6.0366 6.61238 6.84317 6.04682 5.79087 5.75908 5.18488 5.74608 9.1929 6.20536 8.90741 5.00505 7.91489 4.97497 9.46011 7.65459 7.23 6.92638 6.84328 6.7694 5.21329 6.42176 9.40151 5.62663 5.69637 5.18758 5.15092 4.83063 4.6962
threshold=29.500000000000004 0 222.00000000000003 6.5000000000000009 78.944999999999951 0.070727465435075007 54.995000000000012 0.004809186957628238 480.50000000000006 482.50000000000006 4272.5000000000009 324.50000000000006 330.99500000000006 440.99500000000006 75.051000000000016 28.500000000000004 79.500000000000014 514.50000000000011 200.50000000000003 54399.500000000007 13133.500000000002 0.0015196124484905991 13109.500000000002 235.50000000000003 1.0000000180025095e-35 0.012885272763228523 488.00000000000006 5.0102420490593288e-05 6597.96 0.02201318251575041
decision_type=2 9 2 2 8 2 2 2 2 2 2 2 2 2 2 2 2 2 2 8 10 2 2 2 2 2 2 2 2 2
left_child=1 5 -3 6 -5 14 -4 8 -8 -10 11 -11 -12 -14 17 26 19 21 -18 20 -17 27 24 -24 25 -23 -16 -1 -19 -21
right_child=-2 2 3 4 -6 -7 7 -9 9 10 12 -13 13 -15 15 16 18 28 -20 29 -22 22 23 -25 -26 -27 -28 -29 -30 -31
leaf_value=0.16022938301493131 -0.04080661881689078 -0.03997597203012368 -0.050655367662819695 0.18613052558969179 0.024591473390153884 0.048158523311774504 -0.02993439846686409 0.1007215122475002 0.21284485865072564 -0.051808314662892596 -0.03726289308758917 0.089447261914705534 0.20637842541446372 -0.051228890145172547 0.0054638795994515488 0.057245064311698728 -0.033936744515862281 -0.039365740983822263 0.083897143666522608 0.17271506547393778 -0.040765939946811984 -0.032003090565022277 -0.03957401654943301 0.21196496295836598 -0.032335130223951833 0.01385768805877071 -0.051783623272899107 0.021683804836612391 0.10121370851576483 0.063192611756316339
leaf_weight=0.7061374569311728 10.270323439035563 18.068056957796216 8.1119509413838369 0.62643592152744254 7.7009162716567525 7.1923718713223925 14.032876652665442 1.15638818591833 0.56528569292276998 1.5730229793116439 6.8570016780868155 3.8416448924690485 0.57880183216184355 0.61498710978776217 97.265773244202137 9.5315825063735229 5.1344051752239457 16.947585573419932 1.6472088415175674 1.8717290032655012 2.1611896669492134 7.7661592103540888 15.058525998145338 0.38086824305355627 10.095703788101671 52.842576056718826 4.1250594267621628 13.433195843361316 0.63394131138920684 2.0515973381698132
leaf_count=27 1131 1296 735 31 275 42 860 26 19 66 398 64 22 31 3552 113 130 967 21 26 28 479 913 34 491 1724 188 284 21 20
internal_value=-0.00109306 0.000211825 -0.0124233 -0.00424115 0.0367435 0.00379434 -0.0133833 -0.00303594 -0.00731136 0.0153151 0.00702273 0.0484109 -0.0208134 0.0736706 0.00263093 0.00963129 0.03904 -0.00472127 -0.00531568 0.0583023 0.0391296 0.000463887 -0.00415476 -0.0333689 0.0022246 0.00798127 0.00313478 0.028603 -0.0342968 0.115443
internal_weight=322.843 312.573 63.7274 45.6593 8.32735 248.846 37.332 29.22 28.0636 14.0307 13.4655 5.41467 8.05079 1.19379 241.653 123.789 22.3977 117.865 6.78161 15.6161 11.6928 100.283 86.1438 15.4394 70.7044 60.6087 101.391 14.1393 17.5815 3.92333
internal_count=14014 12883 3823 2527 306 9060 2221 1486 1460 600 581 130 451 53 9018 4078 338 4940 151 187 141 3952 3641 947 2694 2203 3740 311 988 46
cat_boundaries=0 2
cat_threshold=272269321 4194378
is_linear=0
shrinkage=0.05


Tree=37
num_leaves=31
num_cat=1
split_feature=22 35 10 34 10 0 32 17 28 8 28 16 16 1 0 10 0 20 21 3 35 11 36 36 29 11 29 25 21 6
split_gain=6.29474 5.72995 5.90762 5.6704 6.16089 6.5151 5.94512 6.14214 5.70105 6.06737 5.65103 5.2691 5.04291 4.83765 7.18808 6.26876 6.50345 7.29873 7.38375 15.7051 14.1919 6.98989 6.29691 9.88327 7.32238 6.20147 5.9088 5.78983 7.48353 5.62524
threshold=29.500000000000004 3.2520945857565299e-05 0.18499483619326948 1.0000000180025095e-35 0.23373239392875159 149.97500000000002 0.00010975821027468199 36997.500000000007 0.010593085754202834 6748.1599999999999 0.019241006658008698 6.8159232412367308 -0.00049693946766630602 6399.0000000000009 39.999000000000002 0.19227290353325405 108.97500000000001 0 3.5000000000000004 333.50000000000006 0.0023714154327477911 151125.00000000003 0.051820728291316537 0.061192511192511199 0.028822750425637537 4.5000000000000009 0.025883351816143284 1.5000000000000002 16.500000000000004 28.500000000000004
decision_type=2 2 2 2 2 2 2 2 2 2 2 2 2 2 2 2 2 9 2 2 2 10 2 2 2 8 2 2 2 2
left_child=1 -1 -3 8 10 -6 -7 -8 9 11 -5 12 -4 14 -10 -15 17 18 22 27 -21 -18 -17 24 -24 -19 -25 29 -29 -20
right_child=-2 2 3 4 5 6 7 -9 13 -11 -12 -13 -14 15 -16 16 21 25 19 20 -22 -23 23 26 -26 -27 -28 28 -30 -31
leaf_value=-0.039649936570993229 -0.040388227880859329 -0.032282519254709548 0.13092297934160529 0.018639708066212315 -0.033894878708872117 0.08700576606996753 -0.014292351290647116 0.09864346297357382 -0.011847616496338167 0.087149759744024252 0.20606435327065792 0.14224467493298906 -0.028478179116328814 0.20256872306668749 0.025380159502413648 -0.051312743395421648 0.014203016788698983 0.16888248673896511 0.081692935185880805 0.058702119602016357 0.47734139036870538 0.14960243885369898 0.19024911389808397 -0.037890869115108416 0.017142298077864278 -0.020089740539264558 0.037907240407223625 -0.040787082601791397 0.077109360946011021 -0.0091252562974776796
leaf_weight=8.7778585879132134 9.8681059489026648 12.531438686419277 0.50673774909229052 1.3772686459124077 25.148520826362073 1.9999840147793317 14.072698821313677 1.316546226851641 16.16104734223336 1.3441433729603876 0.56804924272000779 0.4793297816067924 23.81310551520437 0.39106047619134088 65.59357716049999 5.6121842777356532 46.963936240412295 0.43765268661081691 5.9227525452151841 0.43537439126521427 0.37838486395776272 0.97293036989867587 1.2076808195561164 6.6573782935738546 1.2362185232341287 54.223606808111072 4.1888997806236148 4.7194337276741871 1.8830528594553468 2.3943233611062169
leaf_count=543 1131 697 13 69 1378 46 512 44 513 43 19 9 1557 20 1649 320 1624 9 86 21 22 22 30 425 10 2792 92 105 45 168
internal_value=-0.00107256 0.000173669 0.00132912 0.00278151 -0.0136441 -0.0176234 0.00590865 -0.00463072 0.00575745 -0.0163134 0.0733693 -0.0219212 -0.0251568 0.00838762 0.0180211 0.00266498 0.00209533 -0.00587962 0.0109866 0.039463 0.253363 0.0169511 -0.00690332 0.0118499 0.102685 -0.0157038 -0.00861717 0.0277962 -0.00716259 0.0555482
internal_weight=321.183 311.315 302.537 290.006 44.4831 42.5377 17.3892 15.3892 245.523 26.1433 1.94532 24.7992 24.3198 219.379 81.7546 137.625 137.234 89.2969 34.6357 15.7333 0.813759 47.9369 18.9024 13.2902 2.4439 54.6613 10.8463 14.9196 6.60249 8.31708
internal_count=14014 12883 12340 11643 2068 1980 602 556 9575 1622 88 1579 1570 7953 2162 5791 5771 4125 1324 447 43 1646 877 557 40 2801 517 404 150 254
cat_boundaries=0 2
cat_threshold=525313 4194306
is_linear=0
shrinkage=0.05


Tree=38
num_leaves=31
num_cat=1
split_feature=22 28 20 11 6 5 35 0 0 15 2 16 1 10 24 35 35 0 22 7 16 1 32 0 10 0 2 0 0 24
split_gain=5.98081 5.74598 5.45943 5.71292 5.62481 5.1573 6.04877 5.36405 7.72649 6.10558 5.64435 7.93622 4.46267 6.8783 5.25274 4.40222 8.92546 5.93598 5.71635 7.14005 4.77641 4.74866 4.44696 4.3458 4.34107 4.10239 5.65908 4.089 8.03999 5.4765
threshold=41.500000000000007 0.010469396952317767 0 78.500000000000014 125.50000000000001 2.5000000000000004 4.8847519524512896e-05 30.014500000000002 34.008500000000005 -8.6737901939781183e-05 543.50000000000011 -4.2325424804394019e-05 4655.5000000000009 1.9061946898670881 237.50000000000003 0.00088345389317230421 0.0012400421200337321 1183.2100000000003 7.5000000000000009 154.97000000000017 -0.00049693946766630602 1211.0000000000002 0.00011374378941170271 46.511500000000005 0.99999999999999989 33.50350000000001 489.50000000000006 225.50000000000003 265.00500000000005 54.500000000000007
decision_type=2 2 9 8 2 2 2 2 2 2 2 2 2 2 2 2 2 2 2 2 2 2 2 2 2 2 2 2 2 2
left_child=1 15 3 24 5 6 -4 -8 25 10 11 -10 13 14 23 20 18 -18 19 22 -1 -22 -17 -11 -3 26 -9 -14 29 -29
right_child=-2 2 4 -5 -6 -7 7 8 9 12 -12 -13 27 -15 -16 16 17 -19 -20 -21 21 -23 -24 -25 -26 -27 -28 28 -30 -31
leaf_value=0.11493918557269373 -0.050416477152312802 0.011427167500208233 -0.041217208580239084 0.005551878415487696 0.10489793879317429 -0.040303296684320554 -0.033183991352494432 -0.027312920144480685 -0.051291675985577129 -0.058050343043794909 0.18982834775459503 0.22236664973807718 -0.019314427120266695 -0.052395694111252472 0.14175770262987733 0.10019950126874928 -0.026328717222353439 0.1646513925848431 -0.051418257251035861 0.19450599815502359 0.10671541064673853 -0.038005706721179831 -0.051490622977016655 0.031274194960115693 0.072161905737797599 0.15631638018115557 0.12985403559345401 0.20585858384238276 -0.012819005232799774 0.046415351308473296
leaf_weight=0.54720383509993809 6.0213276227004817 5.9183821789920312 9.8813275843858701 163.58330094860867 1.1043309499509621 11.324423853307961 10.305880275554953 1.3299618042074137 0.98798027262091648 1.4997119344771075 0.79798868391662825 0.3620081450790088 31.596726935822517 2.9812939669936886 0.98846293613314529 1.2161317234858868 11.155415932182219 0.42227177508175451 0.8111822148784994 1.1863788822665808 0.58100892603397625 23.214558384381235 0.8016409184783696 14.791897596791385 5.8505349652841687 1.1329072653315964 1.0059668109752236 0.75913354288786505 5.8259052727371454 1.8534786254167555
leaf_count=13 776 160 623 5992 25 618 517 46 60 54 20 14 1588 105 21 26 735 5 49 24 10 1636 38 373 92 30 23 20 260 61
internal_value=-0.00105627 -0.000109174 0.00247435 0.00754245 -0.00663719 -0.00858273 -0.00441066 0.000361062 0.00560599 0.00157122 0.084407 0.0220916 -0.00137968 0.0177412 0.0298418 -0.0178271 0.00291457 -0.0193631 0.0671493 0.0971666 -0.0311135 -0.0344721 0.0399345 0.0230515 0.0416195 0.0782383 0.040371 -0.0110565 0.0198639 0.092744
internal_weight=319.839 313.817 273.882 175.352 98.5294 97.4251 86.1006 76.2193 65.9134 62.4446 2.14798 1.34999 60.2966 20.2614 17.2801 39.9358 15.593 11.5777 4.01533 3.20415 24.3428 23.7956 2.01777 16.2916 11.7689 3.46884 2.33593 40.0352 8.43852 2.61261
internal_count=14014 13238 10702 6244 4458 4433 3815 3192 2675 2576 94 74 2482 553 448 2536 877 740 137 88 1659 1646 64 427 252 99 69 1929 341 81
cat_boundaries=0 2
cat_threshold=270696449 4194306
is_linear=0
shrinkage=0.05


Tree=39
num_leaves=31
num_cat=1
split_feature=22 28 20 6 1 28 24 22 26 17 17 28 9 36 1 11 29 17 11 8 17 27 9 27 3 17 9 3 21 8
split_gain=5.68749 5.30613 5.14055 7.29249 5.2225 5.5153 11.9459 14.3254 11.7451 8.14805 6.59018 6.52722 7.47474 7.06935 6.0795 9.06038 7.32638 5.96934 7.0432 6.28331 5.93936 5.8543 7.532 6.9198 5.40907 5.82194 4.35514 4.3457 4.54911 10.8191
threshold=41.500000000000007 0.010469396952317767 0 95.500000000000014 9032.5000000000018 0.014271032100141768 71.500000000000014 3.5000000000000004 30.500000000000004 8334.5000000000018 -9768.9999999999982 0.023811938044633236 179.05919612403102 0.020392604055578741 6951.5000000000009 850.50000000000011 0.022093116521003427 1.0000000180025095e-35 21681.500000000004 500.12000000000006 -22559.499999999996 0.023834025815293831 186.47796052631577 0.021908129213330328 430.00000000000006 -15294.499999999998 62.357708333333328 222.00000000000003 6.5000000000000009 4548.5295000000051
decision_type=2 2 9 2 2 2 2 2 2 2 2 2 10 2 2 8 2 2 8 2 2 2 8 2 2 2 10 2 2 2
left_child=1 -1 4 27 5 6 8 26 9 24 14 21 13 -13 15 20 -16 -15 19 -19 -7 22 -12 -24 25 -3 -8 -4 -29 -30
right_child=-2 2 3 -5 -6 10 7 -9 -10 -11 11 12 -14 17 16 -17 -18 18 -20 -21 -22 -23 23 -25 -26 -27 -28 28 29 -31
leaf_value=-0.017352617131812739 -0.050396030566698335 0.11001165631154941 -0.046379045160500273 0.092124302146561685 -0.0022114421574509512 0.014187176896212544 0.091863926692939246 0.2198875138917844 -0.028225715762216289 0.17507797066276709 -0.035022941364529457 -0.05224751940289582 0.10301798804257718 -0.00122076246992249 0.21836315724343242 -0.0071712574688414165 0.052148939921666929 0.028335400255432394 -0.013480267595038951 0.10394563590764179 0.13363741438117105 -0.01578544211672633 0.039645664231146384 0.1934165080582905 0.16772556651004708 -0.020477948313421063 -0.052122010649647825 -0.019840787327426463 0.080147634769166282 -0.051842538598926929
leaf_weight=39.116982506588101 5.729929248802363 1.1802887786179774 10.805720905307679 1.5243987888097752 113.48150149174035 1.8342456566169856 1.1835455028340218 1.7908003753982482 7.0000219978392124 1.3438624460250137 2.2766301883384576 3.7377446624450377 2.4524474116042247 15.470146541483702 0.91375076863914673 8.7085657948628068 2.4155930420383811 5.8805587198585236 4.0421743085607895 5.1575448513031006 2.4052732493728408 42.524371371604502 2.7775943009182815 0.99324084818363179 0.67579106148332346 3.0994550669565819 0.94409183412790287 22.577574910130355 3.9055771715939036 2.5769442389719188
leaf_count=2536 776 10 835 35 4700 39 36 35 286 17 87 137 26 289 23 222 66 64 57 51 21 1686 77 25 28 131 38 1427 123 131
internal_value=-0.00103161 -0.000127334 0.00233467 -0.0122446 0.00523427 0.0127867 0.0389546 0.115682 0.0163483 0.0658798 0.00835172 0.00278909 0.0186909 0.0126595 0.0375063 0.0220114 0.097767 0.0206006 0.0429861 0.0636642 0.0819568 -0.00923934 0.0367914 0.080149 0.036267 0.0155091 0.0279734 -0.019307 -0.00924049 0.0276787
internal_weight=318.526 312.796 273.679 41.3902 232.289 118.808 17.2179 3.91844 13.2994 6.2994 101.59 85.3125 36.7406 34.2882 16.2774 12.9481 3.32934 30.5504 15.0803 11.0381 4.23952 48.5718 6.04747 3.77084 4.95553 4.27974 2.12764 39.8658 29.0601 6.48252
internal_count=14014 13238 10702 2551 8151 3451 581 109 472 186 2870 2499 624 598 371 282 89 461 172 115 60 1875 189 102 169 141 74 2516 1681 254
cat_boundaries=0 2
cat_threshold=271220749 4194306
is_linear=0
shrinkage=0.05


Tree=40
num_leaves=31
num_cat=2
split_feature=20 5 1 36 35 34 0 28 11 17 10 20 3 0 35 24 35 1 33 1 2 1 3 29 11 36 35 10 3 9
split_gain=5.49884 6.55043 6.07146 4.80699 4.77252 5.37333 5.58913 4.60149 9.44386 5.59144 4.55661 4.63142 4.5335 4.47072 4.18955 7.47832 4.55816 4.02921 6.45537 3.9401 3.8033 22.4388 3.63683 4.37408 3.56027 4.20836 8.57184 5.42684 6.02645 5.91844
threshold=0 4.5000000000000009 4272.5000000000009 0.017439332168510971 3.2520945857565299e-05 1.0000000180025095e-35 149.97500000000002 0.0056531374648687805 895.50000000000011 36997.500000000007 0.18499483619326948 1 309.00000000000006 60.029000000000003 3.2637812449326334e-05 27.500000000000004 3.3222145732465153e-05 3056.5000000000005 1.0000000180025095e-35 15987.500000000002 111.50000000000001 14236.500000000002 124.50000000000001 0.023018473201461699 73.500000000000014 0.0098299633183354124 0.0017320558672571441 2.0578195957337644 324.50000000000006 195.92447619047633
decision_type=9 2 2 2 2 2 2 2 10 2 2 9 2 2 2 2 2 2 2 2 2 2 2 2 8 2 2 2 2 10
left_child=2 4 -1 13 22 10 20 8 -8 17 -6 14 -11 -4 15 -12 -16 18 -9 -5 21 -7 23 -2 -18 27 -27 28 -26 -30
right_child=1 -3 3 19 5 6 7 9 -10 12 11 -13 -14 -15 16 -17 24 -19 -20 -21 -22 -23 -24 -25 25 26 -28 -29 29 -31
leaf_value=0.12831522638345047 0.16198713975298518 -0.030493014910890209 0.10828317052640138 -0.022773959240275199 -0.033673242405091695 -0.03583867363034815 0.1926318229065368 -0.011189127187701807 -0.0022348296770161313 0.19319283014425931 -0.051675976811126859 -0.020616496426627721 0.010740814325045499 -0.0099517624971861025 -0.051259539270888846 0.19117857553454248 0.036050800027196316 -0.030239423227651364 0.14981053132682842 0.071523732512904836 -0.036571635015818851 0.31445962945367317 -0.050889948481122209 -0.05202708223490287 0.013364189944573788 0.0050536220603404555 -0.051247795308186787 -0.037982233373450143 0.033936164868954934 0.122500676018908
leaf_weight=1.7959829159080971 0.46878162818029334 19.834134041331708 2.6344147091731416 4.5115625616163015 8.0191089049912971 2.8806512951850922 0.96071875374764504 2.1289620753377672 1.7621754957363007 0.6087504532188166 0.5243032993748773 7.8894164171069852 0.77254572510719299 1.1478838943876324 3.4197751032188526 0.80170869920402765 10.000678258948026 9.8184736594557744 0.87993543036282051 1.4682740848511455 24.036167350132018 0.54339080257341255 7.1372715383768082 0.48654480092227459 13.329703951254492 171.11877692164853 7.0385198858566573 2.9954019472934297 4.8477723919786504 3.0879712533205748
leaf_count=39 24 1655 42 148 451 132 13 76 56 21 24 510 22 41 197 24 213 387 6 43 1416 36 495 17 599 6505 442 116 224 40
internal_value=-0.00101064 -0.00262177 0.0234975 0.0282837 -0.000777713 0.000326205 -0.0156173 0.00697681 0.06652 -0.00443382 0.00336284 0.00468251 0.0911492 0.0724002 0.00626257 0.0951542 0.00600661 -0.0147265 0.0358943 0.000379659 -0.0295484 0.0197532 -0.0386269 0.0529904 0.00692855 0.00548974 0.0028293 0.0250264 0.0339017 0.0683986
internal_weight=316.95 305.392 11.5581 9.76214 285.558 277.465 44.3918 16.9316 2.72289 14.2087 233.073 225.054 1.3813 3.7823 217.165 1.32601 215.839 12.8274 3.0089 5.97984 27.4602 3.42404 8.0926 0.955326 212.419 202.418 178.157 24.2608 21.2654 7.93574
internal_count=14014 13701 313 274 12046 11510 2165 581 69 512 9345 8894 43 83 8384 48 8336 469 82 191 1584 168 536 41 8139 7926 6947 979 863 264
cat_boundaries=0 2 4
cat_threshold=2129920 4194306 269091853 131328
is_linear=0
shrinkage=0.05


Tree=41
num_leaves=31
num_cat=1
split_feature=22 28 20 36 9 10 34 5 9 17 35 1 26 0 10 1 0 6 24 24 28 17 9 28 29 8 9 21 7 1
split_gain=5.27168 4.79962 4.64836 5.22715 6.95243 5.05505 4.82663 4.53958 14.1615 4.22392 4.48619 4.43507 4.32813 7.03011 8.62718 6.99391 6.4449 8.9152 15.2057 18.1206 5.94044 6.88522 5.25637 8.36126 7.68874 7.49995 9.41603 4.56481 6.08761 7.96735
threshold=41.500000000000007 0.010469396952317767 0 0.17817460317460321 153.74550724637695 0.57710098202212445 1.0000000180025095e-35 31.500000000000004 137.60569034550556 -9131.9999999999982 6.565762303026903e-05 16063.500000000002 133.50000000000003 108.97500000000001 2.4615456715916202 15064.500000000002 117.23500000000001 11.500000000000002 56.500000000000007 74.500000000000014 0.023811938044633236 7.5000000000000009 80.143452380952382 0.013058257280336206 0.019481243700549527 1849.671 75.019772727272837 2.5000000000000004 74.999999999999957 8975.5000000000018
decision_type=2 2 9 2 8 2 2 2 10 2 2 2 2 2 2 2 2 2 2 2 2 2 8 2 2 2 10 2 2 2
left_child=1 -1 3 4 5 -3 7 9 -9 10 -4 -12 13 15 16 22 17 18 -15 -20 -14 -22 23 24 -11 -25 -27 -18 29 -29
right_child=-2 2 6 -5 -6 -7 -8 8 -10 12 11 -13 20 14 -16 -17 27 -19 19 -21 21 -23 -24 25 -26 26 -28 28 -30 -31
leaf_value=-0.016742131487820944 -0.050367380724472603 -0.05537844393566041 0.17968371298667177 -0.051972296053585658 0.12167216204693157 0.052731328531247769 -0.017267713367354606 0.50996318697735621 -0.050526910248326506 0.05670737681957505 0.022873671628750845 -0.051406250815122484 -0.020543473403859994 0.018066220316081766 -0.029635044371680339 -0.035180284206433925 0.0079031968857436533 0.0060825898779396266 0.47322835217638937 0.11315640653601466 -0.041436308752275747 0.062344770205826211 -0.011330416633116586 0.0068064397972214868 0.31960469599886848 0.026765651574723933 0.34004071987256418 0.010848436175287478 0.021088849225161691 0.15138500775559763
leaf_weight=38.323815152049065 5.3210606537759295 1.3557018111459882 0.43274907302111643 1.1803528629243363 3.0741534177213916 5.341599777340889 34.144409181084484 0.17834058636799355 0.30617570923641324 0.89390106592327245 28.022801821120087 2.1647854018956414 40.917845245450735 1.3065220415592187 7.2600366808474055 14.641662151087074 21.254492851905525 2.1178950984030962 0.56963897589594104 0.90377019625157118 2.3716085739433757 4.9004412242211401 39.520118488464504 45.481700226198882 0.40372161101549864 0.64366130623966344 0.38233564421534538 1.683424382470547 8.252050217241047 2.5154321072623134
leaf_count=2536 776 52 22 47 54 102 1642 18 35 40 843 130 2087 43 253 863 772 71 17 36 114 156 2069 923 21 42 17 32 163 38
internal_value=-0.00102089 -0.000175357 0.00215694 0.0247848 0.0594212 0.0308472 0.00025023 0.00289477 0.155778 0.00256794 0.0198384 0.017547 -0.000129885 0.00411207 0.0203701 -0.00320053 0.0297744 0.0833682 0.142248 0.252365 -0.0131428 0.028499 0.00216144 0.013315 0.138501 0.00982216 0.143507 0.0219866 0.0460278 0.0950405
internal_weight=315.866 310.545 272.221 10.9518 9.77146 6.6973 261.27 227.125 0.484516 226.641 30.6203 30.1876 196.02 147.83 45.8633 101.967 38.6032 4.89783 2.77993 1.47341 48.1899 7.27205 87.3254 47.8053 1.29762 46.5077 1.026 33.7054 12.4509 4.19886
internal_count=14014 13238 10702 255 208 154 10447 8805 53 8752 995 973 7757 5400 1425 3975 1172 167 96 53 2357 270 3112 1043 61 982 59 1005 233 70
cat_boundaries=0 2
cat_threshold=2129920 4194306
is_linear=0
shrinkage=0.05


Tree=42
num_leaves=31
num_cat=1
split_feature=22 6 0 20 27 25 23 21 2 36 35 0 32 24 36 16 11 31 2 10 17 8 3 16 36 36 15 3 1 2
split_gain=5.01091 4.89684 9.568 4.84354 6.34101 4.6291 4.7516 5.27205 4.17572 4.50674 3.88793 3.81333 5.59344 4.8739 4.97618 4.44449 11.0695 20.6558 4.00246 3.82885 4.76086 3.6915 3.61303 3.52817 7.35722 9.99846 6.70584 4.55361 4.51401 7.53296
threshold=41.500000000000007 284.50000000000006 108.50500000000001 0 0.035830421350191766 52.500000000000007 44.500000000000007 2.5000000000000004 103.50000000000001 0.01483869588809133 0.00016380799379158516 197.25000000000003 0.00052811677167483495 127.50000000000001 0.013825976348710951 0.45557180417169224 1257.5000000000002 0.0061045564602687534 203.50000000000003 2.5978995451037332 13300.000000000002 10167.930000000018 474.00000000000006 0.0092387366470126648 0.31666666666666671 0.25238095238095243 -1.281041232887283e-05 252.00000000000003 12579.000000000002 543.50000000000011
decision_type=2 2 2 9 2 2 2 2 2 2 2 2 2 2 2 2 10 2 2 2 2 2 2 2 2 2 2 2 2 2
left_child=1 3 -3 4 22 6 7 23 -6 -10 -8 12 -9 14 21 -14 17 -17 -18 20 -20 -13 -1 24 25 27 -27 28 29 -5
right_child=-2 2 -4 5 8 -7 10 11 9 -11 -12 13 15 -15 -16 16 18 -19 19 -21 -22 -23 -24 -25 -26 26 -28 -29 -30 -31
leaf_value=0.0019021476675471442 -0.050349357572309641 -0.050551134408942849 0.40019512055849388 -0.051903131835157934 -0.058706788275352542 -0.03549082312172705 0.098307018589762318 -0.043862013662894911 -0.034385470333148732 0.032488816716407687 0.0030467136905055056 -0.031363023287725028 -0.01703025825499515 -0.031876397910425902 0.09398863314136148 -0.051227952742613464 0.077519390798437171 0.48421775927852234 -0.052433801457320496 0.11911199907075756 0.069592839153118854 0.071383318198722748 -0.028194664288441848 -0.028588222252997054 -0.042825011708935851 0.015650672186592798 0.21615824611020043 -0.037399545810816989 0.092957280441458123 0.17946450274369594
leaf_weight=167.69459581421688 5.0633156076073638 0.25134600512683292 0.22147211758419871 1.901786006055769 1.4834386147558678 15.207056855317203 1.9321641530841578 6.1578704756684663 2.7438379507511845 30.789423295296729 2.4035293101333082 2.088752566836773 6.5148666426539403 2.1518136207014322 3.7491160864010453 0.34837544988840807 2.0837459950707853 0.37292062025517225 3.1629074234515429 0.54581922013312567 1.0696204598061738 1.5034205885604022 10.602188969962297 30.959059377666563 6.0588974012061945 0.69449383579194535 1.0436154231429107 3.6555162705481052 2.0223467750474811 0.43165342463180412
leaf_count=7309 776 27 16 103 19 613 21 387 97 312 53 69 258 87 48 26 44 18 154 5 30 15 601 2067 456 33 22 256 68 24
internal_value=-0.00101031 -0.000204037 0.160582 -0.000449768 0.00375674 -0.00922198 -0.00542181 -0.00830714 0.0233853 0.0270169 0.0454986 0.00814853 -0.00410637 0.0342977 0.0536941 0.0132582 0.0392789 0.225605 0.0196936 -0.00552319 -0.0215959 0.0116391 0.000112479 -0.0187748 0.000443947 0.027334 0.136042 0.00374908 0.0382823 -0.00910338
internal_weight=314.909 309.846 0.472818 309.373 213.313 96.0593 80.8523 76.5166 35.0167 33.5333 4.33569 29.7492 20.2561 9.4931 7.34129 14.0983 7.58339 0.721296 6.86209 4.77835 4.23253 3.59217 178.297 46.7674 15.8083 9.74941 1.73811 8.0113 4.35579 2.33344
internal_count=14014 13238 43 13195 8338 4857 4244 4170 428 409 74 1141 922 219 132 535 277 44 233 189 184 84 7910 3029 962 506 55 451 195 127
cat_boundaries=0 2
cat_threshold=270696457 4194306
is_linear=0
shrinkage=0.05


Tree=43
num_leaves=31
num_cat=1
split_feature=22 35 10 20 10 10 7 6 36 0 0 0 0 36 1 1 0 1 26 17 10 1 16 10 29 11 15 15 2 32
split_gain=4.80345 4.66582 4.8351 5.09976 5.62248 7.57122 8.15903 6.54833 10.5865 4.86606 8.95907 7.16113 6.62519 10.8371 6.5293 6.30354 6.26428 5.79551 6.74951 8.67906 5.74937 9.07315 6.13909 5.27192 6.94111 6.23706 5.09061 7.59435 5.12771 5.07248
threshold=29.500000000000004 3.2520945857565299e-05 0.18499483619326948 0 0.57710098202212445 0.50001953277599831 49.000000000000021 31.500000000000004 0.0081148327832547273 75.051000000000016 83.846000000000018 15.052500000000002 82.970000000000013 0.25238095238095243 5779.5000000000009 9624.0000000000018 13.975000000000001 14277.000000000002 235.50000000000003 1630.5000000000002 0.22353734436529327 10573.000000000002 2.2574050783976589 0.65867239308880232 0.020014339402094506 73849.500000000015 0.090144862063222822 1.3762950687133306 551.50000000000011 0.00033422795246877067
decision_type=2 2 2 9 2 2 2 2 2 2 2 2 2 2 2 2 2 2 2 2 2 2 2 2 2 8 2 2 2 2
left_child=1 -1 -3 9 5 7 -7 -5 -9 11 12 14 13 -11 -4 -16 -17 20 -19 -20 21 22 -13 25 -25 -22 28 -28 -26 -15
right_child=-2 2 3 4 -6 6 -8 8 -10 10 -12 17 -14 29 15 16 -18 18 19 -21 23 -23 -24 24 26 -27 27 -29 -30 -31
leaf_value=-0.038138401009383288 -0.038486084247563855 -0.030690972134877727 -0.039645916519173548 -0.051016546299276648 -0.034348288148623299 0.21200042731832874 -0.0059152867543174814 -0.050551474563261034 0.40896134827184816 -0.009789481546299628 0.0068661342480665468 -0.051105518847775006 0.099079447197848045 0.23061273923447426 0.11386381447058663 -0.026778651504684017 0.070069623270388445 -0.041356368635038068 -0.050690659757344464 0.35912471357357445 -0.023572886943960432 0.16228448486296793 0.15673298698133997 -0.038807075735041177 0.046401996160049142 0.15870099656936926 -0.024020055174722638 0.02383872891512296 -0.031404624488238456 0.069920833938288615
leaf_weight=7.8014491205103687 8.3148460220545513 11.544154388830064 2.4169637179002157 2.7098116301931472 19.756675508804619 0.91590000921860315 0.80889086052775383 0.29650612780824293 0.21712855948135257 6.3936193045228702 127.50844408664852 1.5893748532980678 4.5235603488981715 0.66997582092881236 2.9020409183576685 3.081477077677846 3.6442432696931064 14.910695749800649 0.27456772141158658 0.24400233430787921 31.348159719724212 1.3514622701331971 0.45758943259716023 7.9582199584692708 13.756675630342217 0.47645548079162736 16.330747904721648 16.833263137377799 2.5027795773930839 1.8394466470926998
leaf_count=543 1131 697 75 216 1161 28 40 30 14 240 4552 93 36 14 41 96 53 1113 22 19 1749 48 7 561 343 29 483 400 139 41
internal_value=-0.000990493 3.14881e-05 0.00103323 0.00231501 -0.0159533 0.0252513 0.109803 -0.0199901 0.143698 0.00448354 0.0109569 -0.0027408 0.0498058 0.0247702 0.0338279 0.0522728 0.0256973 -0.00681785 -0.0351892 0.142139 -0.00209078 0.0617388 -0.00464418 -0.00452245 0.00452969 -0.020844 0.0115078 0.000271925 0.0344254 0.112823
internal_weight=313.379 305.064 297.263 285.719 24.7049 4.94824 1.72479 3.22345 0.513635 261.014 140.935 120.079 13.4266 8.90304 12.0447 9.62776 6.72572 108.034 15.4293 0.51857 92.6047 3.39843 2.04696 89.2063 57.3817 31.8246 49.4235 33.164 16.2595 2.50942
internal_count=14014 12883 12340 11643 1489 328 68 260 44 10154 4883 5271 331 295 265 190 149 5006 1154 41 3852 148 100 3704 1926 1778 1365 883 482 55
cat_boundaries=0 2
cat_threshold=271220745 4325378
is_linear=0
shrinkage=0.05


Tree=44
num_leaves=31
num_cat=1
split_feature=20 0 5 35 34 0 28 11 17 36 0 0 0 21 29 28 9 35 0 35 2 1 3 29 36 22 28 28 28 16
split_gain=4.78594 7.97204 5.52184 4.02607 3.97994 5.18241 3.93818 7.26596 4.78281 3.90956 3.89423 4.885 3.84585 3.82085 5.29038 6.02876 4.17 3.74039 4.61061 3.92654 3.63867 15.8231 3.55874 4.19384 3.49745 4.77459 9.04276 5.38029 5.81242 5.67495
threshold=0 330.99500000000006 4.5000000000000009 3.2520945857565299e-05 1.0000000180025095e-35 149.97500000000002 0.0056531374648687805 895.50000000000011 36997.500000000007 0.066055268261150629 9.7275000000000009 10.868500000000003 159.47500000000002 11.500000000000002 0.023879742503303009 0.022783225311677865 52.464000000000006 3.2637812449326334e-05 149.97500000000002 3.3222145732465153e-05 111.50000000000001 14236.500000000002 124.50000000000001 0.022942746177465504 0.22619047619047619 11.500000000000002 0.0065748510655375568 0.010593085754202834 0.00090536951502073336 6.8159232412367308
decision_type=9 2 2 2 2 2 2 10 2 2 2 2 2 2 2 2 8 2 2 2 2 2 2 2 2 2 2 2 2 2
left_child=1 13 3 22 10 20 7 -7 12 -10 -5 -12 -8 14 -1 -16 -17 18 -13 -19 21 -6 23 -2 25 27 -27 28 -21 -30
right_child=2 -3 -4 4 5 6 8 -9 9 -11 11 17 -14 -15 15 16 -18 19 -20 24 -22 -23 -24 -25 -26 26 -28 -29 29 -31
leaf_value=-0.030282114537187023 0.15706504319792994 0.16622019424718368 -0.029097144431154343 -0.052340622755401703 -0.034569481961524769 0.16498651103518425 0.038324104967071185 -0.0012057800566170635 0.17195795080355164 0.0081640422475023847 0.066511388395445709 0.0075123976467408168 -0.028501868295172008 0.10086709474240162 0.12834370839861967 0.04633642169098566 -0.055440398669586603 -0.051237261806831802 0.19001545084689067 0.12760753564860222 -0.035386152790619997 0.23260474775533072 -0.050809817999760067 -0.051766378485299802 0.019231772582158579 0.17878401370231675 0.012592824481242671 -0.00027757506814323548 -0.042041603700424077 0.12929659631759313
leaf_weight=3.9869125848636013 0.47940116422250767 1.1020090114325274 18.494061623234302 3.1717591392807654 2.7081185816787214 1.0610442366451054 2.78347776364535 1.7299827327951787 0.66351638268679269 0.80789455026388168 3.0297905136831096 0.83284042589366325 9.5049585467204434 1.4741942435502995 1.566386144608259 3.2894151816144586 1.4500797460786996 3.400510126259177 0.59209520369768143 0.55871267290786164 22.329110098537058 0.69674757309257973 6.409512959420681 0.48226356785744429 28.540562853682786 0.83670228440314431 37.648545601405203 136.54596961056814 15.040505443699654 0.49931833148002702
leaf_count=201 22 19 1653 131 132 13 66 56 20 23 65 36 401 19 31 37 42 213 13 39 1410 36 494 19 1269 26 1418 5005 1097 8
internal_value=-0.000972932 0.021173 -0.00254975 -0.000889444 9.5154e-05 -0.0140065 0.00782012 0.0619743 -0.00316444 0.0820251 0.00267987 0.00344687 -0.013365 0.0255824 0.0147997 0.0433028 0.0151971 0.00259575 0.0833468 0.00207993 -0.0280444 0.0201032 -0.0373528 0.0523385 0.00290528 0.000467316 0.016206 -0.00350077 -0.0308395 -0.0365362
internal_weight=311.716 12.869 298.847 280.353 272.982 42.2849 16.5509 2.79103 13.7598 1.47141 230.697 227.526 12.2884 11.767 10.2928 6.30588 4.73949 224.496 1.42494 223.071 25.734 3.40487 7.37118 0.961665 219.67 191.13 38.4852 152.645 16.0985 15.5398
internal_count=14014 349 13665 12012 11477 2157 579 69 510 43 9320 9189 467 330 311 110 79 9124 49 9075 1578 168 535 41 8862 7593 1444 6149 1144 1105
cat_boundaries=0 2
cat_threshold=270565376 4194306
is_linear=0
shrinkage=0.05


Tree=45
num_leaves=31
num_cat=2
split_feature=22 6 20 0 5 35 34 0 0 0 33 29 20 35 0 1 0 0 36 36 35 28 28 1 1 35 24 17 31 1
split_gain=4.47942 4.62595 4.21632 5.98914 4.01754 3.80213 3.70596 4.81826 3.69014 4.29548 3.57698 4.49628 3.51369 7.42689 3.81793 7.16269 6.76917 7.53241 10.1133 6.68531 8.61332 7.33343 10.9685 12.9468 12.2719 16.0179 13.0022 5.96119 5.78799 6.99538
threshold=41.500000000000007 288.50000000000006 0 330.99500000000006 4.5000000000000009 3.2520945857565299e-05 1.0000000180025095e-35 149.97500000000002 9.7275000000000009 10.868500000000003 1.0000000180025095e-35 0.022521063222252662 1 0.0029763429085779888 74.995000000000019 14277.000000000002 83.846000000000018 82.970000000000013 0.25238095238095243 0.023865489207894833 0.00017050266876852713 0.018226455376297301 0.017963702041664358 12373.500000000002 12606.000000000002 0.00013765167465471244 85.500000000000014 -85185.999999999985 0.0082143584717830134 9482.5000000000018
decision_type=2 2 9 2 2 2 2 2 2 2 2 2 9 2 2 2 2 2 2 2 2 2 2 2 2 2 2 2 2 2
left_child=1 2 3 -1 5 -4 8 -8 -7 -10 11 -9 14 -14 15 -11 17 18 -16 -18 21 22 23 -21 -25 26 -26 -23 -20 -30
right_child=-2 -3 4 -5 -6 6 7 10 9 12 -12 -13 13 -15 16 -17 19 -19 28 20 -22 27 -24 24 25 -27 -28 -29 29 -31
leaf_value=0.024921532432624433 -0.050312827745741251 0.15359834412399698 -0.036855975103826148 0.14087348260121918 -0.02862044628040088 -0.052229007603613591 -0.02738799984421296 0.0135633094947505 0.061928925569252384 0.0024755094503748302 0.050227693154401891 -0.051923782003907286 -0.047267015342530749 0.15374288283457249 -0.011277821628742513 -0.036664510837045805 0.021877187218429781 0.096259901202524714 -0.052546662741928277 -0.0093005996906297302 -0.026085573913574613 0.088563230311333632 0.22369828495920743 0.2635538538190178 -0.029980356872256683 0.31537326430863372 0.11807911503840884 -0.022587658819473916 0.05696338758081898 0.2248836296780925
leaf_weight=11.637548483908175 4.5289518595673135 0.48801020253449579 7.1164241642691186 1.2314958758652199 13.586589116137473 3.0233555622398844 25.072009238880128 9.1338087199255842 3.0896883895620695 85.037581772077829 3.7614816017448893 3.6759705916047087 9.0657225968316162 0.48406482301652509 7.8069391315802914 13.551663199905304 39.295250402763486 4.4459104947745791 0.54378627799451384 11.050786888692533 26.425115998834372 1.3149417433887709 0.72186876926571031 0.78078684117644925 3.5989556470885873 0.53886309452354897 2.5218137605115771 14.596922382712362 1.4842140283435585 1.0654436433687804
leaf_count=314 776 39 535 19 926 131 1576 355 65 3338 72 152 626 27 328 1037 1122 34 21 507 1139 19 27 17 183 14 55 503 28 29
internal_value=-0.000950758 -0.000220526 -0.00046611 0.020268 -0.00200133 -0.000777667 0.00016596 -0.0135611 0.00264656 0.00337608 0.00735882 -0.00522926 0.00256964 -0.0181121 0.00413975 -0.00290451 0.0104731 0.04141 0.0190385 0.00576527 -0.00452102 0.0117024 0.0324935 0.0250291 0.0760169 0.0540298 0.0310215 -0.0134023 0.0955481 0.127133
internal_weight=310.676 306.147 305.659 12.869 292.79 279.203 272.087 41.6433 230.444 227.42 16.5713 12.8098 224.331 9.54979 214.781 98.5892 116.192 15.3463 10.9004 100.845 61.5501 35.1249 19.2131 18.4912 7.44042 6.65963 6.12077 15.9119 3.09344 2.54966
internal_count=14014 13238 13199 333 12866 11940 11405 2155 9250 9119 579 507 9054 653 8401 4375 4026 440 406 3586 2464 1325 803 776 269 252 238 522 78 57
cat_boundaries=0 2 4
cat_threshold=270565376 4194306 655373 131328
is_linear=0
shrinkage=0.05


Tree=46
num_leaves=31
num_cat=1
split_feature=22 10 35 20 10 10 11 6 29 0 0 0 0 36 1 32 29 1 10 1 3 28 17 0 28 31 17 0 29 5
split_gain=4.25897 3.98829 4.05149 4.35519 5.79538 5.93752 6.37414 4.76545 7.3437 4.07308 6.9425 6.43045 5.98742 7.36878 5.80044 5.89051 5.50836 6.42993 9.43556 7.57632 15.2433 7.12886 5.34219 4.84143 6.5895 4.61744 8.20916 10.3242 5.74629 5.02983
threshold=41.500000000000007 0.18499483619326948 3.2520945857565299e-05 0 0.57710098202212445 0.50001953277599831 4869.5000000000009 31.500000000000004 0.024119369341311581 75.051000000000016 83.846000000000018 15.052500000000002 82.970000000000013 0.25238095238095243 5779.5000000000009 0.00030507527454843073 0.018788727714636275 6399.0000000000009 0.21858346061275385 5817.0000000000009 363.50000000000006 0.014710353881750517 -8653.4999999999982 40.120000000000012 0.02201318251575041 0.0041076831742223293 31059.500000000004 39.999000000000002 0.018975532111543073 3.5000000000000004
decision_type=2 2 2 9 2 2 10 2 2 2 2 2 2 2 2 2 2 2 2 2 2 2 2 2 2 2 2 2 2 2
left_child=1 -1 -3 9 5 7 -7 -5 -9 11 12 14 13 -11 -4 -16 -13 19 -19 23 21 -21 -17 -18 -25 26 -20 -28 -27 -30
right_child=-2 2 3 4 -6 6 -8 8 -10 10 -12 16 -14 -15 15 22 17 18 25 20 -22 -23 -24 24 -26 28 27 -29 29 -31
leaf_value=-0.029715367080032418 -0.050297496400773904 -0.036646820534593734 -0.038858173369363508 -0.05083048489803417 -0.035267924674351539 0.023469816216988466 0.21422973142474913 -0.050661661376141531 0.28723031653478109 -0.0095110292814677647 0.005980805215476042 -0.038489655053435219 0.091118822453614856 0.086701865490771968 0.20225036555795883 0.11219052705099619 -0.01891671625213108 0.081711023258508569 -0.0052998036211495325 0.13198830062781616 0.22615622307628996 -0.051581203559924897 0.018776367049974332 -0.014013635996025701 0.042075655833954978 0.13866686581027546 0.28517935004287132 0.0072346940338040046 -0.03372148233655492 0.023625697824703275
leaf_weight=11.0607200441882 4.3093523592688134 7.0247115585952988 2.332455299794673 2.3244118336588175 18.141454110853374 1.1412172829732297 0.71057907724753011 0.35495360009372223 0.29399280482903123 6.3779628328047675 130.90649416716769 12.176826321054248 4.4403477059677234 2.8926462614908814 0.58893883507698674 1.954362265765665 12.50276090018451 2.4944069199264041 11.31827684259042 0.78831325005739916 1.2166816424578426 1.6070768274366853 7.0569304917007685 8.6196199655532837 13.341037040576339 0.52488402836024661 0.5770929087884713 0.7934868442825973 37.127784030977637 4.2625422524288288
leaf_count=710 776 543 75 204 1135 51 18 33 15 252 4764 1097 36 55 30 17 417 108 510 16 25 72 143 390 180 33 13 33 2013 250
internal_value=-0.000938179 -0.000240672 0.000868617 0.00178728 -0.0155457 0.026387 0.096669 -0.0173843 0.102414 0.00374297 0.00952625 -0.0029548 0.0433767 0.0205096 0.0318656 0.0490486 -0.00682531 -0.00277408 -0.0133867 0.0131408 0.0820342 0.00883078 0.039036 0.00592018 0.0200605 -0.017731 0.00869511 0.124265 -0.0257309 -0.0278156
internal_weight=309.262 304.953 293.892 286.868 22.9666 4.82515 1.8518 2.97336 0.648946 263.901 144.617 119.283 13.711 9.27061 11.9327 9.60023 107.351 95.174 57.0985 38.0755 3.61207 2.39539 9.01129 34.4634 21.9607 54.6041 12.6889 1.37058 41.9152 41.3903
internal_count=14014 13238 12528 11985 1456 321 69 252 48 10529 5107 5422 343 307 265 190 5157 4060 2960 1100 113 88 160 987 570 2852 556 46 2296 2263
cat_boundaries=0 2
cat_threshold=271220745 4325634
is_linear=0
shrinkage=0.05


Tree=47
num_leaves=31
num_cat=1
split_feature=22 20 27 10 10 25 34 35 35 6 16 16 17 2 17 16 9 8 17 0 23 26 3 2 0 2 2 1 17 35
split_gain=4.05023 3.71177 4.81209 4.30585 6.61601 5.05091 4.00358 4.72226 4.06919 6.37951 4.94377 7.42819 5.99591 5.43538 5.06839 7.57624 7.43215 5.9848 7.83071 4.53807 4.05569 6.04582 7.95746 3.47575 4.04853 3.96653 4.95988 3.42081 3.3271 3.27758
threshold=41.500000000000007 0 0.035830421350191766 0.33418421761791678 0.34016777564551876 52.500000000000007 1.0000000180025095e-35 4.8847519524512896e-05 9.2258486142090949e-05 7.5000000000000009 0.48255585318873856 0.93465309885364312 4179.0000000000009 513.50000000000011 507.00000000000006 0.73227235094292298 59.975833333333348 4641.0849999999982 -1843.4999999999998 15.052500000000002 46.500000000000007 31.500000000000004 170.50000000000003 513.50000000000011 112.99500000000002 499.50000000000006 360.50000000000006 2803.5000000000005 -754.49999999999989 9.084610821468834e-05
decision_type=2 9 2 2 2 2 2 2 2 2 2 2 2 2 2 2 10 2 2 2 2 2 2 2 2 2 2 2 2 2
left_child=1 2 -1 -3 -5 6 7 -6 20 19 27 14 -13 -14 15 17 -16 18 -12 -10 21 -9 -23 25 -25 26 -4 -11 -29 -24
right_child=-2 3 23 4 5 -7 -8 8 9 10 11 12 13 -15 16 -17 -18 -19 -20 -21 -22 22 29 24 -26 -27 -28 28 -30 -31
leaf_value=0.00023834193533672765 -0.050282918575871929 -0.044498992417708806 0.029500529453085296 0.19784469615224376 -0.036354678384896123 -0.035895452403388602 -0.032297016128212751 -0.029227926907268199 0.11999709143273007 0.052155626600646966 0.03330958633976995 -0.05227732290529289 0.0061708101850131356 0.12810220311745071 0.10819187038900276 0.24616239516880378 -0.040617914603678647 -0.026129366908625686 0.24129499810397115 -0.02861159351163154 0.12391129100517956 0.24426786491433405 0.023503993828392682 -0.052160497121870035 0.081418848217301512 0.061929194301488223 -0.023627193127353768 0.0073544847792823692 -0.047220723309112367 0.14036073576898031
leaf_weight=177.06048965640366 4.100341177545487 7.817553346976637 18.848481746390469 0.39729985687881608 6.7851558607071629 12.575279901735483 9.2122396444901806 3.3842967632226628 0.5310144978575434 2.0883295480161932 0.997662959620357 3.09022944746539 3.6375798005610704 1.2207008823752401 1.5703671574592593 0.8331912662833928 1.8017358430661259 0.9680539765395223 0.82828479632735097 15.769044860266147 1.1531190201640118 0.50341285998001684 5.1619004067033529 2.8826450472697611 0.70618814136832941 6.1800535283982745 5.7281568069010964 6.1270214729011032 5.1315502016805121 0.67897483054548491
leaf_count=7941 776 701 171 11 562 492 555 157 14 47 28 160 126 19 16 34 106 42 26 940 9 20 217 112 10 36 99 260 322 5
internal_value=-0.000921533 -0.000255025 0.00339992 -0.00811827 -0.00571171 -0.00667392 -0.00153261 0.00301929 0.007835 0.00114577 0.0154995 0.0352486 0.00217303 0.0368075 0.0728097 0.113834 0.0286819 0.0743729 0.127656 -0.0237703 0.0352484 0.0247393 0.0535276 0.0206886 -0.0258756 0.026122 0.0171179 -0.00661849 -0.0175204 0.0370881
internal_weight=307.77 303.67 211.406 92.264 84.4464 84.0491 71.4739 62.2616 55.4765 44.5948 28.2947 14.9478 7.94851 4.85828 6.9993 3.62719 3.3721 2.794 1.82595 16.3001 10.8817 9.72858 6.34429 34.3455 3.58883 30.7567 24.5766 13.3469 11.2586 5.84088
internal_count=14014 13238 8369 4869 4168 4157 3665 3110 2548 2140 1186 557 305 145 252 130 122 96 54 954 408 399 242 428 122 306 270 629 582 222
cat_boundaries=0 2
cat_threshold=270696457 4194306
is_linear=0
shrinkage=0.05


Tree=48
num_leaves=31
num_cat=1
split_feature=22 20 24 0 21 29 6 5 35 3 28 34 0 2 1 0 0 31 0 6 16 31 9 28 35 1 0 9 9 15
split_gain=3.85254 3.61123 5.49135 7.3604 4.10832 4.45347 3.4877 3.72939 3.25653 3.61071 4.78487 3.07554 4.42763 3.51089 12.0869 3.43905 3.67514 5.56104 4.01513 7.17273 6.64822 7.76252 4.02386 3.90667 6.30038 4.77348 7.40438 7.27151 4.90831 5.36704
threshold=41.500000000000007 0 151.50000000000003 160.52500000000003 11.500000000000002 0.0271149407265068 288.50000000000006 4.5000000000000009 3.2520945857565299e-05 124.50000000000001 0.018696064075970676 1.0000000180025095e-35 149.97500000000002 111.50000000000001 14236.500000000002 9.7275000000000009 14.992500000000001 0.016538281190361593 29.984500000000004 56.500000000000007 1.8705361250541543 0.0034325139891902613 52.464000000000006 0.023478068673519262 3.2637812449326334e-05 9032.5000000000018 37.732500000000009 33.223776041666675 42.013964285714287 6.1531988273154363
decision_type=2 9 2 2 2 2 2 2 2 2 2 2 2 2 2 2 2 2 2 2 2 2 10 2 2 2 2 8 10 2
left_child=1 2 4 -4 5 -1 7 8 9 10 -3 15 13 14 -13 -10 17 -17 19 20 -18 -22 -23 24 -20 28 27 -27 -25 -30
right_child=-2 6 3 -5 -6 -7 -8 -9 11 -11 -12 12 -14 -15 -16 16 18 -19 23 -21 21 22 -24 25 -26 26 -28 -29 29 -31
leaf_value=-0.032458956146015037 -0.050269058996798878 0.1751565681959375 0.013029408983363605 0.1780063994407276 0.093718818963212491 0.038295106901648217 0.12084093187753511 -0.027991443030824181 -0.052253440801768226 -0.05071247677148092 -0.051530486246759689 -0.033085517034722005 0.0073293235004320938 -0.03400427910208989 0.18728610651109481 -0.01430717872439235 -0.03562612466058044 0.063177021000037012 0.11794218788763736 0.183556087660805 0.21251106871936615 -0.053318430951894306 0.075273855460417899 0.0048764705363293186 -0.0017022764714205918 -0.018358219209922436 -0.016261738848093159 0.10712525172166905 0.051141243899825654 -0.042121948502716861
leaf_weight=4.3382136812433583 3.9014134579338124 0.44079466443508764 1.334126723930239 1.370665719732642 1.482254534959792 4.5635010339319706 0.57877185894176264 13.193003451451657 2.8507333444431415 5.6237049181945622 0.49329977389425039 2.5284943119622798 16.490619339048862 20.687204842921346 0.82531875558197487 3.7890198421664518 17.179532287176706 5.9549698014743626 1.1092964010313142 0.42660469608381291 0.56206498388200943 1.3089228132739665 1.1366173014976082 14.726089648436753 136.07850474538282 2.011887225322428 19.153828006237745 2.7090394627302885 17.875335640273992 1.6882993048056949
leaf_count=198 776 19 51 15 17 52 39 926 131 494 22 132 579 1408 36 121 900 81 33 32 18 43 47 250 6686 30 547 63 245 23
internal_value=-0.000900563 -0.000263868 0.018807 0.0966322 0.0166469 0.00381341 -0.00171682 -0.00202184 -0.000778894 -0.0355918 0.055442 6.94987e-05 -0.0126241 -0.0263108 0.0211443 0.0023205 0.00300978 0.0330467 0.00165456 -0.0193328 -0.0236204 0.044957 0.0064476 0.00386917 -0.000734835 0.0147283 -0.00243783 0.0536488 0.0266804 0.0430928
internal_weight=306.412 302.511 13.0888 2.70479 10.384 8.90171 289.422 288.843 275.65 6.5578 0.934094 269.092 40.5316 24.041 3.35381 228.561 225.71 9.74399 215.966 20.6137 20.1871 3.00761 2.44554 195.352 137.188 58.1645 23.8748 4.72093 34.2897 19.5636
internal_count=14014 13238 333 66 267 250 12905 12866 11940 535 41 11405 2155 1576 168 9250 9119 202 8917 1040 1008 108 90 7877 6719 1158 640 93 518 268
cat_boundaries=0 2
cat_threshold=270565376 4194306
is_linear=0
shrinkage=0.05


Tree=49
num_leaves=31
num_cat=1
split_feature=22 10 31 10 35 20 10 6 36 17 0 0 0 0 3 0 3 17 31 0 16 24 28 15 10 23 24 2 9 16
split_gain=3.6645 3.42395 4.08367 11.2144 3.47555 3.80827 5.34065 4.86649 8.04175 5.66999 8.94505 3.64754 6.12808 5.65813 5.96964 7.00063 5.68328 5.61533 6.25 5.28746 6.35778 5.49141 5.43872 4.99879 4.84634 4.43975 4.42566 4.49568 3.93094 3.91773
threshold=41.500000000000007 0.18499483619326948 0.0050208367153223446 0.083614577576686236 3.2520945857565299e-05 0 0.57710098202212445 8.5000000000000018 0.039713064713064718 -754.49999999999989 47.671500000000002 75.051000000000016 83.846000000000018 20.960000000000004 222.00000000000003 30.014500000000002 212.50000000000003 -9131.9999999999982 0.016269595542487386 82.970000000000013 0.26365302195059964 30.500000000000004 0.0087915933698437861 9.6006879124427176 0.50456857820972101 6.5000000000000009 235.50000000000003 130.50000000000003 20.042100000000001 0.0077731118694349182
decision_type=2 2 2 2 2 9 2 2 2 2 2 2 2 2 2 2 2 2 2 2 2 2 2 2 2 2 2 2 10 2
left_child=1 2 3 -1 -3 11 7 -7 9 10 -9 13 19 17 15 -15 26 -6 23 20 21 -13 -23 -19 25 -20 29 -28 -26 -17
right_child=-2 4 -4 -5 5 6 -8 8 -10 -11 -12 12 -14 14 -16 16 -18 18 24 -21 -22 22 -24 -25 28 -27 27 -29 -30 -31
leaf_value=0.17486644003184326 -0.05025588165927547 -0.035441850852727184 -0.04547961647923187 -0.050910527027569798 0.078085226211013742 -0.050723194118159703 -0.034600461240168433 0.27143471790244383 0.20800681571991309 -0.050836292649681897 -0.0062965701681751271 -0.026844955252576564 0.0055126855174851275 -0.033745515158662302 -0.021988251164097892 0.033613897885592457 0.10921911780942184 -0.037619075424478038 0.059240238383822523 0.08654568316374471 -0.038616783300525412 0.20301678222631381 0.053784115513195702 0.11548971914012979 0.020306058159145053 -0.055922557143637391 0.14090821909184204 -0.0022040218417002932 0.1297576283247121 -0.0032118210209493288
leaf_weight=0.84970592660829369 3.7120878379791966 6.4894659030251196 8.0471468167379481 1.5592450075782833 3.6860945392400053 1.4784534834325338 17.263807834126055 0.4582094941288235 0.70674423966556776 1.4015804636292162 0.7893527764827013 1.7252519787289182 131.15974887879565 10.707690611481665 41.917918837163597 9.1260765274055284 1.4289262583479274 6.3535917438566667 1.631617231294513 4.3089343523606649 3.1218047589063644 0.72996175568550814 3.7316546989604831 0.58192064659669984 1.3889187299646439 1.7182271825149653 1.2258995659649365 0.99347565881907929 2.0038992185145617 34.619981650728732
leaf_count=22 776 543 573 115 55 139 1135 16 10 121 35 50 4764 406 3044 313 36 275 39 36 148 16 93 15 42 46 9 55 22 1065
internal_value=-0.000880716 -0.000272211 -0.0283833 0.0287275 0.000738735 0.00156471 -0.0148659 0.0248572 0.0581546 0.0181767 0.0957097 0.00338752 0.00882729 -0.00303311 -0.00760701 0.00276839 0.0110179 0.023313 0.0085526 0.0407524 0.0195549 0.0489074 0.0782 -0.0247726 0.0428309 0.000170078 0.0079651 0.0768458 0.0849514 0.00447057
internal_weight=304.917 301.205 10.4561 2.40895 290.749 284.26 22.0981 4.83434 3.35589 2.64914 1.24756 262.162 144.777 117.384 100.02 58.1021 47.3944 17.3643 13.6782 13.6176 9.30867 6.18687 4.46162 6.93551 6.74266 3.34984 45.9654 2.21938 3.39282 43.7461
internal_count=14014 13238 710 137 12528 11985 1456 321 182 172 51 10529 5107 5422 4928 1884 1478 494 439 343 307 159 109 290 149 85 1442 64 64 1378
cat_boundaries=0 2
cat_threshold=271220745 4325634
is_linear=0
shrinkage=0.05


Tree=50
num_leaves=31
num_cat=1
split_feature=22 28 6 35 35 9 26 0 16 20 35 9 24 36 2 34 1 9 9 17 3 3 0 8 30 9 29 29 35 35
split_gain=3.48592 3.3781 4.97436 4.01991 7.00025 5.14742 6.18998 4.24358 3.90727 3.43099 3.91913 7.98673 6.07843 4.43204 4.78002 4.0934 3.81348 6.11761 14.7135 23.2574 7.28085 9.57993 8.88217 5.73868 5.18271 6.85783 5.62825 8.40281 5.7823 6.74221
threshold=41.500000000000007 0.010469396952317767 288.50000000000006 0.00088345389317230421 0.0012400421200337321 83.153535353535332 8.5000000000000018 1183.2100000000003 -0.00049693946766630602 0 4.8847519524512896e-05 449.76333333333338 90.500000000000014 0.28333333333333338 458.50000000000006 1.0000000180025095e-35 9032.5000000000018 122.92084419240653 124.87229247878913 21.500000000000004 312.50000000000006 326.00000000000006 32.985000000000007 209.95000000000005 0.023229900064006142 75.976666666666645 0.020319651696780881 0.019900761004196195 0.00081071020477978587 0.00053336896392510542
decision_type=2 2 2 2 2 8 2 2 2 9 2 8 2 2 2 2 2 10 10 2 2 2 2 2 2 8 2 2 2 2
left_child=1 3 9 8 5 -5 -7 -6 -1 16 -11 15 13 14 -13 -12 24 -18 19 -19 -20 22 -22 -23 -3 26 27 -26 29 -28
right_child=-2 2 -4 4 7 6 -8 -9 -10 10 11 12 -14 -15 -16 -17 17 18 20 -21 21 23 -24 -25 25 -27 28 -29 -30 -31
leaf_value=0.095989327941983685 -0.050243351698166454 0.05683917390403518 0.16678497463396047 0.16672091000282974 -0.023574414691391595 0.1137709956254776 -0.026800257161336806 0.12771267167303574 -0.032353146011593628 -0.043858907690466582 -0.0069128096785813567 0.032096057311061507 -0.01940210046319028 -0.051932456850160839 0.11042414187421218 -0.046566913764240131 -0.010089346791215682 0.54275589505301736 -0.012057697077278499 -0.0510206084798005 0.2492143766998372 0.18159690293966907 0.066006962212317041 -0.0088647959606336715 0.041724996848970242 -0.0018129130169341895 0.016299604447616196 0.25840172760636804 -0.020570011788679621 0.074331565559479812
leaf_weight=0.61067864578217523 3.5319055668078354 6.1475533000193527 0.45535392547026177 0.89523699739947815 9.8236374738626147 1.3337267544120552 1.8970242543146012 0.48647378105670291 20.514093824662268 6.8068383280187836 54.299452475272119 4.3806393742561323 3.9819684238173059 0.87094889720901836 3.5071192509494722 7.3942338805645695 64.845558219123632 0.33671645075083034 13.417811147868635 0.323210961651057 0.80229803640395214 0.42317865975201119 3.7714994153939188 6.0447660605423152 1.5283846342936152 53.17493084911257 17.705024605616934 0.63266154564917076 6.4175687753595403 6.9775215648114672
leaf_count=13 776 181 21 25 735 16 96 5 1646 527 2375 158 198 41 91 495 2879 20 623 21 15 16 114 250 55 1928 419 19 165 91
internal_value=-0.000859959 -0.000278191 0.00166882 -0.014746 0.00558986 0.0606287 0.0312307 -0.0164361 -0.028643 0.0013838 -0.00671677 -0.00422259 0.031818 0.0551042 0.0669229 -0.0116655 0.0050786 -0.00197433 0.0189744 0.251943 0.0126889 0.0427606 0.0981437 0.00359655 0.0124806 0.0093257 0.0271331 0.105159 0.0217114 0.0327047
internal_weight=303.338 299.806 264.245 35.5609 14.4361 4.12599 3.23075 10.3101 21.1248 263.79 81.2412 74.4344 12.7407 8.75871 7.88776 61.6937 182.549 89.965 25.1195 0.659927 24.4596 11.0417 4.5738 6.46794 92.5836 86.4361 33.2612 2.16105 31.1001 24.6825
internal_count=14014 13238 10702 2536 877 137 112 740 1659 10681 3885 3358 488 290 249 2870 6796 3938 1059 41 1018 395 129 266 2858 2677 749 74 675 510
cat_boundaries=0 2
cat_threshold=270696453 4194306
is_linear=0
shrinkage=0.05


Tree=51
num_leaves=31
num_cat=1
split_feature=20 32 0 23 22 10 10 3 24 24 24 16 9 24 34 28 0 36 28 31 1 31 10 28 21 28 1 24 9 16
split_gain=3.4364 6.17804 6.13 4.54052 3.12461 2.85025 3.58494 4.28496 4.23967 5.61206 5.38063 4.38082 4.01709 4.27004 3.71997 3.95991 5.02753 7.48136 6.47779 4.6956 4.14378 3.5282 8.24914 3.14755 7.20364 4.36646 6.3581 8.76844 11.8431 4.98218
threshold=0 0.00048805951401488962 97.077500000000015 1.5000000000000002 41.500000000000007 0.18499483619326948 0.23373239392875159 326.00000000000006 169.50000000000003 142.50000000000003 60.500000000000007 0.82780599964404178 449.76333333333338 70.500000000000014 1.0000000180025095e-35 0.01792190018437775 330.99500000000006 0.085340802987861827 0.017559745012966543 0.023117807935202874 2583.0000000000005 0.0050208367153223446 0.083614577576686236 0.012472336055596377 11.500000000000002 0.014002416525325108 7920.0000000000009 71.500000000000014 104.97000000000001 -1.2412715980189799e-05
decision_type=9 2 2 2 2 2 2 2 2 2 2 2 10 2 2 2 2 2 2 2 2 2 2 2 2 2 2 2 8 2
left_child=1 -1 3 -3 5 21 7 8 9 10 11 -7 14 -14 23 16 18 19 -16 20 -18 22 -2 24 -8 26 27 -25 -29 -28
right_child=4 2 -4 -5 -6 6 12 -9 -10 -11 -12 -13 13 -15 15 -17 17 -19 -20 -21 -22 -23 -24 25 -26 -27 29 28 -30 -31
leaf_value=-0.03373685892242733 0.13423432569104546 0.05732082109549861 0.11638071046619983 -0.056413938040730562 -0.050231565476062924 0.011975411787465905 -0.019091707961610593 -0.051078666030240888 -0.050872012710967654 0.19132195467674562 -0.05089668736234404 0.12993655818241481 0.065605319361342757 -0.026419942971665306 -0.023604059673247534 -0.040832039591620524 0.10412222760608339 0.21729654204230606 0.083664364770845073 0.12358550817730099 -0.051656348911522369 -0.045045496879138752 -0.050872138530621815 0.021061558641997838 0.1106398105413849 0.00036113843746587835 0.10483135270222804 0.29142463671528013 0.053868407605073887 -0.027227924992413638
leaf_weight=2.1601602074224484 1.0062533663585767 2.9305475056171417 3.0605882406234741 1.2526056645438073 3.3441945128142825 1.3873613844625645 31.210934722330421 1.2191442186012862 0.85874387435615052 0.79420507233589877 1.0632611368782816 1.8190715382806955 4.2939255721867076 1.784374054521322 18.810033995192505 12.050059256609527 0.5520903775468472 0.55209232587367285 1.5212411195971061 0.79559239000082005 1.8825458684004841 7.4874724438413978 1.4976981459185479 3.6481049349531514 1.1080304775387038 186.63371738046408 0.84642131673172105 0.86595742683857713 1.3311392138712106 4.5720887524075806
leaf_count=105 22 50 35 24 772 69 2224 81 59 20 82 44 77 51 1133 637 11 20 48 12 89 562 115 155 14 7155 23 18 41 266
internal_value=-0.000850965 0.0196163 0.0626072 0.023264 -0.00210577 -0.00162273 -0.000685033 0.0342844 0.051856 0.0692768 0.0465752 0.0788971 -0.00160167 0.03859 -0.00251877 -0.0174268 -0.00573073 0.0472014 -0.0155779 0.0181297 -0.0163312 -0.0278633 0.0235159 -0.000176928 -0.014644 0.00218571 0.0324179 0.0685866 0.147498 -0.00659905
internal_weight=302.34 9.4039 7.24374 4.18315 292.936 289.592 279.6 7.14179 5.92264 5.0639 4.26969 3.20643 272.458 6.0783 266.38 36.1637 24.1136 3.78232 20.3313 3.23023 2.43464 9.99142 2.50395 230.216 32.319 197.897 11.2637 5.8452 2.1971 5.41851
internal_count=14014 214 109 74 13800 13028 12329 355 274 215 195 113 11974 128 11846 1950 1313 132 1181 112 100 699 137 9896 2238 7658 503 214 59 289
cat_boundaries=0 2
cat_threshold=268468224 4194306
is_linear=0
shrinkage=0.05


Tree=52
num_leaves=31
num_cat=1
split_feature=22 0 10 26 36 35 3 31 31 10 3 24 1 24 35 28 9 34 20 16 16 32 1 3 16 15 28 0 24 28
split_gain=3.19938 3.20513 3.08414 3.46368 5.77717 3.13745 3.53217 4.60171 2.93253 3.13288 3.99104 3.71152 4.19711 3.56096 4.89497 4.0913 3.3393 4.18044 3.95156 5.3169 5.10614 4.14733 3.83626 6.31212 3.77712 3.75152 3.67207 4.33461 6.74437 5.86372
threshold=29.500000000000004 603.36000000000013 0.18499483619326948 185.50000000000003 0.073160173160173175 3.2520945857565299e-05 124.50000000000001 0.0097930223585017909 0.070727465435075007 0.23373239392875159 326.00000000000006 169.50000000000003 14277.000000000002 142.50000000000003 0.0010235155836712877 0.011153565542697219 449.76333333333338 1.0000000180025095e-35 0 -3.125336168883743e-05 -2.8697812119692841e-05 0.0005101991475294712 11558.500000000002 187.50000000000003 -3.7642953823947108e-05 -7.5997351425524475e-05 0.01792190018437775 330.99500000000006 64.500000000000014 0.017559745012966543
decision_type=2 2 2 2 2 2 2 2 2 2 2 2 2 2 2 2 10 2 9 2 2 2 2 2 2 2 2 2 2 2
left_child=2 -2 3 -1 -5 6 7 -4 9 10 11 12 13 14 15 -7 17 18 19 -11 -21 -20 23 -18 -23 -22 27 29 -29 -19
right_child=1 -3 5 4 -6 8 -8 -9 -10 16 -12 -13 -14 -15 -16 -17 22 26 21 20 25 24 -24 -25 -26 -27 -28 28 -30 -31
leaf_value=-0.04019231344551448 -0.042503084468129261 0.13632132894095467 0.16982377621960207 -0.051005699196470772 0.14674871578472221 0.1110553833497155 -0.050653815897970383 -0.051573784513298464 0.034562547093235328 -0.034749850155148226 -0.05098539762717607 -0.050840961564593549 -0.050802257224626529 0.1761975149571311 0.11755686479374693 -0.051416402773187792 0.066456673140693145 -0.022848233514813333 -0.03478035820576799 0.13333033097889954 0.10942234924020496 0.09134694382733255 0.10139810209337193 -0.053512984643079159 -0.0054747946067462538 0.0060758727135093379 -0.040080296377817341 0.0057039911253846092 0.15946614983860533 0.078003711547519561
leaf_weight=8.3169935597106797 6.2938000233843914 0.26096131186932314 0.45122451055794854 0.77859437419101485 0.70258521381765604 0.57590234465897028 5.1900595780462027 0.48910290561616421 6.6121757905930272 7.8996503474190822 1.1661688513122497 0.78887770790606726 0.67336932476609934 0.83534596022218455 1.8941109133884309 1.1842777640558777 2.4278500089421859 18.662660601083196 14.165318728424607 0.79886431945487757 0.88277320330962439 1.0403385129757214 1.6604541707783935 1.9992750268429516 31.709361819084734 166.78009473020211 11.469131984747944 2.9945042608305807 0.9360853824764489 1.5618873792700458
leaf_count=627 1119 12 19 57 13 22 502 22 46 404 82 56 56 14 49 67 27 1137 869 31 36 35 21 80 924 6875 633 96 36 47
internal_value=-0.000833761 -0.0353836 -6.51591e-05 -0.0276468 0.0427975 0.00088359 -0.0344991 0.0546658 0.00166183 0.000862341 0.0335968 0.0501692 0.065603 0.0830618 0.0617716 0.00174173 -1.69643e-05 -0.000877641 0.00166021 0.00505432 0.00722088 -0.0100368 0.036587 0.0122788 -0.00239912 0.00662001 -0.0167837 -0.00572223 0.0423231 -0.0150597
internal_weight=301.202 6.55476 294.647 9.79817 1.48118 284.849 6.13039 0.940327 278.718 272.106 7.11805 5.95188 5.16301 4.48964 3.65429 1.76018 264.988 258.901 223.276 176.361 168.462 46.915 6.08758 4.42713 32.7497 167.663 35.6243 24.1551 3.93059 20.2245
internal_count=14014 1131 12883 697 70 12186 543 41 11643 11597 346 264 208 152 138 89 11251 11123 9174 7346 6942 1828 128 107 959 6911 1949 1316 132 1184
cat_boundaries=0 2
cat_threshold=268599301 4325634
is_linear=0
shrinkage=0.05


Tree=53
num_leaves=31
num_cat=1
split_feature=22 10 31 10 35 3 31 23 25 20 0 36 24 26 36 31 0 0 3 2 1 29 3 1 2 11 3 36 6 36
split_gain=3.02994 2.89437 3.28406 6.54783 2.89646 3.27038 3.5277 2.73915 8.37334 2.80625 10.9241 8.41121 9.75824 10.5299 6.03396 5.90622 5.89945 7.74169 5.89366 6.11544 5.60729 5.7794 5.01901 4.96434 8.71447 6.99351 5.03953 10.1856 5.89571 6.79796
threshold=41.500000000000007 0.18499483619326948 0.0050208367153223446 0.083614577576686236 3.2520945857565299e-05 124.50000000000001 0.0097930223585017909 192.50000000000003 190.50000000000003 0 20.029500000000002 0.024300699300699304 249.50000000000003 40.500000000000007 0.22619047619047619 0.026116999840991285 30.014500000000002 30.943000000000001 340.00000000000006 122.50000000000001 9805.5000000000018 0.022572612116827213 328.50000000000006 6172.0000000000009 561.50000000000011 8020.5000000000009 470.50000000000006 0.28333333333333338 4.5000000000000009 0.036609428079482531
decision_type=2 2 2 2 2 2 2 2 2 9 2 2 2 2 2 2 2 2 2 2 2 2 2 2 2 8 2 2 2 2
left_child=1 2 3 -1 5 6 -3 8 9 10 20 12 13 -12 -11 23 -16 -18 19 -19 21 -6 -21 26 -25 -26 28 -28 -13 -30
right_child=-2 4 -4 -5 7 -7 -8 -9 -10 14 11 15 -14 -15 16 -17 17 18 -20 22 -22 -23 -24 24 25 -27 27 -29 29 -31
leaf_value=0.1126781180455079 -0.050211905852262706 0.13726423583381184 -0.044581440909623134 -0.050795033868686071 0.19410627366395902 -0.050621778358826086 -0.051495893297240095 -0.051209853109883512 0.19195931061623353 -0.0050598120994559967 0.052597184926978305 -0.023095532979279413 0.15562077662855645 -0.010289972844587714 -0.051127343284840712 0.054918891773117512 0.21898941384417525 0.1185739562865734 -0.051120923423964897 0.013974361385701503 0.00023507931279048946 0.065606020758082376 0.093405362050326554 -0.038002556566728629 0.18249734056139935 -0.012743538041652985 0.002512100793643955 0.30309707184475193 -0.025979186394245658 0.097066455643801675
leaf_weight=1.1073763649910673 3.0724475930910549 0.52802535612136026 7.1160708325915039 1.3708499516360459 1.3634186713024967 4.9399830671027303 0.46593503933399916 2.4593071257695547 0.57764261215925117 178.26400347566232 12.608429234474903 9.8160145524889213 1.3826943365856994 14.100493448320774 2.5038534956984249 3.3163197431713334 0.52828279882669704 1.9338345597498179 2.259020102210342 14.682569905184211 1.6062321732752023 2.4426599945873022 2.3003158676438025 21.669929646421227 0.83262055367231247 1.0212188642472029 0.84482907410710939 0.42291784379631281 1.9335320908576239 2.6760809682309628
leaf_count=22 776 19 573 115 21 502 22 160 4 7559 351 388 34 668 162 46 5 47 146 639 65 32 50 1316 25 50 39 21 95 62
internal_value=-0.000813785 -0.000302892 -0.0273183 0.0222517 0.000598714 -0.0339716 0.0487799 0.00132733 0.00179028 0.00139586 0.00894041 0.00486981 0.0261021 0.019397 -0.00179058 -0.00915325 0.021544 0.0299276 0.025211 0.0343264 0.0785762 0.111638 0.0247332 -0.0145714 -0.0291014 0.0749456 0.00720861 0.102787 -0.00119093 0.0454542
internal_weight=300.147 297.074 9.5943 2.47823 287.48 5.93394 0.99396 281.546 279.087 278.509 76.0374 70.6251 28.0916 26.7089 202.472 42.5335 24.2079 21.704 21.1757 18.9167 5.41231 3.80608 16.9829 39.2171 23.5238 1.85384 15.6934 1.26775 14.4256 4.60961
internal_count=14014 13238 710 137 12528 543 41 11985 11825 11821 3213 3095 1053 1019 8608 2042 1049 887 882 736 118 53 689 1996 1391 75 605 60 545 157
cat_boundaries=0 2
cat_threshold=270565385 4194306
is_linear=0
shrinkage=0.05


Tree=54
num_leaves=31
num_cat=1
split_feature=22 28 6 15 11 17 7 6 1 3 1 3 3 0 2 26 0 0 1 21 7 25 9 23 0 20 22 36 9 26
split_gain=2.88153 2.78647 4.04456 4.01978 3.76364 7.04305 7.19214 3.50729 3.28982 5.43634 7.0222 3.26315 3.80188 4.00093 4.21779 3.08342 2.94676 5.2527 3.45086 4.03529 7.99499 3.30027 5.85684 4.78086 9.85319 3.82123 8.1822 6.50952 6.12742 5.9189
threshold=41.500000000000007 0.010593085754202834 288.50000000000006 9.0478683680758518 1257.5000000000002 348.50000000000006 258.22500000000042 39.500000000000007 11814.500000000002 164.00000000000003 12440.500000000002 324.50000000000006 453.50000000000006 99.975000000000009 361.50000000000006 33.500000000000007 995.73500000000013 890.5250000000002 16873.500000000004 6.5000000000000009 111.95500000000028 82.500000000000014 28.706729700854726 69.500000000000014 99.975000000000009 0 6.5000000000000009 0.036609428079482531 179.05919612403102 109.50000000000001
decision_type=2 2 2 2 10 2 2 2 2 2 2 2 2 2 2 2 2 2 2 2 2 2 8 2 2 9 2 2 10 2
left_child=1 3 16 4 5 8 -7 -6 11 -10 15 -1 13 14 -13 -11 17 18 21 -20 -21 23 -23 25 -25 27 29 28 -3 -27
right_child=-2 2 -4 -5 7 6 -8 -9 9 10 -12 12 -14 -15 -16 -17 -18 -19 19 20 -22 22 -24 24 -26 26 -28 -29 -30 -31
leaf_value=-0.05075831867488776 -0.050201536445393852 -0.013740809548421266 0.14210840956124948 0.046317566244121894 -0.043290181667543282 0.26474082129252857 0.013890607210389275 0.14573797374252623 0.11634233910685464 0.049193976512270372 -0.026015250075275272 -0.050492645339975044 -0.051108241467266308 -0.022082787921390231 0.1402935008532751 0.25298554550896157 -0.051979657898979709 0.1090605450119842 -0.038580054231214356 0.12050238526192963 -0.035967581921856277 0.058994265941748329 -0.026715075709757605 0.020728044489604375 0.18762017131813774 -0.0052846882920443419 0.016053561639620986 0.017392974898166904 0.023278795753068612 -0.041172995960837983
leaf_weight=6.8055645925924235 2.9231910163070998 44.403483925387263 0.51017857808619638 2.5976544707082203 12.451493437867608 0.47211955813690909 0.72380266292020679 0.25032465811818916 1.1154503789730359 0.42772929044440378 4.9508955902419984 0.38411322887986932 1.9925025505945084 1.4426272488199172 1.1784287919290362 0.32789762271568179 2.58013438200578 1.1347268228419114 10.399863482918589 1.3204351537860923 2.1386555293574929 2.2492916281335082 17.50524273281917 6.3777985861524931 1.0267725540325043 31.220974208321422 26.250613159500062 80.704745680093765 14.938142506871371 18.178019238635898
leaf_count=602 776 1800 20 74 1009 23 45 10 38 19 410 49 160 88 38 22 92 17 734 36 126 35 663 129 27 1733 1143 2535 355 1206
internal_value=-0.00080237 -0.00031462 0.00146497 -0.0135366 -0.0183172 -0.00470128 0.11292 -0.0395649 -0.0122537 0.0153871 -0.00434656 -0.0282294 0.00244924 0.0379592 0.0933933 0.137628 0.00118945 0.00172148 0.00124702 -0.0230201 0.0237615 0.00263186 -0.016956 0.00436628 0.0438705 0.00301015 -0.00574458 0.0076063 -0.00442182 -0.018491
internal_weight=298.983 296.06 260.939 35.1206 32.5229 19.8211 1.19592 12.7018 18.6252 6.82197 5.70652 11.8032 4.99767 3.00517 1.56254 0.755627 260.429 257.849 256.714 13.859 3.45909 242.855 19.7545 223.101 7.40457 215.696 75.6496 140.046 59.3416 49.399
internal_count=14014 13238 10651 2587 2513 1494 68 1019 1426 489 451 937 335 175 87 41 10631 10539 10522 896 162 9626 698 8928 156 8772 4082 4690 2155 2939
cat_boundaries=0 2
cat_threshold=271221764 4194562
is_linear=0
shrinkage=0.05


Tree=55
num_leaves=31
num_cat=3
split_feature=31 0 20 23 1 1 26 0 20 35 2 36 15 8 27 15 28 0 21 29 11 15 8 9 1 28 20 11 3 15
split_gain=2.78605 2.92585 5.51815 6.89694 5.14349 4.54974 4.15463 7.16645 4.12386 11.4715 5.21061 6.094 5.39343 5.17994 5.14946 5.09879 5.42732 5.04312 4.7879 4.5855 3.79324 4.72618 4.85318 4.14067 4.81545 3.76512 3.76336 3.75207 9.92476 6.09825
threshold=0.070727465435075007 75.051000000000016 0 30.500000000000004 14277.000000000002 16813.000000000004 235.50000000000003 41.975000000000009 1 0.00047277248296441406 500.50000000000006 0.038316988872653709 -0.00024975475193658167 3447.5800000000004 0.02710428077584286 0.93371563207761066 0.023811938044633236 14.289500000000002 6.5000000000000009 0.020872292854568309 22523.500000000004 7.1812490327663596 304.77250000000004 149.99531914893618 16266.000000000002 0.00079286471442232545 2 2057.0000000000005 328.50000000000006 0.017494864743411508
decision_type=2 2 9 2 2 2 2 2 9 2 2 2 2 2 2 2 2 2 2 2 10 2 2 8 2 2 9 8 2 2
left_child=1 4 3 20 8 -5 -6 -8 9 -1 11 17 -12 26 -11 18 19 -10 -16 -17 21 -3 -23 -22 -25 -19 27 28 -13 -30
right_child=-2 2 -4 5 6 -7 7 -9 10 14 12 13 -14 -15 15 16 -18 25 -20 -21 23 22 -24 24 -26 -27 -28 -29 29 -31
leaf_value=-0.036249494660779667 0.031207101729822925 0.0043996134531441924 -0.015252447007087383 0.026718081256789275 -0.035903267106897188 0.11442336532212181 0.26501412681459841 -0.05067442347993778 0.037347288082308638 -0.050929114864263575 0.11306889042349628 0.022589013549036176 -0.038984599298314965 0.14744560054215114 -0.052144498110994135 0.20132648043183354 0.2427713241700655 0.19207851840902776 0.098849343334617368 0.056073077202334981 -0.045496199047897035 0.20142218880998711 0.037380127212304839 -0.0079371513786540056 0.11651627131207683 -0.02449093058000993 -0.017448241157112014 0.0068338088666143925 0.29466509211784514 0.07581215458131435
leaf_weight=3.4140169275924546 6.6515406593680373 94.556093015009537 25.121562532847747 20.447077122982595 18.189750981982801 1.5939531093463291 0.31617735186591645 0.41670818766579032 3.8279679242987177 0.69689552346244443 0.60628380812704641 8.5395779125392419 15.312269704882052 0.67444549221545358 0.94335132045671377 0.74885343387723047 0.81793892150744785 0.20189333287998934 1.1838821391575036 1.9798770349007098 7.9876644876785603 0.56233391072601024 2.2747530853375793 8.0502368556335533 0.86031799810007292 33.659444010816514 5.082843533717095 31.993799211457372 0.56398759875446447 0.73068780126050115
leaf_count=278 49 4117 1316 333 1570 26 22 37 107 57 28 180 1007 6 63 17 12 12 25 74 383 5 85 286 27 2186 489 1171 9 37
internal_value=-0.000789362 -0.00151983 0.00297451 0.00694266 -0.00710587 0.0330607 -0.0312005 0.0855182 -0.00299753 0.0186477 -0.00630975 -0.0020312 -0.0331934 0.00986433 0.0773368 0.093091 0.129799 -0.0170501 0.031889 0.0959354 0.00251326 0.0063075 0.0698946 -0.0193549 0.00407888 -0.0231997 0.0078863 0.0122158 0.0421469 0.171149
internal_weight=298.006 291.355 161.454 136.332 129.901 22.041 18.9226 0.732886 110.978 9.78482 101.193 85.2746 15.9186 47.5853 6.3708 5.6739 3.54667 37.6893 2.12723 2.72873 114.291 97.3932 2.83709 16.8982 8.91055 33.8613 46.9109 41.8281 9.83425 1.29468
internal_count=14014 13965 6578 5262 7387 359 1629 59 5758 526 5232 4197 1035 1892 248 191 103 2305 88 91 4903 4207 90 696 313 2198 1886 1397 226 46
cat_boundaries=0 2 3 4
cat_threshold=269123585 4325634 2098188 655361
is_linear=0
shrinkage=0.05


Tree=56
num_leaves=31
num_cat=1
split_feature=22 10 31 10 0 15 35 3 31 20 25 28 0 0 1 1 24 36 3 31 3 1 10 10 8 28 0 0 10 29
split_gain=2.72519 2.72229 2.93854 5.25365 2.71348 5.95158 2.65867 3.03118 4.66563 2.419 6.00024 4.6962 4.26133 4.99137 6.13013 6.95061 4.96806 4.94703 6.82302 5.73984 5.45576 4.925 4.66425 10.5304 4.27229 4.00825 3.91896 5.11889 5.48551 5.80249
threshold=29.500000000000004 0.18499483619326948 0.0050208367153223446 0.083614577576686236 225.50000000000003 0.073806950709132568 3.2520945857565299e-05 124.50000000000001 0.0094839065042274136 0 52.500000000000007 0.012142356864171771 20.029500000000002 72.970000000000013 6399.0000000000009 2583.0000000000005 250.50000000000003 0.14848484848484853 222.00000000000003 0.01371108481701524 328.50000000000006 4091.5000000000005 0.30495315446126703 0.29664409448438539 133.97500000000002 0.023416678380901956 83.846000000000018 79.998000000000005 0.76551240049191416 0.022466049888601292
decision_type=2 2 2 2 2 2 2 2 2 9 2 2 2 2 2 2 2 2 2 2 2 2 2 2 2 2 2 2 2 2
left_child=1 2 3 -1 -2 -6 7 8 -3 12 11 -11 -8 14 15 16 -14 18 24 20 21 -19 23 -16 -17 -24 27 28 29 -15
right_child=4 6 -4 -5 5 -7 9 -9 -10 10 -12 -13 13 26 22 17 -18 19 -20 -21 -22 -23 25 -25 -26 -27 -28 -29 -30 -31
leaf_value=0.095264746419356588 -0.050418620954216745 0.16051028771106612 -0.044161261762640791 -0.050770906420304608 0.37051623945893275 -0.0036345829915581311 0.031210784843155495 -0.050583363011589499 -0.051924934589597495 -0.047186697857700591 -0.042042509064705552 0.0057736259279540115 -0.052465889478541763 0.0014148332088920283 0.00069339595430669961 -0.059103801306830628 0.085685641914432675 0.08495075415834602 -0.041702473202100777 -0.026624970033099445 0.14516888461669422 -0.022937634109770795 -0.038608616388993433 0.23349698394628926 0.036326359744164448 -0.0058278959500774339 0.0050521193834612938 0.067017539012893576 -0.025491078406328489 0.14342570534682542
leaf_weight=1.1899465266615137 4.8704712504986665 0.47024737112223991 6.6927311583422124 1.2765431581065056 0.11858911393210281 1.0245487557258455 13.365950182080267 4.6177783655002713 0.57389019010588527 4.7218422200530759 10.814981143455951 36.876616472844034 5.8426910755224517 1.7336770044639691 6.1927556572481981 1.3138291416689813 0.73231664299964894 2.8235885999165458 5.3280280204489818 1.7922529843635855 1.9192432127892969 1.69143500784412 24.447724245488644 0.52708283020183433 10.927042671013622 15.075499314814804 117.63953101634979 6.1877574361860752 5.0089724459685385 1.2293633301742373
leaf_count=21 1001 17 563 113 12 118 346 502 24 402 449 1457 323 94 454 41 12 50 335 87 42 70 2158 38 179 394 4312 145 213 42
internal_value=-0.000830543 -0.000142078 -0.0269685 0.0196833 -0.0341471 0.0351798 0.000729683 -0.0331871 0.0437493 0.00142497 -0.00744367 -0.000237902 0.00367079 0.00209583 -0.00787547 0.00881257 -0.0370787 0.0205098 0.00552655 0.0525087 0.0745513 0.0445332 -0.0195572 0.0189538 0.0260837 -0.0261049 0.00804335 0.0328946 0.0064088 0.060335
internal_weight=297.027 291.013 9.15922 2.46649 6.01361 1.14314 281.854 5.66192 1.04414 276.192 52.4134 41.5985 223.779 210.413 78.6135 32.3704 6.57501 25.7954 17.5689 8.22652 6.43427 4.51502 46.2431 6.71984 12.2409 39.5232 131.799 14.1598 7.97201 2.96304
internal_count=14014 12883 697 134 1131 130 12186 543 41 11643 2308 1859 9335 8989 4183 1139 335 804 555 249 162 120 3044 492 220 2552 4806 494 349 136
cat_boundaries=0 2
cat_threshold=270696457 4325378
is_linear=0
shrinkage=0.05


Tree=57
num_leaves=31
num_cat=1
split_feature=22 10 31 10 31 10 3 7 11 3 15 8 9 24 34 28 17 10 28 3 3 9 2 17 20 16 16 0 1 35
split_gain=2.60385 2.55848 2.75424 4.6183 2.46981 2.50551 3.21587 3.18375 3.10742 3.40564 3.74892 3.19061 2.97593 3.47757 3.23093 3.48121 4.09032 5.01751 5.60027 5.02571 4.72221 5.10919 4.5601 4.19648 3.27106 4.46719 4.17527 5.61859 6.50736 6.52867
threshold=41.500000000000007 0.18499483619326948 0.0050208367153223446 0.083614577576686236 0.070727465435075007 0.23373239392875159 326.00000000000006 171.00000000000048 18460.500000000004 312.50000000000006 4.571414678691716 5270.9225000000015 449.76333333333338 70.500000000000014 1.0000000180025095e-35 0.01792190018437775 85258.000000000015 1.942927953352964 0.017763691321462868 333.50000000000006 258.50000000000006 140.02097222222233 475.50000000000006 348.50000000000006 0 -3.125336168883743e-05 -1.2412715980189799e-05 75.051000000000016 10573.000000000002 7.6418457777401936e-05
decision_type=2 2 2 2 2 2 2 2 10 2 2 2 10 2 2 2 2 2 2 2 2 8 2 2 9 2 2 2 2 2
left_child=1 2 3 -1 5 6 7 8 9 10 11 -3 14 -14 24 16 17 18 -16 20 21 -19 23 -22 25 -7 27 -27 -29 -30
right_child=-2 4 -4 -5 -6 12 -8 -9 -10 -11 -12 -13 13 -15 15 -17 -18 19 -20 -21 22 -23 -24 -25 -26 26 -28 28 29 -31
leaf_value=0.085912736606709408 -0.050184964920342405 -0.018957529781621598 -0.043846048333834348 -0.050729056438546388 0.030973917534001333 -0.034043769886991697 -0.050926313955473049 -0.023448958322698735 -0.014035088408246871 0.17075069712706237 0.16286518367952227 0.10468670374842988 0.058053827752906184 -0.025701000469534149 -0.031915539198804882 -0.039475420606237627 0.08292812908982275 -0.051260633812862492 0.10474181020947858 -0.051774624407447491 -0.051381998998380751 0.12893025049428672 0.17543296013172086 0.10616464138838898 -0.010247232289171845 -0.015593877816676163 0.0036232059228001796 0.023060187177771828 0.23140414532730158 0.050259092852792057
leaf_weight=1.2475026044994577 2.6468819926958522 1.4159210026264193 6.4730768268927932 1.2262007377576081 6.4798794426023951 7.560127693694084 1.0813077590428291 1.4138329899869857 1.0517973019741473 0.85716708982363332 0.65144596435129631 0.82620357535779465 4.2693988983519366 1.7462793258018789 15.246270238887526 10.885512274224309 1.2440608595497895 1.5515193892642849 0.78846313245594579 1.5415679784491656 0.69422745518386397 0.52701995242387045 1.0644656606018541 1.0805732458829878 46.840243738144636 2.6148456539958707 168.22616060799919 2.5143966861069202 1.0313637941144405 0.96076571475714434
leaf_count=22 776 89 573 115 46 404 82 92 47 23 9 14 77 51 1000 641 31 88 16 81 39 14 31 29 1944 180 7334 103 23 40
internal_value=-0.000815479 -0.000369659 -0.0266964 0.0181802 0.000459224 -0.000252848 0.0286568 0.0424999 0.0619148 0.0832129 0.0572815 0.0266043 -0.00103311 0.0337408 -0.00182438 -0.0160629 -0.00532674 -0.0102078 -0.0251958 0.0269985 0.0516912 -0.00557269 0.0936123 0.044539 0.000321411 0.00340214 0.00521065 0.0427103 0.0765404 0.144041
internal_weight=295.758 293.112 8.94678 2.4737 284.165 277.685 7.29768 6.21637 4.80253 3.75074 2.89357 2.24212 270.387 6.01568 264.372 34.6237 23.7382 22.4941 16.0347 6.45937 4.91781 2.07854 2.83927 1.7748 229.748 182.908 175.348 7.12137 4.50653 1.99213
internal_count=14014 13238 710 137 12528 12482 356 274 182 135 112 103 12126 128 11998 1970 1329 1298 1016 282 201 102 99 68 10028 8084 7680 346 166 63
cat_boundaries=0 2
cat_threshold=268599301 4325634
is_linear=0
shrinkage=0.05


Tree=58
num_leaves=31
num_cat=2
split_feature=20 29 28 22 9 23 25 35 3 36 2 1 31 24 17 2 36 30 20 32 22 28 1 2 0 24 29 17 8 16
split_gain=2.56745 3.85105 5.74194 2.35517 2.3442 2.33141 6.50321 2.15303 2.82775 2.66408 5.58279 8.85256 4.7042 4.18274 5.81751 3.1624 3.11885 3.96106 3.40896 7.4853 8.38418 9.17509 6.58629 6.58401 9.55392 5.70533 6.36398 8.46612 7.83678 6.24959
threshold=0 0.022572612116827213 0.022088487423462949 41.500000000000007 45.914445175438608 192.50000000000003 190.50000000000003 3.2520945857565299e-05 124.50000000000001 0.22619047619047619 122.50000000000001 15987.500000000002 0.0038067615482748397 146.50000000000003 10506.000000000002 387.50000000000006 0.18452380952380956 0.018082466983565887 1 0.0011819040310914405 6.5000000000000009 0.00090536951502073336 16075.500000000002 561.50000000000011 387.64500000000004 249.50000000000003 0.022093116521003427 -212.49999999999997 304.77250000000004 1.5192700757580417
decision_type=9 2 2 2 8 2 2 2 2 2 2 2 2 2 2 2 2 2 9 2 2 2 2 2 2 2 2 2 2 2
left_child=1 -1 -3 5 -4 6 7 8 -2 16 11 12 -11 14 -12 -16 18 -18 19 20 21 -9 -20 -23 -25 26 27 -22 -29 -28
right_child=3 2 4 -5 -6 -7 -8 9 -10 10 13 -13 -14 -15 15 -17 17 -19 22 -21 25 23 -24 24 -26 -27 29 28 -30 -31
leaf_value=-0.028379011428053921 0.039399822030891568 0.13033811378008286 0.053800860516460595 -0.0501759793398757 -0.02041662427977501 -0.051094523338212586 0.15644563419668386 0.25010140457975116 -0.05055504308503616 0.13731048982240399 0.0060076640637354069 0.24297049480352145 -0.018599052777018947 -0.040582126423530054 0.015886858502707862 0.13293791207448347 0.058225102029443698 -0.031666433035869912 -0.0021012659180607552 0.073960047033307191 0.087489471608626107 -0.02331093535147135 -0.038543667866955726 -0.017826515571119254 0.1828620431303638 0.11477200685287443 -0.02672834956957031 0.16683359739138257 -0.017265307074285991 0.061852677896190547
leaf_weight=1.6776963998563568 1.0920851961709548 1.8752530168276278 2.8857964491471648 2.5086905986536285 1.6852941783145068 2.3516572392545632 0.65347684174775977 0.32730101607740181 4.3675811844877899 0.71530344896018494 24.114864561706788 0.6404456105083226 1.4950045892037449 4.1439479589462271 0.94643209734931533 1.4784590657800434 1.3382082097232331 14.550787639804183 154.02563840337098 4.2199858501553527 5.9508713143877685 26.801406162790958 13.483837582403792 1.4928806498646729 0.98385485820472229 1.6936475886031974 8.8801876869983953 0.6495058285072498 5.25535150594078 2.5666994880884877
leaf_count=86 41 29 28 773 35 175 4 10 499 6 1153 13 74 218 26 26 27 707 6415 33 154 1544 982 98 10 39 399 8 312 90
internal_value=-0.000811534 0.0175268 0.0566627 -0.00187693 0.026438 -0.00151665 -0.00110302 -0.00146913 -0.0325616 -0.000853527 0.0123546 0.0792851 0.0318566 0.00613625 0.0134309 0.087253 -0.00268214 -0.0240956 -0.00117887 0.00837745 0.00484307 -0.0131601 -0.0047511 -0.0161031 0.0618947 0.0261659 0.019726 0.0454011 0.00298468 -0.0068661
internal_weight=294.852 8.12404 6.44634 286.728 4.57109 284.219 281.868 281.214 5.45967 275.755 33.5345 2.85075 2.21031 30.6837 26.5398 2.42489 242.22 15.889 226.331 58.8217 54.6017 29.6054 167.509 29.2781 2.47674 24.9963 23.3026 11.8557 5.90486 11.4469
internal_count=14014 178 92 13836 63 13063 12888 12884 540 12344 1516 93 80 1423 1205 52 10828 734 10094 2697 2664 1662 7397 1652 108 1002 963 474 320 489
cat_boundaries=0 2 4
cat_threshold=32768 4194306 270532633 256
is_linear=0
shrinkage=0.05


Tree=59
num_leaves=31
num_cat=1
split_feature=28 0 15 16 11 11 2 7 7 26 2 2 32 6 1 0 0 1 21 7 11 25 9 23 0 1 30 31 1 20
split_gain=2.45775 3.83778 3.57683 3.06035 3.32759 5.22037 3.39612 5.01828 6.40354 3.26485 3.08974 9.80823 3.48911 2.89295 2.78288 2.70778 3.70704 2.97421 3.70253 6.24765 3.02409 2.85512 4.58386 3.93013 7.325 2.96839 2.63696 2.97643 2.58591 2.57022
threshold=0.010593085754202834 11.712000000000002 9.0478683680758518 -0.00049693946766630602 1257.5000000000002 546.50000000000011 489.50000000000006 143.70400000000001 261.94999999999993 8.5000000000000018 122.50000000000001 111.50000000000001 2.4386913893292924e-05 39.500000000000007 1348.0000000000002 995.73500000000013 890.5250000000002 16873.500000000004 6.5000000000000009 111.95500000000028 188254.50000000003 82.500000000000014 28.706729700854726 69.500000000000014 99.975000000000009 16713.000000000004 0.090443662281262646 0.020132717979100549 11814.500000000002 0
decision_type=2 2 2 2 8 10 2 2 2 2 2 2 2 2 2 2 2 2 2 2 10 2 8 2 2 2 2 2 2 9
left_child=1 -1 3 -3 5 9 7 -7 -9 28 11 12 -6 -12 -11 16 17 21 20 -20 -19 23 -23 25 26 29 27 -25 -5 -2
right_child=15 2 -4 4 10 6 -8 8 -10 14 13 -13 -14 -15 -16 -17 -18 18 19 -21 -22 22 -24 24 -26 -27 -28 -29 -30 -31
leaf_value=0.21068241599193904 0.0060095993334855942 0.090833178798479339 0.041086487709704279 -0.050639095378475489 0.17330401016589245 -0.051154027450119738 -0.021322416831336486 0.23485688049595008 0.053409312877128551 0.11986608575713859 -0.045773928141291498 0.28639312946433904 -0.033296716106277484 0.11226090809450295 -0.050643032501100943 -0.05183293122752463 0.087008597287613176 -0.042724588667376349 0.10123301813938038 -0.034707632776729204 0.12640325113194489 0.050694772929240101 -0.025462703827315303 -0.021761266588982638 0.15314998156385196 0.11303317847864854 -0.035317259159914016 0.06438321412629143 0.093854408026796898 -0.0049415736608545424
leaf_weight=0.19007960893213649 140.02020189585164 0.61825570184737344 2.6581417117267838 0.47772200661711905 0.22169112227857457 0.64014776516705785 1.4080570139922199 0.68911837111227248 1.6517085626255719 0.25021176226437081 15.964587996248156 0.29370824107900251 2.6136917946860194 0.29493391234427768 5.4864033437334001 2.4142982652410856 1.257386244367807 9.4529078893829102 1.4526978977955871 2.0210921706166118 0.27190719638019878 2.2412670124322203 16.682203982723877 1.4600413502193976 1.1890811575576661 0.60617702873423596 1.7018535737879572 3.201318237464875 0.88005778891965747 75.199092944385484
leaf_count=11 4992 13 75 57 14 47 86 31 77 2 1422 12 217 9 645 93 18 724 36 126 10 35 664 49 27 38 44 36 14 4390
internal_value=-0.0007937 -0.0133635 -0.0146106 -0.0193121 -0.0215179 -0.000187994 0.0426726 0.0729005 0.106826 -0.0267042 -0.0341512 0.0113479 -0.0171431 -0.0429073 -0.043206 0.000871721 0.00136731 0.000945841 -0.0221681 0.0221411 -0.0379958 0.0022049 -0.0164427 0.00378464 0.0392386 0.00254401 0.0179523 0.0374008 0.0430157 0.00223281
internal_weight=293.51 34.3385 34.1484 31.4903 30.872 11.4834 4.38903 2.98097 2.34083 7.09439 19.3886 3.12909 2.83538 16.2595 5.73662 259.172 256.757 255.5 13.1986 3.47379 9.72482 242.301 18.9235 223.378 7.55229 215.825 6.36321 4.66136 1.35778 215.219
internal_count=14014 2732 2721 2646 2633 959 241 155 108 718 1674 243 231 1431 647 11282 11189 11171 896 162 734 10275 699 9576 156 9420 129 85 71 9382
cat_boundaries=0 2
cat_threshold=271221764 4194562
is_linear=0
shrinkage=0.05


Tree=60
num_leaves=31
num_cat=1
split_feature=22 10 31 10 20 10 6 21 28 35 35 3 35 24 1 0 0 0 36 1 24 0 1 36 27 1 0 11 3 9
split_gain=2.34162 2.35841 2.59293 4.06669 2.45564 5.13187 4.03581 5.0297 3.37243 4.60358 3.07183 4.3129 4.14197 4.07561 3.18037 2.74732 5.13943 4.81244 5.37571 3.79002 7.37716 3.71552 4.78502 4.62161 3.73873 3.64624 4.40945 3.63022 3.76974 3.4687
threshold=41.500000000000007 0.18499483619326948 0.0050208367153223446 0.083614577576686236 0 0.57710098202212445 8.5000000000000018 8.5000000000000018 0.020859369645037758 0.00059850235757418879 3.3222145732465153e-05 157.50000000000003 3.3414334583545957e-05 35.500000000000007 7678.0000000000009 75.051000000000016 83.846000000000018 82.970000000000013 0.25238095238095243 16063.500000000002 235.50000000000003 15.052500000000002 5779.5000000000009 0.58333333333333337 0.021959034213702284 9624.0000000000018 13.975000000000001 2918.5000000000005 324.50000000000006 112.48650051124724
decision_type=2 2 2 2 9 2 2 2 2 2 2 2 2 2 2 2 2 2 2 2 2 2 2 2 2 2 2 8 2 8
left_child=1 2 3 -1 10 6 -6 8 9 -8 11 13 -12 -3 -15 19 17 18 27 21 -21 22 -14 24 -23 -24 -27 28 -17 -18
right_child=-2 4 -4 -5 5 -7 7 -9 -10 -11 12 -13 15 14 -16 16 29 -19 -20 20 -22 23 25 -25 -26 26 -28 -29 -30 -31
leaf_value=0.078547002967199006 -0.050166390565598233 -0.051650226516475051 -0.043483711315936341 -0.050696763067451446 -0.050626198819879654 -0.033115838237271329 0.18978742343253152 -0.051033498949184131 0.1547499347912325 -0.016166715214983762 0.14592129764787057 -0.050757903765240725 -0.040086464296931419 0.14803063722796952 0.015545097829354535 -0.015144755547633748 -0.0074229405993484184 0.081948789357145668 0.07177064258271032 -0.05095322431615748 0.14748017419293613 -0.050795018483983614 0.087949185868272772 0.14880905013356954 -0.0026321778255360782 -0.026836690696772959 0.057883708963957725 -0.055235267710700468 0.090650525628896736 0.010061662336413268
leaf_weight=1.2868285467848166 2.3800144135020664 1.1702448427677139 6.149486446287483 1.1548703294247387 1.2261331724002982 15.739285948919131 0.36932412534952241 0.83451956044882525 1.1299819280393419 1.0225736009888349 0.50596036249771614 6.1067164042033255 2.1928791166283181 0.73934220755472768 1.1695353407412765 2.3833877830766128 42.468661887571216 4.0995435072109094 3.0104863215237856 6.9594387598335734 0.50217869551852334 4.2252638419158748 2.9469316592439991 0.49189336691051622 86.921692448901013 2.7520632804371417 3.4753276673145592 2.56484489236027 1.3019815660081802 85.419826851226389
leaf_count=22 776 58 573 115 136 1166 3 68 31 79 28 611 72 18 36 94 1698 35 50 689 31 335 39 13 3972 83 46 119 39 2979
internal_value=-0.000773337 -0.00036842 -0.026175 0.0174175 0.000418536 -0.0131079 0.0270076 0.0553681 0.0905777 0.0384809 0.00189888 -0.02643 0.00300589 0.0218187 0.0668591 0.00271862 0.00733812 0.0368464 0.0168804 -0.00318806 -0.0375983 -0.00069543 0.0262672 -0.00403996 -0.00486484 0.0421272 0.0204433 -0.00955814 0.022231 0.00425545
internal_weight=292.701 290.321 8.59119 2.4417 281.73 20.3218 4.58253 3.3564 2.52188 1.3919 261.408 9.18584 252.222 3.07912 1.90888 251.716 141.249 13.3602 9.2607 110.468 7.46162 103.006 11.3672 91.6388 91.147 9.17432 6.22739 6.25021 3.68537 127.888
internal_count=14014 13238 710 137 12528 1483 317 181 113 82 11045 723 10322 112 54 10294 5014 337 302 5280 720 4560 240 4320 4307 168 129 252 133 4677
cat_boundaries=0 2
cat_threshold=271220745 4325635
is_linear=0
shrinkage=0.05


Tree=61
num_leaves=31
num_cat=1
split_feature=20 32 28 22 23 25 9 17 11 35 11 11 9 35 36 2 3 9 17 31 16 1 28 9 3 16 31 1 28 32
split_gain=2.28557 3.35833 5.03556 2.12321 2.13021 5.30788 2.02327 1.97158 3.69925 2.81366 2.65785 8.08945 6.09355 4.72807 4.99822 6.3519 5.0949 10.7693 4.55535 5.83596 4.43054 4.39186 3.14493 4.44856 2.56325 3.18255 2.37062 2.57545 2.33087 4.07342
threshold=0 0.00048805951401488962 0.022088487423462949 41.500000000000007 192.50000000000003 190.50000000000003 45.914445175438608 85258.000000000015 122772.00000000001 9.5952645590307103e-05 22523.500000000004 45556.500000000007 502.21214285714291 0.00071789683942057112 0.25238095238095243 321.50000000000006 303.50000000000006 150.00166666666669 15928.000000000002 0.00060109003803115156 2.9299154137110857 16495.000000000004 0.023247536837107629 25.007000000000001 480.50000000000006 1.6917715846398564 0.022946050526666636 10060.000000000002 0.018153111840440678 0.00041337101347911756
decision_type=9 2 2 2 2 2 8 2 10 2 10 10 10 2 2 2 2 8 2 2 2 2 2 10 2 2 2 2 2 2
left_child=1 -1 -3 4 5 7 -4 10 9 -9 18 26 13 14 15 22 21 -18 24 -20 -21 -16 -13 -24 -2 -26 -12 -28 29 -10
right_child=3 2 6 -5 -6 -7 -8 8 28 -11 11 12 -14 -15 16 -17 17 -19 19 20 -22 -23 23 -25 25 -27 27 -29 -30 -31
leaf_value=-0.027455878059134815 0.00013435466704786483 0.12119628660559366 0.049753801382646665 -0.050158247744834142 -0.051007495203212475 0.13652392570098323 -0.019250314593434906 0.12082147254220051 -0.051699850157095578 0.027042386964855666 -0.051201539819355206 -0.013274468964177617 0.14617990750963994 0.10495843804344446 -0.031074109055330475 -0.048905698771722454 0.28321132075355171 0.0068882732501749123 0.20975998794915324 -0.051545869725728638 0.083644257720098092 0.13013469840255765 -0.057311856710373768 0.069739818148039937 -0.038802717900590394 0.067604484252260108 0.052066044590257536 -0.053745927745877012 -0.036963105747819462 0.11399572842467483
leaf_weight=1.6205900469794849 220.35029166820459 1.9106488854158667 2.9117118362337351 2.2548812744207671 2.151458569103851 0.69921856559812923 1.6724701439961789 1.2833229713141912 0.66097759827971436 2.1229882840998471 12.821126887109129 5.9237185956444716 0.72910059522837301 1.0148188150487829 2.0227312650531526 8.2753223846666497 0.59580669971182909 0.86385259032249462 0.53991584479808752 1.022845696192235 1.4872715934179721 0.53402621345594514 0.86964579764753569 3.3161635478027165 7.2946536350063962 0.77761521376669396 1.2593250228092068 1.0583923752419648 2.5856699696741998 0.84523331746459007
leaf_count=86 10158 28 28 773 175 4 36 16 29 40 691 336 22 20 104 496 28 55 3 62 21 16 23 49 530 26 28 36 78 17
internal_value=-0.000754046 0.0165462 0.0530016 -0.00177096 -0.00144582 -0.00106357 0.0245787 -0.00140931 0.0238817 0.0623735 -0.00210971 -0.0141348 0.00383128 -0.000600988 -0.00538303 -0.0164221 0.0451473 0.119678 -6.88895e-05 0.0606325 0.0285557 0.00259734 0.010168 0.0433435 -0.00087941 -0.0285523 -0.0427891 0.0037467 -0.008161 0.0412828
internal_weight=291.476 8.11542 6.49483 283.36 281.105 278.954 4.58418 278.255 7.49819 3.40631 270.757 39.284 24.1452 23.4161 22.4013 18.3849 4.01642 1.45966 231.473 3.05003 2.51012 2.55676 10.1095 4.18581 228.423 8.07227 15.1388 2.31772 4.09188 1.50621
internal_count=14014 178 92 13836 13063 12888 64 12884 180 56 12704 1904 1149 1127 1107 904 203 83 10800 86 83 120 408 72 10714 556 755 64 124 46
cat_boundaries=0 2
cat_threshold=32768 4194306
is_linear=0
shrinkage=0.05


Tree=62
num_leaves=31
num_cat=2
split_feature=10 31 10 31 5 17 17 3 17 36 36 20 0 11 31 31 1 1 0 2 0 1 36 28 9 20 24 1 24 9
split_gain=2.21087 2.41048 3.54015 2.13986 2.14466 8.28373 4.66749 5.81612 13.8361 2.27449 9.86024 6.27747 5.13885 5.17271 4.94657 9.21074 6.15054 8.08685 8.5084 8.27921 6.10826 5.18811 4.8842 4.83383 4.4424 6.25844 5.8722 5.62661 5.42881 5.99358
threshold=0.18499483619326948 0.0050208367153223446 0.083614577576686236 0.070727465435075007 4.5000000000000009 1338.0000000000002 -284.49999999999994 430.00000000000006 -472.49999999999994 0.024134199134199136 0.034105422566048753 0 20.029500000000002 1527.0000000000002 0.0078908687090510857 0.0080326168884699602 15656.500000000002 16660.000000000004 890.5250000000002 156.00000000000003 149.97500000000002 5369.5000000000009 0.023373239522096759 0.0082489705363565004 166.29238461538463 1 41.500000000000007 9624.0000000000018 249.50000000000003 100.7481168684418
decision_type=2 2 2 2 2 2 2 2 2 2 2 9 2 8 2 2 2 2 2 2 2 2 2 2 10 9 2 2 2 10
left_child=1 2 -1 4 9 6 7 -6 -9 22 -11 23 13 -13 -14 -16 21 19 -19 -18 -21 -17 24 -12 25 27 -26 -2 29 -29
right_child=3 -3 -4 -5 5 -7 -8 8 -10 10 11 12 14 -15 15 16 17 18 -20 20 -22 -23 -24 -25 26 -27 -28 28 -30 -31
leaf_value=0.070523012138211869 -0.009175661307202744 -0.0431620606893513 -0.050661617661288461 0.028769510328076755 -0.0077319143277196738 0.21158693102085199 -0.04075758173135665 -0.050930927629610115 0.3838011595969793 -0.037072174432169668 -0.040247672541501266 0.15146729957059873 -0.039054383852228522 0.0041096863778452668 0.18213528515813399 0.0071325914348582646 0.26490482225947831 -0.050748457011362172 0.21115988916693126 -0.051003051345055721 0.13441576558548007 -0.034810900033780588 0.069613566801436155 0.011785340931270014 0.051326269334650967 -0.01245894944920011 0.0028032844230096907 0.069517200401621113 0.1702021712702112 -0.01405732298902336
leaf_weight=1.336841501295565 6.2362616003956672 5.9560223354492337 1.0973345581442115 6.3256218899041405 2.7998214638791974 0.37979650311172086 11.177921337308359 0.39558809413574636 0.3406142487656324 18.806992701720446 4.6845797607675186 0.91106375074014012 16.63156973128207 1.7196286818943916 0.63809733418747683 12.28829696821049 0.6211587125435466 2.4334858697839086 0.35537539422512043 0.78984353761188675 1.0149053153581915 18.429992952384055 3.0092261279933146 94.567797802388668 10.274981967173519 41.178488913923502 15.858496770728378 6.062529897782948 0.87444806052371937 3.3200779133476317
leaf_count=22 268 593 116 46 210 22 1339 38 14 1065 415 14 1141 108 32 545 15 245 2 75 25 1520 80 3063 215 1950 441 174 20 201
internal_value=-0.000735959 -0.026029 0.0158926 1.62352e-05 -0.000643234 -0.0189676 -0.0249187 0.0251504 0.150204 0.000417663 -0.00288216 0.001264 -0.0110877 0.0551427 -0.0164466 -0.00616522 -0.00950905 0.0406975 -0.0173743 0.107458 0.0532677 -0.0180322 0.00702734 0.00847552 0.00478003 -0.00296922 0.0218812 0.0176041 0.0510489 0.039944
internal_weight=290.517 8.3902 2.43418 282.127 275.801 15.0937 14.7139 3.53602 0.736202 260.707 173.893 155.086 55.8334 2.63069 53.2027 36.5712 35.9331 5.21477 2.78886 2.42591 1.80475 30.7183 86.8145 99.2524 83.8053 57.6718 26.1335 16.4933 10.2571 9.38261
internal_count=14014 731 138 13283 13237 1623 1601 262 52 11614 8265 7200 3722 122 3600 2459 2427 362 247 115 100 2065 3349 3478 3269 2613 656 663 395 375
cat_boundaries=0 2 4
cat_threshold=269123588 4194306 1033 258
is_linear=0
shrinkage=0.05


Tree=63
num_leaves=31
num_cat=0
split_feature=28 9 9 0 26 17 16 2 2 10 24 26 0 0 3 0 1 7 3 3 2 32 26 1 1 0 29 32 22 6
split_gain=2.10385 3.37959 9.66273 3.05811 2.97726 5.95023 3.11538 3.12922 7.31573 2.86832 2.62254 10.1259 2.51754 3.25185 4.88193 4.3769 4.00129 3.53304 3.40803 5.17347 5.17737 10.7539 9.10739 4.55559 4.19365 4.15574 4.32975 4.62227 6.70093 5.82274
threshold=0.010593085754202834 79.64166666666668 83.153535353535332 11.712000000000002 8.5000000000000018 -307.49999999999994 -0.00049693946766630602 122.50000000000001 114.50000000000001 7.69211442706235 29.500000000000004 26.500000000000004 995.73500000000013 221.99500000000003 134.50000000000003 225.50000000000003 16873.500000000004 3114.4749999999899 179.00000000000003 228.50000000000003 480.50000000000006 0.00042588865063595573 65.500000000000014 14647.000000000002 7830.5000000000009 390.91500000000002 0.021180214625591467 0.00057710094213918285 1.5000000000000002 19.500000000000004
decision_type=2 8 8 2 2 2 2 2 2 2 2 2 2 2 2 2 2 2 2 2 2 2 2 2 2 2 2 2 2 2
left_child=1 -1 -3 -4 5 -5 -6 8 10 -9 11 -8 13 16 -15 -16 -2 18 -17 -20 25 22 23 -22 -23 26 -21 28 -28 -30
right_child=12 2 3 4 6 -7 7 9 -10 -11 -12 -13 -14 14 15 17 -18 -19 19 20 21 24 -24 -25 -26 -27 27 -29 29 -31
leaf_value=-0.050853579606625322 0.00038252566526909121 0.12915166441398954 0.17294443371881227 0.095969394994667334 0.091838482663465781 -0.032817464342313495 -0.050672337207630605 -0.034639787406891213 0.24617399422644831 0.072112655608003326 -0.050766327871998911 0.22835310949308202 -0.051718730658340512 -0.041318483726328951 0.10754838221431487 0.064053674380695688 -0.032545173679918868 0.13233690474247334 -0.032743252538944133 -0.052671882033797114 -0.011742539108675919 -0.037037304935669722 0.23464788652351048 0.15554482112477 0.043162710586615777 -0.037188472238535684 -0.051095302817445967 -0.025536325017002717 0.15463626084554527 0.016854876389048291
leaf_weight=4.9193753423169246 207.4086881778203 1.2643077918328369 0.22100065927952783 1.7120767845772209 0.60207117907703889 1.883595820749181 0.95388022577389697 18.62449172814377 0.32753858389332879 0.65123477624729176 1.4460892179049549 0.49330813903361559 2.2633396522141984 3.4857753559481344 1.3954402823001135 3.1446966938674512 9.6555988236796093 0.65138748730532725 5.8358648826833841 1.5441074054688231 1.0322138499468549 2.5795847238041461 1.1861383989453314 0.67185643967241038 4.4278387543745339 4.9011048984248191 0.89500039257109154 1.808203322580084 2.0565246539190416 1.2227151677943764
leaf_count=477 9199 33 10 29 11 159 91 1769 7 10 125 11 93 120 17 35 789 28 264 70 41 91 25 9 113 188 52 68 38 42
internal_value=-0.000751859 -0.0126145 -0.00593907 -0.0122848 -0.0138183 0.0285043 -0.0204065 -0.0234105 0.0222093 -0.0310331 -0.00314506 0.04444 0.000780907 0.0012489 0.0149844 0.0208688 -0.00108219 0.0170838 0.0146857 0.00917294 0.0201299 0.0471107 0.128263 0.0542131 0.0136393 -0.00135817 0.0219736 0.0412401 0.0701665 0.103262
internal_weight=289.265 33.099 28.1796 26.9153 26.6943 3.59567 23.0986 22.4965 3.22082 19.2757 2.89328 1.44719 256.166 253.903 36.8385 33.3527 217.064 31.9572 31.3058 28.1612 22.3253 9.89763 2.89021 1.70407 7.00742 12.4277 7.52655 5.98244 4.17424 3.27924
internal_count=14014 2732 2255 2222 2212 188 2024 2013 234 1779 227 102 11282 11189 1201 1081 9988 1064 1036 1001 737 279 75 50 204 458 270 200 132 80
is_linear=0
shrinkage=0.05


Tree=64
num_leaves=31
num_cat=1
split_feature=7 24 17 6 3 11 9 16 0 10 0 27 24 24 0 36 36 0 2 11 1 22 23 11 25 0 20 2 17 28
split_gain=2.09008 4.92213 4.0358 8.07135 11.0215 9.86246 7.49703 5.29116 4.68696 4.84086 3.48494 3.38665 3.0068 3.78443 2.74687 5.74979 6.81947 7.26037 7.07692 6.94775 3.88217 3.69137 3.55013 3.46483 3.26512 3.688 3.37234 5.30605 3.91003 3.47036
threshold=209.9499999999999 103.50000000000001 -212.49999999999997 47.500000000000007 333.50000000000006 311.50000000000006 179.05919612403102 0.015468296625347723 108.50500000000001 0.25135832889804349 599.97500000000014 0.082505357862155543 86.500000000000014 89.500000000000014 221.99500000000003 0.13003663003663005 0.10660173160173161 226.47500000000002 480.50000000000006 1086.5000000000002 17192.500000000004 11.500000000000002 178.50000000000003 188254.50000000003 82.500000000000014 20.960000000000004 0 554.50000000000011 5885.0000000000009 0.010593085754202834
decision_type=2 2 2 2 2 10 10 2 2 2 2 2 2 2 2 2 2 2 2 10 2 2 2 10 2 2 9 2 2 2
left_child=14 2 3 6 -5 7 -2 -6 9 -8 11 12 -4 -14 20 16 17 19 -18 -16 24 -21 -19 -22 26 -26 29 -28 -29 -1
right_child=1 -3 10 4 5 -7 8 -9 -10 -11 -12 -13 13 -15 15 -17 18 22 -20 21 23 -23 -24 -25 25 -27 27 28 -30 -31
leaf_value=-0.01939037051585206 -0.046683366112201759 -0.033607057656282274 -0.033359072460516011 0.028153626887393701 0.34411627758766689 0.42785263265634899 -0.0014998923748929902 -0.050492393541174768 0.0083290762215397982 0.15539898345557643 0.061829338783986901 0.086348296406137753 0.1600103555673269 -0.0021460420698443698 0.16872392130620203 -0.020965255451783633 0.029485974361690433 0.0022901946737497055 0.22003174088750016 -0.025807345075538543 -0.050940830940405607 0.10715869449877496 0.11076073519250465 0.14061424193674077 0.031669993708897129 -0.03351499210640068 -0.030241114929542415 -0.0043361119174676116 0.084019368744157677 0.0071357854950423894
leaf_weight=13.446280100848524 4.3842886793427152 15.357152108568696 14.381232105894023 1.5453183185309165 0.12526705488562573 0.41034216340631247 0.76963079767301712 0.26393264788202941 4.3867953387089074 1.3609154154546557 1.4042382487095881 0.71785581484436889 0.43500229320488815 2.0815321060363203 1.4484168542549078 8.5194460405036789 1.0731773106381286 18.448721034219492 0.89256967976689328 1.3049258091486993 5.2709420092869541 0.86995308659970749 0.78648733347654243 0.24713465105742205 2.6257530362345269 12.498252305435015 19.00929288985208 3.7789498188067219 1.8726320886053143 148.53219294711016
leaf_count=1168 270 1111 1296 91 3 8 49 47 112 32 32 9 21 121 24 406 29 604 18 60 501 12 9 6 64 542 1622 270 42 5435
internal_value=-0.000736741 -0.0103071 0.000782525 0.0219716 0.106127 0.256829 0.00387053 0.0765156 0.0378787 0.0987214 -0.0139748 -0.0200175 -0.0245362 0.0258839 0.00115738 0.014477 0.0266405 0.0189554 0.116005 0.0838819 -0.00098524 0.0273792 0.00672533 -0.0423618 0.000146377 -0.0221979 0.00195701 -0.0125187 0.0249402 0.00464689
internal_weight=288.249 47.6235 32.2664 13.2465 2.34486 0.799542 10.9016 0.3892 6.51734 2.13055 19.0199 17.6156 16.8978 2.51653 240.625 33.3437 24.8243 22.8585 1.96575 3.6233 207.281 2.17488 19.2352 5.51808 201.763 15.124 186.639 24.6609 5.65158 161.978
internal_count=14014 3202 2091 612 149 58 463 50 193 81 1479 1447 1438 142 10812 1162 756 709 47 96 9650 72 613 507 9143 606 8537 1934 312 6603
cat_boundaries=0 2
cat_threshold=689165 4194562
is_linear=0
shrinkage=0.05


Tree=65
num_leaves=31
num_cat=1
split_feature=23 25 5 8 20 6 4 0 0 0 28 11 31 1 1 3 35 8 10 2 36 22 6 35 2 15 8 11 0 0
split_gain=2.01766 4.0985 2.01828 3.74184 2.74767 5.62246 2.7178 2.42888 4.58004 4.16723 5.19243 4.38476 3.48988 5.64477 4.68091 8.77954 6.27474 6.56952 4.45112 4.21014 5.02271 7.21146 4.17932 5.4025 4.92948 4.05269 3.9444 3.89055 3.77032 4.01362
threshold=192.50000000000003 190.50000000000003 2.5000000000000004 99.075000000000003 0 35.500000000000007 1.5000000000000002 75.051000000000016 83.846000000000018 82.970000000000013 0.02060657713432951 2918.5000000000005 0.0051011798418632319 7861.5000000000009 5817.0000000000009 363.50000000000006 3.2637812449326334e-05 5642.5850000000019 0.61927757508534687 360.50000000000006 0.051820728291316537 2.5000000000000004 5.5000000000000009 4.5812267832756131e-05 122.50000000000001 -0.00020323621402097125 593.20000000000016 4237.5000000000009 15.052500000000002 13.975000000000001
decision_type=2 2 2 2 9 2 2 2 2 2 2 10 2 2 2 2 2 2 2 2 2 2 2 2 2 2 2 10 2 2
left_child=1 2 4 -4 6 -6 7 12 9 10 11 -9 19 14 25 16 -16 -18 -17 20 26 22 23 -22 -25 -14 -1 -28 29 -15
right_child=-2 -3 3 -5 5 -7 -8 8 -10 -11 -12 -13 13 28 15 18 17 -19 -20 -21 21 -23 -24 24 -26 -27 27 -29 -30 -31
leaf_value=-0.052470778175375099 -0.050931765351117743 0.11794758748994461 0.12873342891954914 -0.013178958760483975 -0.040370548157397781 0.084938068038910075 0.043765073143660821 0.070694035721303769 0.0034238342593134879 0.083673432133699918 -0.038880388996284578 -0.028990394781525642 0.12737290293935286 -0.027612852688560105 0.19691782948277137 0.0077889596156310043 -0.02129688927575478 0.18471025921648151 0.1429447087908341 -0.0077651000278600299 0.13238518214948711 0.15688720215529289 0.12592665439724279 0.063258002385565365 -0.052511142008305936 -0.0088410924642548846 0.058691949815165151 -0.052388086659708621 -0.029904742278993392 0.057283153004315482
leaf_weight=2.3647270284127462 1.9871766662690777 0.72999619692563911 0.4703331096097817 37.44326602271758 10.753899070667099 0.97644780972041267 3.9264908116310826 4.2300373422913236 114.79329461231828 3.3154969438910475 2.7520987628959119 1.4923197249881921 0.55666850740090268 2.7935700793750575 0.39333537407219221 0.8485265891067687 6.2692011499311775 0.41245925379917014 2.1595621672458947 14.160865674028171 0.80545625090599049 1.5080046080984173 1.0199116477742789 1.4588542599231007 2.4871333432383835 28.653571900911629 2.9409820269793272 1.076927163172513 31.776762046385556 2.775294951396063
leaf_count=105 177 4 6 2763 902 34 100 116 4348 30 89 86 27 96 19 55 371 11 59 629 37 32 13 41 112 1112 116 65 2410 49
internal_value=-0.00072425 -0.000374599 -0.000678078 -0.0114185 0.000972526 -0.0161619 0.00241304 0.00181473 0.00647183 0.0361487 0.0175554 0.0446976 -0.00382858 -0.00933505 0.00389401 0.0332669 0.00284463 -0.00858006 0.10482 0.0113391 0.031141 0.059529 0.0340902 0.0143772 -0.00971063 -0.00624522 -0.00123542 0.028919 -0.023254 0.0146959
internal_weight=287.333 285.345 284.615 37.9136 246.702 11.7303 234.972 231.045 126.583 11.79 8.47446 5.72236 104.462 76.639 39.2933 10.0831 7.075 6.68166 3.00809 27.8229 13.662 7.27936 5.77136 4.75144 3.94599 29.2102 6.38264 4.01791 37.3456 5.56887
internal_count=14014 13837 13833 2769 11064 936 10128 10028 4669 321 291 202 5359 4209 1654 515 401 382 114 1150 521 235 203 190 153 1139 286 181 2555 145
cat_boundaries=0 2
cat_threshold=269123597 4325378
is_linear=0
shrinkage=0.05


Tree=66
num_leaves=31
num_cat=1
split_feature=20 24 28 5 17 17 6 3 0 36 9 10 0 0 35 35 35 36 2 2 28 24 17 11 2 9 8 17 24 35
split_gain=2.18689 3.37931 3.49325 2.60644 3.53183 3.04191 4.92759 4.53608 2.43495 2.84975 2.18182 3.67209 2.14994 2.10386 1.89998 2.53933 2.42546 2.09415 4.22584 6.11847 4.2652 3.61768 4.50372 3.39234 5.97977 4.7415 3.79986 3.72693 4.91515 3.47561
threshold=0 151.50000000000003 0.022783225311677865 4.5000000000000009 1564.5000000000002 -284.49999999999994 72.500000000000014 328.50000000000006 107.23500000000001 0.095413165266106451 184.04440293040295 0.57710098202212445 49.975000000000009 603.36000000000013 3.1908250497968614e-05 3.200087524367237e-05 3.2520945857565299e-05 0.22619047619047619 122.50000000000001 110.50000000000001 0.016161456550103547 146.50000000000003 10506.000000000002 22523.500000000004 321.50000000000006 502.21214285714291 325.97500000000008 15928.000000000002 28.500000000000004 0.00065803066962851766
decision_type=9 2 2 2 2 2 2 2 2 2 8 2 2 2 2 2 2 2 2 2 2 2 2 10 2 10 2 2 2 2
left_child=1 8 -3 14 5 6 -5 -8 9 10 11 -1 -13 -7 -2 -16 -17 23 19 -19 -21 22 -20 27 25 26 29 -18 -29 -25
right_child=3 2 -4 4 -6 13 7 -9 -10 -11 -12 12 -14 -15 15 16 17 18 21 20 -22 -23 -24 24 -26 -27 -28 28 -30 -31
leaf_value=-0.055115563854527205 -0.050536035620294795 0.10930335384881616 -0.010620954065472558 -0.050899123950999436 0.17604816558928241 -0.04405779610252334 -0.008674015247803089 0.14748585819067414 -0.034688058336944876 -0.051380355004825365 0.088421361634179185 0.076377651930017276 -0.001076992874246451 0.07709478045986555 0.09684454729903548 -0.050904247802900975 -0.00011000765564816542 -0.022267542447488412 0.0057252919543875017 0.21998745763453464 0.064209097832498396 -0.039581894686548456 0.075870970476659638 0.0058797273418382725 -0.035750012899375662 0.12298040802166113 -0.046442945573411241 0.11000014335081217 -0.016993980447947598 0.13956821571586028
leaf_weight=1.2002575921360383 1.9056180466432113 2.0146966520696874 0.86921661463566113 1.5567367742769413 0.21940693678334433 9.9474450421985185 0.92697584186680593 0.93316872650757432 2.203920783707872 1.0507804765366016 1.5832675728015599 2.2414651475846772 1.4924734327942131 0.37172734318301159 0.66921944497153063 2.3814919006545088 181.02736833086237 1.1569339875131839 23.875301796710126 0.71496565034613002 1.140074460301548 3.8247736003249875 2.5308471275493494 13.745646505150948 18.639861511997879 0.80480028362944622 3.6704217870719722 1.7636232557706528 1.3414558749645946 0.5039898478426047
leaf_count=57 235 34 33 126 11 1359 100 44 79 67 24 21 34 13 46 254 8113 41 1141 20 29 215 52 557 971 22 219 20 67 10
internal_value=-0.000708135 0.0142997 0.073158 -0.00185692 -0.022975 -0.026154 0.0147363 0.0696659 0.0115627 0.0250313 0.0373508 0.0209634 0.0454187 -0.0396935 -0.000793592 -0.00042589 -0.00067906 -0.000209519 0.0114925 0.0679702 0.124249 0.00586549 0.0124483 -0.00196579 -0.0157021 0.00425483 -0.00107721 0.000821625 0.0551362 0.0106081
internal_weight=286.308 12.6561 2.88391 273.652 13.9555 13.7361 3.41688 1.86014 9.77217 7.56824 6.51746 4.9342 3.73394 10.3192 259.696 257.791 257.122 254.74 33.2429 3.01197 1.85504 30.2309 26.4061 221.497 37.3647 18.7249 17.9201 184.132 3.10508 14.2496
internal_count=14014 349 67 13665 1653 1642 270 144 282 203 136 112 55 1372 12012 11777 11731 11477 1498 90 49 1408 1193 9979 1779 808 786 8200 87 567
cat_boundaries=0 2
cat_threshold=270565376 4194306
is_linear=0
shrinkage=0.05


Tree=67
num_leaves=31
num_cat=1
split_feature=10 31 10 35 3 24 20 10 8 21 0 35 10 0 0 0 16 2 10 36 2 1 24 1 1 11 9 0 0 0
split_gain=2.1002 2.02984 2.84086 1.93111 2.98593 3.54805 2.32165 5.5249 3.62813 3.91627 3.34605 3.33402 2.74544 2.27116 4.13038 4.21604 4.38446 3.42516 4.69183 3.65501 3.83876 4.31078 4.73944 4.5281 4.27393 4.20415 4.09932 3.85216 3.55164 8.3631
threshold=0.18499483619326948 0.0050208367153223446 0.083614577576686236 3.3222145732465153e-05 157.50000000000003 35.500000000000007 0 0.66319681166253586 793.87 8.5000000000000018 47.671500000000002 3.3414334583545957e-05 0.50456857820972101 75.051000000000016 83.846000000000018 82.970000000000013 0.26365302195059964 514.50000000000011 0.21404529542615602 0.58333333333333337 492.50000000000006 14291.000000000002 235.50000000000003 16713.000000000004 14236.500000000002 21681.500000000004 106.10878289473699 20.029500000000002 30.014500000000002 30.943000000000001
decision_type=2 2 2 2 2 2 9 2 2 2 2 2 2 2 2 2 2 2 2 2 2 2 2 2 2 10 10 2 2 2
left_child=1 2 -1 4 5 -2 11 8 -8 10 -10 -5 -12 17 15 16 -15 19 -19 20 21 24 -23 -24 27 26 -22 -13 -29 -30
right_child=3 -3 -4 6 -6 -7 7 -9 9 -11 12 13 -14 14 -16 -17 -18 18 -20 -21 25 22 23 -25 -26 -27 -28 28 29 -31
leaf_value=0.059230296094709978 -0.051575826204125902 -0.042556913202305577 -0.050629767798248904 0.12296315990132918 -0.042613694018969223 0.056354647539924474 -0.050753935882434077 -0.037963245434105605 0.15136398868431333 -0.051000345860475117 -0.050623142826467731 0.023696027857323717 0.074513336564549712 0.037312234048457286 0.0034709315124969477 0.075802696536809197 -0.036843117187283773 0.084279570941196355 -0.033728680874576637 0.13028620571336344 0.05045589797030936 -0.051059187235899278 -0.050923722583431599 0.19463038186356452 0.062091318429517851 -0.039956920918445486 -0.050927142571891938 -0.034113925387500708 0.14565959542157528 -0.0052732656266621675
leaf_weight=1.3803579472005361 1.2076783170923575 5.57150091486983 1.0257155527360735 0.57138731796294351 6.1814278243109584 2.0608079149387777 1.243844626937064 12.689132353989406 0.94474832783453244 0.80236186599358905 0.61662198416888747 11.329182235756887 1.5157539877109227 6.4369353885995206 127.63633091561496 3.983134049922227 2.8874296832364053 0.89914962975308199 13.317541081225498 0.53574215061962505 8.8587647802196425 7.4420454003848118 0.35093447566032399 0.40372789604589343 2.6115564168430856 2.0257336699869475 1.1235116692259897 10.760953188640995 0.93564053066074748 48.08403028792236
leaf_count=22 65 593 116 28 694 55 133 1000 42 70 72 275 40 163 4986 35 168 28 945 11 153 774 27 16 30 64 86 604 8 2711
internal_value=-0.000689151 -0.0259827 0.0123967 3.81024e-05 -0.0221763 0.0164752 0.000821384 -0.0129813 0.0235547 0.0473796 0.0730323 0.00223364 0.0383275 0.00204677 0.00623471 0.032743 0.0143489 -0.00338453 -0.0262651 5.90488e-05 -0.00068375 -0.00455381 -0.038952 0.0804424 -0.000729254 0.0257176 0.0390452 -0.00303638 -0.00810251 -0.0023924
internal_weight=285.434 7.97757 2.40607 277.456 9.44991 3.26849 268.006 17.8125 5.12333 3.87949 3.07712 250.194 2.13238 249.622 140.944 13.3075 9.32437 108.679 14.2167 94.4618 93.9261 81.9181 8.19671 0.754662 73.7214 12.008 9.98228 71.1098 59.7806 49.0197
internal_count=14014 731 138 13283 814 120 12469 1357 357 224 154 11112 112 11084 5352 366 331 5732 973 4759 4748 4445 817 43 3628 303 239 3598 3323 2719
cat_boundaries=0 2
cat_threshold=271220761 4325634
is_linear=0
shrinkage=0.05


Tree=68
num_leaves=31
num_cat=1
split_feature=10 26 36 22 35 35 35 23 25 20 27 22 35 24 24 21 28 2 1 36 3 0 2 9 9 3 1 1 2 1
split_gain=1.96152 1.93463 2.41093 1.92171 1.85743 1.90888 2.40142 1.86258 3.51845 1.99972 7.17901 8.08551 4.70736 5.73751 5.18685 4.57125 3.87663 4.10172 6.81044 3.7539 4.78467 5.03938 5.1262 5.71674 10.0513 4.67209 4.03599 5.13856 5.03603 4.48816
threshold=0.18499483619326948 185.50000000000003 0.073160173160173175 41.500000000000007 3.1908250497968614e-05 3.200087524367237e-05 3.2520945857565299e-05 192.50000000000003 190.50000000000003 0 0.039171408426165059 6.5000000000000009 0.00033889382743118997 249.50000000000003 103.50000000000001 2.5000000000000004 0.00090536951502073336 561.50000000000011 11843.500000000002 0.22619047619047619 340.00000000000006 30.014500000000002 528.50000000000011 107.95000000000005 150.00166666666669 324.50000000000006 3683.5000000000005 5369.5000000000009 387.50000000000006 14291.000000000002
decision_type=2 2 2 2 2 2 2 2 2 9 2 2 2 2 2 2 2 2 2 2 2 2 2 8 8 2 2 2 2 2
left_child=1 -1 -3 4 -2 -6 -7 8 9 10 11 16 -13 14 15 -14 -8 -18 -19 -11 21 -21 23 -23 -25 -24 -26 -28 -29 -30
right_child=3 2 -4 -5 5 6 7 -9 -10 19 -12 12 13 -15 -16 -17 17 18 -20 20 -22 22 25 24 26 -27 27 28 29 -31
leaf_value=-0.037451920717498637 -0.050504267612389159 -0.050785315127681543 0.080995782111492193 -0.050138167714805976 0.080375795265056324 -0.050873466589197502 0.12166378030887498 -0.050901486023031475 0.10994356523618128 -0.0045346982938372143 0.053701184837754816 0.090279716588153425 -0.0064757689327832411 0.10531735146282811 -0.021517168343923775 0.055120245404986529 -0.016803822056250303 -0.051311035284186436 0.11131410298400227 -0.051077928307571255 -0.051231824626997269 -0.019290012673316689 -0.026850795126515177 0.20926672135710947 -0.052587107598518749 0.058398874511034475 0.15771344620222988 0.010455401024270061 0.13794708327201069 0.0016166906388899961
leaf_weight=6.2966286896262309 1.7826756380964059 0.58879531174898125 0.84540137834846973 1.8964428135659535 0.74966688314452667 2.2575797261670223 0.54575696494430204 1.7235238587018091 0.74237850867211719 169.55231341323815 7.8259272119030348 2.5282632349990335 5.0078195969108545 1.7421857966110099 7.7117778682149938 7.5582289299927652 37.308268977096304 1.0640685856342309 1.6299192272126672 2.0597937288694146 2.3718088762834659 2.3837091731838891 5.3643796965479842 1.1029251692816604 0.87544061290100295 2.294678358361125 1.1638870523311178 4.3225726117379963 1.9696440631523731 0.870520336087793
leaf_count=657 237 61 13 755 47 259 15 160 4 7559 78 46 312 31 355 193 2078 57 48 144 164 86 270 19 41 44 30 167 49 35
internal_value=-0.000673918 -0.0255146 0.0268944 2.08533e-05 0.000367376 0.000699897 0.000480282 0.000910118 0.00124333 0.000941378 0.00743532 0.0030154 0.0256629 0.0182438 0.0107628 0.030573 -0.0106957 -0.0125015 0.0470806 -0.00178615 0.0163 0.0234481 0.0309923 0.0504903 0.0666316 -0.00130972 0.0495358 0.0602728 0.0444395 0.0961613
internal_weight=284.137 7.73083 1.4342 276.406 274.51 272.727 271.977 269.72 267.996 267.254 72.9222 65.0963 24.5483 22.02 20.2778 12.566 40.548 40.0023 2.69399 194.332 24.7794 22.4076 20.3478 12.6887 10.305 7.65906 9.20206 8.32662 7.16274 2.84016
internal_count=14014 731 74 13283 12528 12291 12244 11985 11825 11821 3213 3135 937 891 860 505 2198 2183 105 8608 1049 885 741 427 341 314 322 281 251 84
cat_boundaries=0 2
cat_threshold=270565385 4194306
is_linear=0
shrinkage=0.05


Tree=69
num_leaves=31
num_cat=1
split_feature=22 10 31 10 31 10 35 35 10 9 10 9 9 34 28 28 10 3 10 36 3 22 17 20 16 15 36 36 16 24
split_gain=1.82937 1.83869 1.8631 2.48261 1.8012 1.96041 2.58545 3.00901 2.25379 5.5002 2.14767 2.51967 2.69846 2.61241 3.28602 3.22931 3.96952 3.79495 3.60561 4.13901 3.35805 3.32511 3.03054 2.74286 4.18998 3.75981 4.54868 3.21473 3.10752 4.42452
threshold=41.500000000000007 0.18499483619326948 0.0050208367153223446 0.083614577576686236 0.070727465435075007 0.23373239392875159 0.0022203460280098091 0.0010235155836712877 0.20260245894928941 128.52783154121877 0.25135832889804349 449.76333333333338 644.14428571428584 1.0000000180025095e-35 0.01792190018437775 0.017559745012966543 1.942927953352964 333.50000000000006 2.9073238557484875 0.12554112554112556 328.50000000000006 3.5000000000000004 93042.000000000015 0 -3.125336168883743e-05 -8.6737901939781183e-05 0.19246031746031747 0.083771929824561414 -1.2412715980189799e-05 68.500000000000014
decision_type=2 2 2 2 2 2 2 2 2 8 2 10 10 2 2 2 2 2 2 2 2 2 2 9 2 2 2 2 2 2
left_child=1 2 3 -1 5 6 7 8 9 -3 -7 13 -13 23 15 16 22 18 21 -20 -17 -18 -15 24 -12 26 27 -25 29 -26
right_child=-2 4 -4 -5 -6 10 -8 -9 -10 -11 11 12 -14 14 -16 20 17 -19 19 -21 -22 -23 -24 25 28 -27 -28 -29 -30 -31
leaf_value=0.054760141342605075 -0.050132227371006415 0.15140861168459985 -0.041697158744919242 -0.050576188595707706 0.027038201727325024 -0.052764674332297958 -0.05076056902139775 0.073171133169152525 -0.031925735235703905 -0.051034317084060754 -0.033708754483676544 0.053037923793293834 -0.025985631922041626 -0.0299569803356423 -0.038726865769643369 0.0023203309309838679 0.014556654741054081 -0.05164736505821358 -0.016632226479354199 0.14160203607519892 0.14507772071660696 0.15202858804851471 0.061322103637073445 0.034483221950847742 0.0074090062639904451 -0.015157489891566898 -0.051714866799374939 0.20209534043949329 0.0036700281854915059 0.087534701195921966
leaf_weight=1.3869516216218465 1.856351627386174 0.69020263478159827 5.1216987674124539 0.93742810213007022 6.1720171980559817 1.9879456802736957 0.96298661688342679 3.0124386535026133 1.8675706204958258 0.65289819450117659 7.2488585503306231 4.160453495103865 1.4591889148578046 13.436970622511584 9.8394154286943358 0.97843418084084877 0.71322908834554155 1.2917947485111652 2.4269740385934715 0.49808658286929119 0.71148155676200986 1.147632837295532 0.97532335808500725 0.5720395273528982 4.7066287598572663 39.783489994937554 0.59949936950579275 0.57224422972649336 164.49497630330734 2.7177843982353806
leaf_count=22 776 19 573 115 46 151 88 82 116 51 416 82 42 959 632 36 40 77 109 14 14 32 22 32 255 1657 30 12 7413 101
internal_value=-0.000659961 -0.000333283 -0.0248483 0.0122777 0.000333701 -0.000282432 0.0254798 0.0372776 0.00360013 0.0529986 -0.000993589 -0.000595198 0.0325188 -0.00133156 -0.014678 -0.00400949 -0.00948856 0.0244009 0.0449275 0.0103123 0.0624235 0.0993385 -0.0237798 0.000604796 0.00334159 -0.00967735 0.059853 0.118304 0.00509816 0.0367399
internal_weight=282.983 281.127 7.44608 2.32438 273.681 267.509 7.1861 6.22311 3.21067 1.3431 260.322 258.335 5.61964 252.715 32.0193 22.1799 20.49 6.07772 4.78592 2.92506 1.68992 1.86086 14.4123 220.696 179.168 41.5273 1.74378 1.14428 171.919 7.42441
internal_count=14014 13238 710 137 12528 12482 356 268 186 70 12126 11975 124 11851 1935 1303 1253 272 195 123 50 72 981 9916 8185 1731 74 44 7769 356
cat_boundaries=0 2
cat_threshold=268600341 4325634
is_linear=0
shrinkage=0.05


Tree=70
num_leaves=31
num_cat=0
split_feature=23 25 22 35 28 9 9 6 0 26 17 16 2 2 24 26 10 21 0 0 1 0 26 32 24 35 35 28 29 35
split_gain=1.77003 3.27254 1.74135 1.72067 1.68031 3.31441 7.15701 2.47537 2.3912 2.57416 4.6625 2.78608 2.77149 4.22704 2.50011 8.0991 2.46546 2.5463 2.31063 2.15392 2.02285 3.25065 5.36942 4.09023 2.87371 2.11656 2.081 2.68002 4.37966 2.37456
threshold=192.50000000000003 190.50000000000003 41.500000000000007 3.1908250497968614e-05 0.010593085754202834 79.64166666666668 83.153535353535332 288.50000000000006 11.712000000000002 8.5000000000000018 -307.49999999999994 -0.00049693946766630602 122.50000000000001 114.50000000000001 29.500000000000004 26.500000000000004 7.69211442706235 11.500000000000002 995.73500000000013 947.95000000000016 16873.500000000004 131.61600000000001 77.500000000000014 0.00060976157162759596 249.50000000000003 3.200087524367237e-05 3.3222145732465153e-05 0.014002416525325108 0.020190084920202304 3.3414334583545957e-05
decision_type=2 2 2 2 2 8 8 2 2 2 2 2 2 2 2 2 2 2 2 2 2 2 2 2 2 2 2 2 2 2
left_child=1 2 3 -1 5 -5 -7 18 -8 10 -10 -11 13 14 15 -13 17 -14 19 20 25 24 23 -23 -22 -6 27 28 -27 -28
right_child=-2 -3 -4 4 7 6 8 -9 9 11 -12 12 16 -15 -16 -17 -18 -19 -20 -21 21 22 -24 -25 -26 26 29 -29 -30 -31
leaf_value=-0.050478988469357312 -0.050831331867947575 0.10407434407064145 -0.050125806238539343 -0.050787439790049432 0.089029216642501838 0.10599046208586238 0.14222306355573081 0.09981823591458916 0.084920498907511036 0.085767361423842836 -0.030887277702993817 -0.050625296557930737 -0.037264961938190636 0.16720352471553157 -0.050729079285836233 0.1956061220582872 0.065252056755760277 0.058306571068380754 -0.05165560278047221 0.080600731678079532 -0.050948987140582207 0.013217586724670355 -0.051440238792243791 0.13570097642478127 0.10235148307562059 -0.050627365036228569 0.096639130039010507 -0.051355936956604176 0.15317657867078668 0.0024807108738825259
leaf_weight=1.6976551937405009 1.7458804521011178 0.7485578004270782 1.7643389353761438 4.4717464633286026 0.70193725218996306 1.3947928510606313 0.25407069781795399 0.63718996336683531 1.7660815338604154 0.62224801909179817 1.7112878102343554 0.86012056423350436 16.097109851427383 0.42989409063011397 1.3257335482630876 0.54591890517622232 0.66189307346939941 0.72847588150761922 2.0549754058010867 0.85946579929441114 6.0270386654883605 2.2317292108200495 2.1513201897032559 0.98131571896374215 0.32203475246205915 0.60170866246335097 0.67159213544800778 3.6300587977748364 0.4691289346665144 223.98656897619367
leaf_count=237 177 4 775 476 39 33 10 20 29 11 152 90 1581 7 122 11 10 16 85 8 623 81 130 10 17 65 31 268 21 8875
internal_value=-0.000642649 -0.000330161 -0.00060962 -0.000295243 1.32153e-05 -0.010981 -0.00423781 0.00139662 -0.0103869 -0.0119536 0.027929 -0.0184735 -0.0216147 0.0214658 -0.00146865 0.0449783 -0.0294035 -0.0331271 0.00114032 0.00158747 0.00130659 -0.0189621 0.00969344 0.050626 -0.0431734 0.00233856 0.00207325 -0.0308512 0.0386582 0.00276219
internal_weight=282.152 280.406 279.657 277.893 276.195 30.8694 26.3976 245.326 25.0028 24.7488 3.47737 21.2714 20.6491 3.16167 2.73177 1.40604 17.4875 16.8256 244.689 242.634 241.774 11.7134 5.36437 3.21304 6.34907 230.061 229.359 4.7009 1.07084 224.658
internal_count=14014 13837 13833 13058 12821 2548 2072 10273 2039 2029 181 1848 1837 230 223 101 1607 1597 10253 10168 10160 861 221 91 640 9299 9260 354 86 8906
is_linear=0
shrinkage=0.05


Tree=71
num_leaves=31
num_cat=0
split_feature=10 31 10 0 0 3 28 32 35 21 2 1 1 29 10 1 2 7 3 17 17 1 1 24 28 7 3 9 9 11
split_gain=1.69668 1.7655 2.2729 1.75327 3.01986 1.95177 4.15087 11.8029 9.54559 5.66505 4.20593 5.34876 4.67654 2.71472 2.22112 2.78938 2.24192 3.17138 2.81238 7.14649 8.80068 3.83981 4.30129 3.57115 3.41886 3.01583 4.42734 3.73841 6.18578 4.3067
threshold=0.18499483619326948 0.0050208367153223446 0.083614577576686236 9.7275000000000009 10.868500000000003 434.50000000000006 0.019119369226155005 0.00050630852136966599 6.4780253982405338e-05 6.5000000000000009 554.50000000000011 4462.0000000000009 3683.5000000000005 0.022835689538179882 0.21404529542615602 7488.0000000000009 553.50000000000011 782.33499999999196 363.50000000000006 -99.499999999999986 72332.000000000015 6172.0000000000009 9506.5000000000018 56.500000000000007 0.0017271873580122293 391.92500000000024 222.00000000000003 124.3759038800704 125.2495833333334 73.500000000000014
decision_type=2 2 2 2 2 2 2 2 2 2 2 2 2 2 2 2 2 2 2 2 2 2 2 2 2 2 2 10 10 10
left_child=1 2 -1 -2 -5 14 7 9 -9 10 -7 12 -12 -13 15 -6 18 -18 25 21 24 -20 23 -23 -21 27 -27 -16 -29 -30
right_child=3 -3 -4 4 5 6 -8 8 -10 -11 11 13 -14 -15 16 -17 17 -19 19 20 -22 22 -24 -25 -26 26 -28 28 29 -31
leaf_value=0.051427455662591749 -0.052996413300309832 -0.04131238981514701 -0.050552177076522126 0.056228151408511264 -0.051171808148663067 -0.041708409915958644 -0.042332787395513931 0.29506505114077736 0.038739178328594359 0.042315126941736975 0.0021258133750398996 -0.050960180414936385 0.18041193139238529 0.12670578311776604 -0.0004869137226987136 0.060771718340519525 -0.016299313112740601 0.061332763922506056 -0.052357989831999498 0.074849068101198055 0.16436876700401792 0.087586164726834004 0.014965224940748915 0.2118402407483107 -0.051320225370791443 0.0083953269259403017 -0.039842555597424806 0.14236510272691841 0.078337482655526022 0.0093798331024066983
leaf_weight=1.4031590688973659 1.551482353825121 4.9512275167508051 0.89481162396259595 2.3929933446925125 0.68416033964604084 10.733543890295559 8.3047422268427891 0.56762460479512711 1.0085739814676342 3.8415068713948122 0.71392119303345614 1.8534730377141388 0.75870202854275703 0.24322398845106352 143.75552412017714 2.9818452673498541 27.022470350377265 1.3828680547885586 0.49184170877560962 0.6220526988618057 0.63715241197496642 1.5783994941739372 1.1153712726663796 0.91261115379165847 3.9234727454604581 8.8035045677097532 10.347853791550731 0.96170748025178809 2.4235733719542614 34.437088583596051
leaf_count=22 70 593 116 42 44 989 504 13 38 93 26 171 14 2 6027 128 1505 30 22 14 6 43 48 16 304 607 972 32 40 1483
internal_value=-0.000626486 -0.0245021 0.0117174 5.07228e-06 0.000306837 -0.000188594 -0.0126803 -0.000193025 0.131048 -0.0115939 -0.026073 0.0209455 0.0939796 -0.0303503 0.00125755 0.0398805 0.00066366 -0.0125199 0.00244683 0.0293558 -0.00966016 0.078696 0.0965692 0.133108 -0.034054 0.00120267 -0.0176685 0.00319305 0.0171799 0.0139138
internal_weight=281.3 7.2492 2.29797 274.051 272.5 270.107 28.0253 19.7206 1.5762 18.1444 14.3029 3.56932 1.47262 2.0967 242.081 3.66601 238.415 28.4053 210.01 9.2809 5.18268 4.09822 3.60638 2.49101 4.54553 200.729 19.1514 181.578 37.8224 36.8607
internal_count=14014 731 138 13283 13213 13171 1850 1346 51 1295 1202 213 40 173 11321 172 11149 1535 9614 453 324 129 107 59 318 9161 1579 7582 1555 1523
is_linear=0
shrinkage=0.05


Tree=72
num_leaves=31
num_cat=2
split_feature=23 25 20 36 0 8 1 3 5 27 4 10 0 11 22 34 35 36 36 36 28 24 6 15 0 11 20 31 24 35
split_gain=1.67002 2.69906 1.64308 2.91018 3.80573 4.136 2.68964 1.83649 1.6229 3.45899 2.80584 2.65414 2.41035 2.34992 2.4558 5.35611 4.55161 3.57734 3.45967 8.09156 8.04261 7.50677 4.74845 4.54728 4.75632 4.40917 4.01099 4.69071 4.32692 4.43591
threshold=192.50000000000003 190.50000000000003 0 0.015630232645068475 97.077500000000015 777.47500000000014 15987.500000000002 312.50000000000006 2.5000000000000004 0.021766875524027316 1.5000000000000002 0.45940080363645747 603.36000000000013 73.500000000000014 11.500000000000002 1.0000000180025095e-35 0.0015269650576660474 0.0058136472134860803 0.023865489207894833 0.038316988872653709 0.014936444357489068 70.500000000000014 8.5000000000000018 8.4869802955573395 117.23500000000001 13133.500000000002 1 0.010660523086605941 56.500000000000007 0.00028428359240165413
decision_type=2 2 9 2 2 2 2 2 2 2 2 2 2 8 2 2 2 2 2 2 2 2 2 2 2 10 9 2 2 2
left_child=1 2 3 -1 5 6 -5 -6 13 10 11 -10 -11 -4 16 -16 18 -18 20 -20 21 -15 26 24 25 -24 28 -28 -21 -30
right_child=-2 -3 8 4 7 -7 -8 -9 9 12 -12 -13 -14 14 15 -17 17 -19 19 22 -22 -23 23 -25 -26 -27 27 -29 29 -31
leaf_value=-0.051919968818554034 -0.050786512835946242 0.093782650977214208 0.028130293319640176 -0.055657775203061012 0.044950813097942049 0.078520934772932732 0.05943172251455358 0.1250258673125941 -0.050648724890619418 -0.019494429471912558 -0.05105496801775164 0.097448717778468447 0.040427893355811512 0.033056300405020909 0.019386619460129782 -0.039760995360363816 0.083582701701982037 -0.042359591416490226 -0.032728548371321532 -0.0048518206972129625 -0.0043756305828432686 0.15370356776641927 0.034789414261635641 -0.071284288979620511 -0.051400374833695174 0.11836587986176157 -0.029319271015289961 0.00063546258560142038 0.011342528429404201 0.061461430401971953
leaf_weight=0.91296562063507725 1.6488944059237827 0.75993398018181224 7.1759908660314968 1.9411544890608641 1.3576703891158106 1.4987465529702602 0.6874228324741124 1.5150910774245856 0.36842808197252441 30.287693465244956 0.61090941063594062 1.691422394942492 1.7766343203838904 6.7594678860623407 29.030754820210859 4.4087661104276767 0.59802583046257396 9.8639019066467863 21.172474867664278 41.85831070644781 16.132594528840855 1.5932024568319318 7.5554050025530106 0.99864139151759523 1.2519994564354426 1.9947090628556905 25.470426806947216 26.842164185829461 27.273525539552793 5.2675758586265138
leaf_count=39 177 4 162 70 22 17 11 18 43 2553 46 51 44 247 999 250 13 687 1348 1342 423 37 198 23 81 37 1875 1840 1131 226
internal_value=-0.000615525 -0.000318648 -0.000575977 0.0141545 0.0429925 0.0122349 -0.0255597 0.0871823 -0.00147727 -0.0116205 0.0430501 0.0709598 -0.0161742 -4.23925e-05 -0.00092881 0.0115884 -0.00307938 -0.0351605 -0.00125699 -0.00394047 0.0162438 0.0560688 0.000459959 0.0307957 0.0402329 0.0522458 -0.00236523 -0.0117106 0.00509499 0.0194555
internal_weight=280.305 278.656 277.896 7.91305 7.00009 4.12732 2.62858 2.87276 269.983 34.7351 2.67076 2.05985 32.0643 235.248 228.072 33.4395 194.632 10.4619 184.17 159.685 24.4853 8.35267 138.513 11.8008 10.8021 9.55011 126.712 52.3126 74.3994 32.5411
internal_count=14014 13837 13833 177 138 98 81 40 13656 2737 140 94 2597 10919 10757 1249 9508 700 8808 8101 707 284 6753 339 316 235 6414 3715 2699 1357
cat_boundaries=0 2 3
cat_threshold=32768 4194306 269090816
is_linear=0
shrinkage=0.05


Tree=73
num_leaves=31
num_cat=0
split_feature=10 0 0 3 28 32 35 21 2 1 28 27 1 10 1 2 7 3 17 11 6 2 8 17 2 11 29 11 31 11
split_gain=1.64026 1.63565 2.72779 1.78505 3.88678 9.6607 5.74714 5.07597 3.93766 4.65186 3.07663 2.57966 2.26892 1.97884 2.46792 2.0223 2.7722 2.56678 7.77524 9.40357 8.27835 4.68001 3.80474 4.5079 3.03068 4.74391 5.53331 5.02612 6.35077 7.16321
threshold=0.18499483619326948 9.7275000000000009 10.868500000000003 434.50000000000006 0.019119369226155005 0.00050630852136966599 6.4780253982405338e-05 6.5000000000000009 554.50000000000011 4462.0000000000009 0.011283209977421634 0.028412028203983825 16073.500000000002 0.21404529542615602 7488.0000000000009 553.50000000000011 782.33499999999196 333.50000000000006 -99.499999999999986 73849.500000000015 39.500000000000007 307.50000000000006 793.87 -4670.9999999999991 499.50000000000006 21681.500000000004 0.020362831460041243 1062.0000000000002 0.0098987956129436144 2279.0000000000005
decision_type=2 2 2 2 2 2 2 2 2 2 2 2 2 2 2 2 2 2 2 10 2 2 2 2 2 10 2 8 2 8
left_child=-1 -2 -3 13 5 7 -7 8 -5 10 -10 -11 -6 14 -4 17 -17 24 20 -20 21 -19 23 -23 -15 26 -26 -28 -29 -30
right_child=1 2 3 4 12 6 -8 -9 9 11 -12 -13 -14 15 -16 16 -18 18 19 -21 -22 22 -24 -25 25 -27 27 28 29 -31
leaf_value=-0.024541339221307634 -0.052839109506373362 0.053454206611780346 -0.051117389441268674 -0.041231211081064631 -0.051802709698625805 0.2216083408613726 0.036669402012853757 0.039042606655669665 0.0052977596806029689 -0.050912801391232804 0.14861671650330155 0.12348989710870704 0.029121543419709878 -0.0022932858876322051 0.056161002399264852 -0.015610910272790513 0.056456124249025713 -0.051345927661114038 -0.033349052885957124 0.10674943718642371 0.16502247852789803 0.048482232230827677 0.0092470985161434201 0.20519300028344367 -0.032982238589797465 -0.029734656396962912 -0.0031486949534112033 0.016308787396362476 0.16130778414905259 0.050926369043141254
leaf_weight=6.9767766987206405 1.4561489443294693 2.3919244862627229 0.64970623562112395 10.247218917007567 6.9593921430641776 0.71040193364024062 1.027931253891438 3.9042495528701684 0.66551962355151706 1.766262316843495 0.85623114742338657 0.24095435440540303 0.98929481813684095 156.38532683579251 3.065941556240432 26.582345810020346 1.4049440934322763 1.2608297308906902 7.037402927875517 1.4434146424755452 1.5246959244832394 1.1885167448781424 1.8889300934970377 0.74752618512138802 4.1667995706666252 5.4293150410521767 8.5716736218892056 10.479677773546429 1.8482074425555737 7.1785350672435024
leaf_count=731 70 42 44 989 453 13 38 93 22 172 18 1 51 7612 128 1505 30 79 495 45 48 38 53 17 289 197 247 299 42 153
internal_value=-0.00060266 1.12086e-05 0.000295592 -0.000178462 -0.0122791 -0.000223622 0.112248 -0.0112818 -0.025544 0.0200076 0.0859379 -0.0299768 -0.0417309 0.0011965 0.0374026 0.000629193 -0.0119932 0.00231824 0.022181 -0.00950463 0.0628314 0.0321951 0.0597328 0.10899 0.000773591 0.0135042 0.0207846 0.0287636 0.0427868 0.0735267
internal_weight=279.046 272.069 270.613 268.221 27.3675 19.4188 1.73833 17.6804 13.7762 3.52897 1.52175 2.00722 7.94869 240.854 3.71565 237.138 27.9873 209.151 15.0913 8.48082 6.6105 5.0858 3.82497 1.93604 194.06 37.6742 32.2449 28.0781 19.5064 9.02674
internal_count=14014 13283 13213 13171 1850 1346 51 1295 1202 213 40 173 504 11321 172 11149 1535 9614 775 540 235 187 108 55 8839 1227 1030 741 494 195
is_linear=0
shrinkage=0.05


Tree=74
num_leaves=31
num_cat=1
split_feature=22 35 23 25 20 21 27 1 6 1 9 7 22 3 28 3 1 36 0 10 10 35 35 9 17 9 28 1 9 24
split_gain=1.58913 1.60027 1.60917 2.3924 1.53099 6.77703 4.9806 4.785 5.02788 4.9185 5.41534 4.3157 4.04871 10.0136 4.63775 4.8249 4.28227 3.95207 7.11281 4.40634 4.2831 4.02388 10.4134 3.84227 5.12173 3.65747 3.59817 3.41669 3.39669 3.40305
threshold=41.500000000000007 3.1908250497968614e-05 192.50000000000003 190.50000000000003 0 1.0000000180025095e-35 0.041456116180952803 12579.000000000002 60.500000000000007 11843.500000000002 47.046000000000014 63.992500000000014 6.5000000000000009 319.50000000000006 0.022783225311677865 203.50000000000003 2802.0000000000005 0.038316988872653709 107.97000000000001 2.2831398951604189 2.190686146925489 0.00092132373683879402 0.0012463302746069404 114.94999999999995 210.50000000000003 133.43822443181818 0.0082489705363565004 11814.500000000002 123.36914556089484 74.500000000000014
decision_type=2 2 2 2 9 2 2 2 2 2 10 2 2 2 2 2 2 2 2 2 2 2 2 10 2 10 2 2 10 2
left_child=1 -1 3 4 5 6 -3 9 -9 10 -7 -11 27 14 15 16 -14 18 21 20 26 -6 23 24 -23 -25 -19 -12 29 -17
right_child=-2 2 -4 -5 17 7 -8 8 -10 11 12 -13 13 -15 -16 28 -18 19 -20 -21 -22 22 -24 25 -26 -27 -28 -29 -30 -31
leaf_value=-0.050449346947829099 -0.050115408135070538 -0.01551350508909502 -0.050744214867894925 0.088861812331346504 -0.047571479930686805 0.05773801064637081 0.113639872583193 -0.030384565435141692 0.061744291048081892 0.019201861843569468 -0.024045582239465416 0.15085168296083612 0.079955030808206581 -0.040992035327958865 -0.0082808150841302934 0.040981959139923821 -0.051721279895873357 -0.034897888157813847 0.0048548152491452098 -0.02631464086650628 0.11911115426724206 -0.040508005418916609 -0.031600772407672124 0.18792606476410004 0.051549505001975575 0.049828625654775277 0.0083584525721541927 0.085549840425639734 0.056175821169922494 0.16166360936402804
leaf_weight=1.581961364019661 1.6105680506443594 28.792163924081255 1.5544829862192262 0.75997436046600242 12.889858197420834 7.9982810695655635 0.7663338128477325 7.7401613399852049 1.8313122247345743 1.0937209771946066 8.7646272210404277 1.4449303108267484 1.1378868455067261 4.0832814471796146 2.6151460679247966 0.79674967378377948 1.3499777810648081 5.0651763810310504 40.542442323407158 10.933578533120452 0.8464060346595933 2.7835798906162363 24.25265823234804 0.61564275529235635 3.3046555132605135 2.1674434498418123 94.51356561249122 0.77394704567268569 3.3604070004075766 2.1892214985564351
leaf_count=237 776 1898 176 4 991 111 8 513 55 36 396 44 17 180 62 17 64 572 1371 400 28 113 1714 29 77 84 3920 5 73 43
internal_value=-0.000593215 -0.000304808 -1.63136e-05 0.000272099 2.51698e-05 0.00568823 -0.0121651 0.0186277 -0.0127575 0.027064 0.0219153 0.0941333 0.0104871 0.0262326 0.0502075 0.0675214 0.00850416 -0.0022853 -0.0104149 0.00382841 0.00711017 -0.0238689 -0.0146453 0.031708 0.00946023 0.080377 0.00615817 -0.0151532 0.090657 0.129462
internal_weight=278.16 276.55 274.968 273.413 272.653 74.7381 29.5585 45.1797 9.57147 35.6082 33.0695 2.53865 25.0712 15.5327 11.4494 8.83424 2.48786 197.915 86.5563 111.359 100.425 46.0138 33.124 8.87132 6.08824 2.78309 99.5787 9.53857 6.34638 2.98597
internal_count=14014 13238 13001 12825 12821 3522 1906 1616 568 1048 968 80 857 456 276 214 81 9299 4379 4920 4520 3008 2017 303 190 113 4492 401 133 60
cat_boundaries=0 2
cat_threshold=270565385 4194306
is_linear=0
shrinkage=0.05


Tree=75
num_leaves=31
num_cat=1
split_feature=26 0 24 3 26 24 8 11 15 28 16 5 17 8 17 24 20 10 8 0 36 1 1 1 24 35 36 24 31 0
split_gain=1.59117 5.55839 3.78927 3.6961 2.33534 2.04029 2.94703 4.79722 3.41649 2.28411 1.71092 1.60758 2.92693 3.33556 3.28295 2.11298 2.09882 6.75481 4.22014 3.09221 5.13592 4.67603 5.19258 4.28959 5.75301 4.38499 5.07275 5.65508 4.88864 3.73541
threshold=257.50000000000006 702.45000000000016 249.50000000000003 258.50000000000006 240.50000000000003 231.50000000000003 7350.5950000000021 5198.0000000000009 1.8089711761248262 0.024132339923142138 2.7091736735260752 4.5000000000000009 -284.49999999999994 8985.6500000000051 1564.5000000000002 103.50000000000001 0 0.66319681166253586 793.87 74.995000000000019 0.012885272763228523 16063.500000000002 2621.5000000000005 3829.5000000000005 71.500000000000014 0.00017520896055820965 0.044949494949494954 167.50000000000003 0.0041076831742223293 49.975000000000009
decision_type=2 2 2 2 2 2 2 10 2 2 2 2 2 2 2 2 9 2 2 2 2 2 2 2 2 2 2 2 2 2
left_child=2 -2 4 -4 5 11 7 -7 -9 -10 -5 16 13 -13 -14 -15 19 18 -18 20 -1 22 -22 24 -24 -25 -27 -28 -29 -26
right_child=1 -3 3 10 -6 6 -8 8 9 -11 -12 12 14 15 -16 -17 17 -19 -20 -21 21 -23 23 25 29 26 27 28 -30 -31
leaf_value=-0.040271582420109212 -0.051747815911030628 0.12910390444230455 0.083156335619528954 -0.05175449056019972 -0.051103264843330644 -0.033989931747516307 0.12667983992709278 0.11188146487681637 -0.051325056687138576 0.077641336733611815 0.070366876898821359 -0.040984560096326311 -0.037320242200740129 0.078927715669163359 0.14533361158665703 -0.05058001661710592 -0.050789058107065778 -0.039258954143645948 0.046126993467637142 0.0066329248981129938 -0.038938720737190846 -0.050871002624566432 -0.007386819748244843 -0.019429047233923261 0.11562699739001095 -0.0028022688471479036 0.020713456842715184 0.24755256767571995 0.063591540684359835 0.022349811577067672
leaf_weight=9.4105183054925856 3.7238078081281847 0.47957369126379479 2.6192258179653427 1.0129811675287781 2.2909504503477356 2.5635368009097865 0.67436016292776901 1.51326399599202 0.8062727586366234 0.59793533198535442 0.40007963776588429 1.3897032137028866 9.3590148335788363 1.8922099005430939 0.25264730723574835 0.37784163642209012 1.4639374262187654 13.367507352493702 4.8265905438456684 127.54579155729152 7.3784117130562654 4.5466576989274463 3.6100261060055328 19.155477433931082 2.631733660120517 33.545003392733634 15.828647363698112 0.49655890138819714 1.3242483055219052 1.812530488008633
leaf_count=869 223 3 53 57 166 129 23 39 51 6 8 115 1359 82 11 63 174 1101 261 4802 452 552 146 1352 66 1180 552 18 45 56
internal_value=-0.000585355 -0.031114 -0.000114777 0.0479954 -0.000836853 -0.000404531 0.0280474 0.0159121 0.0597602 0.00359099 -0.0171783 -0.00107756 -0.0180299 0.0200233 -0.0325191 0.0573716 -0.000166495 -0.0126951 0.0235726 0.00141347 -0.00511938 -0.00145722 0.00116181 0.00493557 0.0394998 0.000978347 0.0086142 0.0303126 0.11376 0.0775852
internal_weight=276.897 4.20338 272.694 4.03229 268.661 266.37 6.15537 5.48101 2.91747 1.40421 1.41306 260.215 13.2714 3.65975 9.61166 2.27005 246.944 19.658 6.29053 227.286 99.7398 90.3293 85.7826 78.4042 8.05429 70.3499 51.1945 17.6495 1.82081 4.44426
internal_count=14014 226 13788 118 13670 13504 248 225 96 57 65 13256 1630 260 1370 145 11626 1536 435 10090 5288 4419 3867 3415 268 3147 1795 615 63 122
cat_boundaries=0 2
cat_threshold=269123609 4325378
is_linear=0
shrinkage=0.05


Tree=76
num_leaves=31
num_cat=0
split_feature=10 26 36 35 0 0 1 1 22 6 25 0 0 36 29 15 1 24 24 8 23 23 9 10 0 9 32 3 17 10
split_gain=1.5262 1.60489 1.81613 1.53208 1.5348 2.39683 1.54738 4.43115 4.24415 5.03423 3.55167 3.40842 3.58198 5.01552 5.1821 6.97269 5.1039 3.87599 3.83437 4.58948 4.08137 4.60898 3.29072 2.99251 3.2278 4.01076 4.10671 3.32475 4.02821 8.68438
threshold=0.18499483619326948 185.50000000000003 0.073160173160173175 3.1908250497968614e-05 9.7275000000000009 10.868500000000003 6399.0000000000009 6951.5000000000009 23.500000000000004 29.500000000000004 5.5000000000000009 39.999000000000002 60.029000000000003 0.038590220050475917 0.020014339402094506 -0.00016808882085377847 5817.0000000000009 198.50000000000003 37.500000000000007 2542.2450000000022 28.500000000000004 79.500000000000014 32.518250000000009 0.21858346061275385 108.97500000000001 49.926629166666665 0.0011819040310914405 241.00000000000003 -27410.499999999996 0.83021024770707952
decision_type=2 2 2 2 2 2 2 2 2 2 2 2 2 2 2 2 2 2 2 2 2 2 8 2 2 8 2 2 2 2
left_child=1 -1 -3 -2 -5 -6 8 -8 9 11 -10 -7 13 17 -15 -16 -17 -13 19 -14 22 -22 -20 -9 27 -26 -27 28 29 -25
right_child=3 2 -4 4 5 6 7 23 10 -11 -12 12 18 14 15 16 -18 -19 20 -21 21 -23 -24 24 25 26 -28 -29 -30 -31
leaf_value=-0.036330716253189101 -0.050428108943541466 -0.050667694484783712 0.070688318482298382 -0.052767993156700665 0.050550864786279598 -0.016892352857577432 -0.051338238009384418 0.042098083003405604 0.10030192745329847 -0.052069036831863751 -0.0029896987678354851 -0.042686695705048794 0.0086482096829693707 -0.033034995432119969 0.29047001256477961 0.03179355256533542 0.11421498161464594 0.087678059374079534 0.088843142068054284 0.07138503071847084 0.064518348420191163 -0.024853516727923929 -0.020631713073243105 0.1040655864984797 -0.053694319590389866 0.0065992736807008075 0.098515347209920584 -0.019943291558080219 -0.0046027768477762748 -0.04258160415847477
leaf_weight=5.3621713445754713 1.4971610768698145 0.49262445641215868 0.82391831511631608 1.3559311134740699 2.3765946584753683 14.247108562383799 4.575557882199063 3.8522536739474154 2.0994604055304076 3.9589845673181108 1.3787774858064947 3.6501944269984987 18.062587419990454 2.2912164360750493 0.28943824302406085 13.976399267325172 2.1698968796990803 0.67571594147011627 0.70635083643720165 3.4761534025892606 3.5690506948158136 2.4212431025225669 24.35125036817044 2.5609553877729914 2.7126102042384437 62.782922593294643 1.2391945747658599 37.881429589935578 49.265895317657851 1.6665188302285967
leaf_count=657 237 61 13 70 41 605 291 188 36 179 51 225 473 179 6 338 37 25 28 36 48 82 980 76 117 2714 13 3742 2401 65
internal_value=-0.000575349 -0.0241858 0.0252793 1.06526e-05 0.000292853 0.000563088 0.000112849 -0.00281423 0.00512158 0.00311143 0.059357 0.00554181 0.0097674 0.026201 0.0374101 0.0472305 0.0428701 -0.0223235 0.00256327 0.0187734 -0.00868209 0.0283947 -0.0175457 -0.00144339 -0.00250425 0.00585527 0.00837838 -0.00860955 -0.000583542 0.0462556
internal_weight=275.77 6.67871 1.31654 269.091 267.594 266.238 263.861 166.537 97.3238 93.8456 3.47824 89.8866 75.6395 23.0529 18.727 16.4357 16.1463 4.32591 52.5866 21.5387 31.0479 5.99029 25.0576 161.962 158.11 66.7347 64.0221 91.3748 53.4934 4.22747
internal_count=14014 731 74 13283 13046 12976 12935 9607 3328 3241 87 3062 2457 810 560 381 375 250 1647 509 1138 130 1008 9316 9128 2844 2727 6284 2542 141
is_linear=0
shrinkage=0.05


Tree=77
num_leaves=31
num_cat=2
split_feature=7 24 9 9 9 11 6 17 17 31 24 4 11 24 24 30 17 36 36 25 20 3 0 35 20 24 9 17 35 11
split_gain=1.54494 4.26395 2.6878 3.73741 3.59197 6.78992 3.27825 6.20928 7.5739 3.70557 2.37216 5.69063 5.06961 2.2511 4.91657 2.23016 2.17834 2.03471 6.95399 5.87552 4.14516 4.19053 3.60091 2.81286 2.86166 4.3526 5.77076 6.47858 4.6931 3.05795
threshold=209.9499999999999 103.50000000000001 179.05919612403102 142.16041666666663 188.42275362318841 657.50000000000011 47.500000000000007 -212.49999999999997 -307.49999999999994 0.023467293402652932 78.500000000000014 2.5000000000000004 188.50000000000003 226.50000000000003 234.50000000000003 0.018581687125677804 1564.5000000000002 0.024134199134199136 0.034105422566048753 20.500000000000004 0 507.00000000000006 221.99500000000003 0.0010609422344230511 1 130.50000000000003 109.7104761904762 -9768.9999999999982 0.002051310573878268 4135.0000000000009
decision_type=2 2 10 8 8 10 2 2 2 2 2 2 10 2 2 2 2 2 2 2 9 2 2 2 9 2 10 2 2 8
left_child=17 2 3 6 5 -4 9 8 -8 16 -9 -12 -13 -3 -15 -6 -2 19 -19 23 -20 -22 -21 -1 29 -26 -27 -28 -29 -25
right_child=1 13 4 -5 15 -7 7 10 -10 -11 11 12 -14 14 -16 -17 -18 18 20 22 21 -23 -24 24 25 26 27 28 -30 -31
leaf_value=0.032560168395130033 -0.051031610374378804 -0.043281941741749042 -0.05113145070022055 -0.051436842510160209 0.079719643377776511 0.23075061274993369 0.048543292877783611 -0.037836483234612917 0.27517925308305047 0.044157387609492435 -0.051010606206973452 -0.050544557478799282 0.33331275047628361 0.075393708738828044 -0.051087181847927238 0.0046381319652898404 0.06834529329776326 -0.034036773807001458 0.0051543464328032348 -0.031416551237820022 -0.024713389910624724 0.079780912961578757 0.049519340858754181 0.041100366635518387 -0.028267510422552673 -0.051561280035545776 0.21315823088414354 0.063313845481785744 -0.051338409779063593 -0.0037267195611829871
leaf_weight=17.031921842833981 4.8828313008416497 10.589521309128029 0.36037099128588757 4.3704479765146962 1.0892446609213919 0.52466059080325067 2.0209494809387256 2.6027525631943713 0.4508848766563468 1.6481424085795877 0.52397449070122082 0.13044927804730833 0.25252293050289154 1.3822682389290997 1.7299213587539268 10.749807338695975 0.41458889935165633 15.283619449241085 124.97814391623251 11.437819137005134 23.079128869576383 1.0010692086070765 1.561932190787046 12.102553020929923 11.911198078072628 1.9236365956021462 0.54499471513554443 3.0990843011531979 1.2535980478860436 5.5486411005258551
leaf_count=487 389 925 27 444 22 16 95 485 31 48 60 51 11 41 145 385 27 1024 5050 478 2096 45 20 507 607 119 11 73 78 217
internal_value=-0.00056474 -0.00918243 0.00136604 -0.0114653 0.0188094 0.115973 0.00204842 0.0291808 0.0898837 -0.0213181 -0.0135714 0.0560643 0.202562 -0.0322951 0.00508887 0.011546 -0.0416889 0.00106812 -0.0019166 0.00845368 0.00137682 -0.0143924 -0.021692 0.0157902 0.00793991 -0.00653816 0.0218202 0.0506418 0.0302933 0.0172412
internal_weight=274.481 43.7233 30.0216 17.2975 12.7241 0.885032 12.9271 5.98153 2.47183 6.94556 3.5097 0.906947 0.382972 13.7017 3.11219 11.8391 5.29742 230.757 164.342 66.4154 149.058 24.0802 12.9998 53.4156 36.3837 18.7325 6.82131 4.89768 4.35268 17.6512
internal_count=14014 3202 2091 1641 450 43 1197 733 126 464 607 122 62 1111 186 407 416 10812 8215 2597 7191 2141 498 2099 1612 888 281 162 151 724
cat_boundaries=0 2 4
cat_threshold=269123621 4194306 1033 131074
is_linear=0
shrinkage=0.05


Tree=78
num_leaves=31
num_cat=1
split_feature=26 10 24 3 26 24 2 8 9 35 26 9 1 10 10 22 28 28 1 20 10 17 17 35 29 31 1 11 10 27
split_gain=1.502 4.92255 3.2614 3.09025 2.18806 1.72192 2.65262 3.61712 3.63769 1.68739 1.52242 3.22839 3.10327 2.61304 2.49818 2.49705 4.18996 2.64721 2.79348 2.22472 5.02191 3.17731 4.48939 2.52631 4.75598 2.25218 2.06755 2.59091 5.11526 5.94669
threshold=257.50000000000006 7.69211442706235 249.50000000000003 258.50000000000006 240.50000000000003 231.50000000000003 122.50000000000001 7350.5950000000021 59 0.0012400421200337321 170.50000000000003 29.464202910137555 1348.0000000000002 0.18499483619326948 0.083614577576686236 26.500000000000004 0.023478068673519262 0.018418726667742285 7658.5000000000009 0 0.66319681166253586 -754.49999999999989 -1843.4999999999998 3.2637812449326334e-05 0.020710478781665754 1.0000000180025095e-35 2387.0000000000005 3520.5000000000005 1.4776753485204608 0.039887740852484296
decision_type=2 2 2 2 2 2 2 2 8 2 2 8 2 2 2 2 2 2 2 9 2 2 2 2 2 2 2 10 2 2
left_child=2 -2 4 -4 5 10 -7 8 -8 -5 13 -12 -13 -1 -14 17 -17 18 -16 26 21 22 -21 24 -22 -23 27 28 29 -15
right_child=1 -3 3 9 -6 6 7 -9 -10 -11 11 12 14 19 15 16 -18 -19 -20 20 23 25 -24 -25 -26 -27 -28 -29 -30 -31
leaf_value=-0.035361785447911499 -0.051691544568129924 0.11652523702441586 0.075372970158987418 -0.052297450445992877 -0.051052047982921969 0.088411565422384167 0.10215431567048681 0.11441883971248215 -0.029279629698533923 0.068846083854029808 0.11885912523126677 0.055622680988031942 0.065148819198785402 -0.039074162121333661 0.13190477051405486 -0.051366948427762231 0.11955654348946546 -0.031097524342005241 -0.050688040890473123 -0.020113351620010211 0.3296406557567661 0.094575374188231809 0.11558866023816679 -0.044594196007312424 -0.050492292135293021 -0.050630661346437095 0.0040077843055278282 -0.041691212989594689 0.074820332478547094 0.095761259724353953
leaf_weight=5.0350866308435789 3.5193703316617748 0.49622218869626511 2.7004293649224556 0.97428449103608705 2.1469392381841308 1.3269712405744929 0.62055240897461761 0.68987103167455632 3.4712665346451104 0.40774384839460254 0.4573826151900019 1.4538653739728058 0.83582453476265328 5.5134481640998256 0.51777864620090142 0.66574820794630685 0.77702163404319435 19.806724558118731 0.35178213380277157 1.0331519171595576 0.1314567388035347 0.32196077331900497 1.4862144419457761 10.436508135404436 0.21996656386181712 1.5653898860327897 197.97259389713872 5.7358964271843424 1.8693105038255451 0.96012561069801439
leaf_count=638 223 3 53 45 166 27 24 23 174 20 12 24 13 293 13 105 23 1225 37 87 20 15 26 943 33 198 9215 278 42 16
internal_value=-0.000550227 -0.0309044 -9.79213e-05 0.0442524 -0.000780122 -0.000370138 0.0258663 0.00850932 -0.00934677 -0.0165561 -0.000993398 -0.0127518 -0.015218 0.000265362 -0.0197048 -0.0229112 0.040686 -0.0273489 0.0580366 0.00105475 -0.0131369 0.0231924 0.0599394 -0.0401542 0.0917038 -0.0258601 0.00256998 -0.0158227 0.00196238 -0.0190761
internal_weight=273.501 4.01559 269.485 4.08246 265.403 263.256 6.10866 4.78169 4.09182 1.38203 257.147 24.8661 24.4087 232.281 22.9549 22.1191 1.44277 20.6763 0.869561 227.246 15.1946 4.40672 2.51937 10.7879 0.351423 1.88735 212.051 14.0788 8.34288 6.47357
internal_count=14014 226 13788 118 13670 13504 248 221 198 65 13256 1452 1440 11804 1416 1403 128 1275 50 11166 1322 326 113 996 53 213 9844 629 351 309
cat_boundaries=0 2
cat_threshold=2785305 4325378
is_linear=0
shrinkage=0.05


Tree=79
num_leaves=31
num_cat=0
split_feature=7 0 8 22 28 5 35 35 35 35 35 0 35 2 2 24 1 26 35 23 31 35 1 36 35 36 35 28 0 3
split_gain=1.49327 1.75044 2.75957 1.68196 1.5893 1.52284 1.44444 1.52368 2.09818 1.61089 2.68977 2.28813 2.05874 7.33274 7.96505 7.32577 7.17108 3.69194 3.4948 4.783 4.22009 3.35398 2.68563 2.59092 3.97407 3.57583 5.74133 5.09053 4.97794 4.94305
threshold=1529.6750000000013 225.50000000000003 38593.640000000021 29.500000000000004 0.027143327953342681 9.5000000000000018 3.1908250497968614e-05 3.200087524367237e-05 3.2520945857565299e-05 3.2637812449326334e-05 3.3222145732465153e-05 149.97500000000002 4.6036933807888434e-05 397.00000000000006 264.50000000000006 80.500000000000014 7148.5000000000009 14.500000000000002 4.1460408531381256e-05 50.500000000000007 0.016269595542487386 4.7567433583959725e-05 2888.5000000000005 0.22619047619047619 9.3629489186273582e-05 0.28333333333333338 7.3664723200334814e-05 0.024378266241417645 112.99500000000002 470.50000000000006
decision_type=2 2 2 2 2 2 2 2 2 2 2 2 2 2 2 2 2 2 2 2 2 2 2 2 2 2 2 2 2 2
left_child=3 -2 4 5 -3 6 -1 -8 -9 11 -11 -10 13 14 22 17 -17 -16 -15 20 -20 -14 -12 -23 25 26 -25 -28 29 -27
right_child=1 2 -4 -5 -6 -7 7 8 9 10 12 -13 21 18 15 16 -18 -19 19 -21 -22 23 -24 24 -26 28 27 -29 -30 -31
leaf_value=-0.050403815009316101 -0.050685678993666827 -0.051835405993893358 0.097032272436781961 -0.05046597211358661 0.053050063162330456 0.072330831610201804 0.068471626496550572 -0.050811348255105054 -0.0031876281963953766 -0.051047895161797655 0.11297919505203582 0.11544973334249345 -0.051492089918919917 -0.051206549848591791 0.097430893927070619 0.04869834713912153 0.28688408202004129 -0.051455371708295977 -0.050992557370996006 0.13739423746651322 0.10025335585984624 -0.0010957952618711785 -0.05130966047962842 0.11870772972601254 -0.051931476522541854 0.013202650292936761 -0.031409408033549129 0.063118467153500293 -0.051681582518695562 0.15125744570934224
leaf_weight=1.4074584264308203 3.1600156872300422 1.3987724063917997 0.61745864711701859 1.6408275443827722 0.48689372558146704 0.7320083265658458 0.81911291647702356 2.0026633625384411 0.90818423079326638 2.5303687918931237 0.30395515030249765 0.73562257597222924 3.1462473419960579 3.1630095152650028 1.2823299593292179 0.4948172003496436 0.87445829110220075 0.61658070143312205 1.7266860778909183 0.71069169044494618 0.62929294700734306 221.60283782915212 1.3697244450449941 2.1900135532487237 1.8649015086702991 6.7643941214773786 2.4371968496125191 3.4267458226531744 2.8036055499687791 0.71712112566456188
leaf_count=237 691 90 43 478 6 49 47 259 39 218 17 14 210 240 32 18 25 43 128 8 32 10212 98 28 103 299 137 45 136 32
internal_value=-0.000538129 -0.025945 0.00528828 9.58007e-07 -0.0247532 0.000313133 0.000113844 0.000384068 0.000171445 0.000563691 0.000250124 0.049904 0.000756919 0.0217478 0.0672292 0.112655 0.200811 0.0490872 -0.0143316 0.0237018 -0.0105941 -0.000200408 -0.0214733 0.000466969 0.0176078 0.0246792 0.0496292 0.0238304 0.00514171 0.0264355
internal_weight=272.564 5.66314 2.50312 266.901 1.88567 265.26 264.528 263.121 262.301 260.299 258.655 1.64381 256.125 11.1715 4.94187 3.26819 1.36928 1.89891 6.22968 3.06667 2.35598 244.953 1.67368 241.807 20.204 18.3391 8.05396 5.86394 10.2851 7.48152
internal_count=14014 830 139 13184 96 12706 12657 12420 12373 12114 12061 53 11843 641 233 118 43 75 408 168 160 11202 115 10992 780 677 210 182 467 331
is_linear=0
shrinkage=0.05


Tree=80
num_leaves=31
num_cat=1
split_feature=26 0 24 3 26 35 24 2 8 9 32 7 24 17 0 24 10 10 36 15 2 22 3 11 9 27 23 20 36 36
split_gain=1.40693 4.51313 2.80309 2.70334 2.07326 1.71329 1.56489 2.32653 3.22393 3.11701 1.52856 1.46813 3.40828 3.07707 3.67726 2.2846 2.81102 2.74153 2.28772 3.31515 2.23949 2.48037 2.60119 1.90012 2.12056 3.21434 2.51298 1.87 5.1515 5.87038
threshold=257.50000000000006 702.45000000000016 249.50000000000003 258.50000000000006 240.50000000000003 0.0014801442680262456 231.50000000000003 122.50000000000001 7350.5950000000021 59 0.00065421501369488982 391.92500000000024 103.50000000000001 -284.49999999999994 599.97500000000014 86.500000000000014 0.60609340509762644 0.52351837167223192 0.017925489178131301 0.99414900416973795 173.50000000000003 16.500000000000004 164.00000000000003 73.500000000000014 140.02097222222233 0.067834349842220268 44.500000000000007 0 0.014284338398043795 0.024300699300699304
decision_type=2 2 2 2 2 2 2 2 2 8 2 2 2 2 2 2 2 2 2 2 2 2 2 8 10 2 2 9 2 2
left_child=2 -2 4 -4 6 -5 11 -8 9 -9 -11 23 13 20 15 18 17 -17 -15 -20 -13 22 -22 24 25 26 -1 28 -25 -30
right_child=1 -3 3 5 -6 -7 7 8 -10 10 -12 12 -14 14 -16 16 -18 -19 19 -21 21 -23 -24 27 -26 -27 -28 -29 29 -31
leaf_value=-0.053328984838328181 -0.051605820849656675 0.10872995937184859 0.069209393962170004 -0.052199456576764058 -0.050998992658503897 0.070594883692368562 0.08260700007375224 0.089761144969590145 0.1074008059857843 -0.051525339750080418 0.020310906426369894 -0.051839645128709547 -0.044590713670395909 -0.05114343162892783 0.061503498997267259 0.010579774048547187 -0.052530866389907761 0.19118406799697843 -0.025894057080874638 0.13492281158021488 0.072136589369754089 0.078473011793472089 -0.010986819092703919 -0.052027770033211254 0.060286756230415788 0.057592711917876863 0.029107695775745665 -0.0020786512249612605 0.077505315786106199 0.0085310909680814551
leaf_weight=2.3023470945190625 3.3422188577242191 0.50523740705102671 2.7659154284046954 0.97744037536904194 2.0360953381750724 0.40043674595654011 1.349619140382855 0.66902765445411194 0.69900085881818075 2.2943225733470176 1.0934302476234732 0.88780114962719814 6.2010998090263447 6.9049248987575975 1.2813123497180647 0.49305727065075078 0.61413154914043844 0.36617710604332387 1.3316665592137722 0.42202436132356513 1.3109415550716219 2.0508902132278308 3.3366404450498521 2.1960394037887481 2.6800295121502131 2.0255348719656467 1.5447045709006486 205.529939673841 4.4996814150363198 9.810861215926705
leaf_count=118 223 3 53 47 166 18 27 24 23 147 27 51 635 980 27 53 42 12 82 11 22 80 169 107 42 19 32 10257 64 453
internal_value=-0.000529991 -0.030551 -9.91255e-05 0.0407053 -0.000739766 -0.0165131 -0.000349027 0.0246678 0.00822552 -0.00886282 -0.0283395 -0.000946149 -0.0124045 -0.00189957 -0.0183045 -0.0283972 0.0291596 0.0875473 -0.0381912 0.0128064 0.0227811 0.0326712 0.0124598 0.000306117 0.0234323 0.00661327 -0.0202282 -0.000584679 0.0120042 0.0302187
internal_weight=271.923 3.84746 268.075 4.14379 263.931 1.37788 261.895 6.1054 4.75578 4.05678 3.38775 255.79 25.2007 18.9996 11.4133 10.132 1.47337 0.859234 8.65862 1.75369 7.58627 6.69847 4.64758 230.589 8.55262 5.87259 3.84705 222.037 16.5066 14.3105
internal_count=14014 226 13788 118 13670 65 13504 248 221 198 174 13256 2164 1529 1207 1180 107 65 1073 93 322 271 191 11092 211 169 150 10881 624 517
cat_boundaries=0 2
cat_threshold=32776 4194306
is_linear=0
shrinkage=0.05


Tree=81
num_leaves=31
num_cat=0
split_feature=9 7 24 9 9 21 21 6 17 6 31 9 24 4 6 24 24 17 10 0 3 0 36 28 2 16 11 31 1 9
split_gain=1.39599 1.43762 3.81164 2.31345 3.44371 2.94864 3.17175 2.94644 4.74484 5.26068 3.34455 2.60067 1.98682 4.06954 4.45269 1.96469 4.00059 1.9643 1.8653 1.77648 4.36707 4.35413 4.98845 5.03582 3.47279 6.4948 3.97338 4.12892 3.20196 2.8639
threshold=18.464590909090912 209.9499999999999 103.50000000000001 179.05919612403102 142.16041666666663 1.0000000180025095e-35 13.500000000000002 47.500000000000007 -212.49999999999997 57.500000000000007 0.023467293402652932 188.42275362318841 78.500000000000014 2.5000000000000004 81.500000000000014 226.50000000000003 234.50000000000003 1564.5000000000002 0.66676781602291568 221.99500000000003 134.50000000000003 265.00500000000005 0.1101010101010101 0.020517605781008998 489.50000000000006 0.61259337808740877 1823.5000000000002 0.011402419199472302 17192.500000000004 34.496250000000003
decision_type=8 2 2 10 8 2 2 2 2 2 2 8 2 2 2 2 2 2 2 2 2 2 2 2 2 2 10 2 2 10
left_child=-1 19 3 4 7 -5 11 10 9 -9 17 -7 -10 -14 -15 -4 -17 -3 -11 28 -21 22 23 29 -23 26 -26 -28 -2 -22
right_child=1 2 15 5 -6 6 -8 8 12 18 -12 -13 13 14 -16 16 -18 -19 -20 20 21 24 -24 -25 25 -27 27 -29 -30 -31
leaf_value=-0.039285472453518273 0.00058139910375560276 -0.050971748183681991 -0.042371527642650626 -0.030065835693105222 -0.051383392623925821 0.12329292548343258 -0.052840415988947731 0.27194748670295799 -0.036474719655241843 -0.050627997115071488 0.040839419531151146 0.030777234651823207 -0.050947646342264744 0.45525566101132864 0.074588188065430758 0.065246285494132625 -0.050985632976034478 0.058589752989855484 0.071253308972536122 -0.053319865934780324 0.17587581386574275 -0.011863677877699895 -0.022748018802755066 -0.025454680616153819 0.032570472063577639 -0.023251471406737882 0.016637684758733586 0.17384584217500246 -0.041385341601815832 0.073730046301403271
leaf_weight=2.3024278357624999 189.1785406981362 4.5887057874351793 9.7538248409982753 2.587810614379122 4.0012075761333099 0.83848496945574602 1.0387725899927307 0.30693507101386908 2.3968356944387774 0.3735911728581417 1.6487368424423037 8.0759160863235593 0.48517239745706309 0.098332973197102547 0.35112003283575177 1.4067621174035587 1.5626596324145792 0.44914629939012218 1.9652567284647373 2.35972766438499 0.80795433744788336 12.414078924804928 1.9365286179818211 1.1678852573968468 3.7877973348367941 3.6782950381748378 0.62625017017126072 1.2539677689783273 4.6570104234851888 4.5540077402256429
leaf_count=86 9061 389 925 178 444 30 43 12 485 57 48 199 60 2 60 41 145 27 57 89 14 508 106 32 127 125 17 29 505 113
internal_value=-0.000518439 -0.000185821 -0.00869016 0.00126 -0.0109475 0.0174819 0.0298442 0.00182846 0.0273372 0.0773257 -0.0209742 0.0394792 -0.0123628 0.0494719 0.157872 -0.0315306 0.00407918 -0.0412039 0.0517848 0.00138903 0.0121906 0.0173049 0.0477284 0.0686293 0.00546793 0.0284884 0.0620652 0.121484 -0.000426876 0.0891216
internal_weight=270.654 268.351 41.9293 29.206 16.665 12.541 9.95317 12.6638 5.97724 2.64578 6.68659 8.9144 3.33146 0.934625 0.449453 12.7232 2.96942 5.03785 2.33885 226.422 32.5865 30.2268 8.46638 6.52985 21.7604 9.34631 5.66802 1.88022 193.836 5.36196
internal_count=14014 13928 3202 2091 1641 450 272 1197 733 126 464 229 607 122 62 1111 186 416 114 10726 1160 1071 265 159 806 298 173 46 9566 127
is_linear=0
shrinkage=0.05


Tree=82
num_leaves=31
num_cat=0
split_feature=23 25 35 22 25 23 24 23 32 35 6 32 11 0 9 35 35 2 2 1 35 0 35 3 1 35 10 3 24 35
split_gain=1.37493 2.08106 1.33431 1.3437 1.35047 3.11132 4.51391 2.92261 3.11752 2.91319 3.64575 2.49224 2.65617 4.06323 3.06585 2.15951 5.45218 4.96639 9.51764 6.00489 5.68021 5.18762 5.09714 4.62766 3.57862 4.54066 4.11764 3.6144 4.98807 3.55304
threshold=192.50000000000003 190.50000000000003 3.1908250497968614e-05 41.500000000000007 82.500000000000014 69.500000000000014 83.500000000000014 94.500000000000014 0.00045372452994884904 0.00036632074919075056 10.500000000000002 0.00045575759319726474 6034.5000000000009 131.61600000000001 54.011944444444389 9.3629489186273582e-05 0.00011932770848110564 391.50000000000006 383.50000000000006 12373.500000000002 8.5481474656093974e-05 58.975000000000009 6.3290931851652589e-05 446.00000000000006 4272.5000000000009 4.7567433583959725e-05 0.29664409448438539 150.00000000000003 82.500000000000014 6.1301605466694144e-05
decision_type=2 2 2 2 2 2 2 2 2 2 2 2 8 2 10 2 2 2 2 2 2 2 2 2 2 2 2 2 2 2
left_child=1 2 -1 4 5 15 9 -6 -9 -7 -11 -10 14 -14 -13 17 -17 18 20 23 22 -22 29 -20 25 -19 -26 28 -28 -4
right_child=-2 -3 3 -5 7 6 -8 8 11 10 -12 12 13 -15 -16 16 -18 24 19 -21 21 -23 -24 -25 26 -27 27 -29 -30 -31
leaf_value=-0.050383906899914177 -0.05067967852947363 0.083262383059415898 0.010054878153069838 -0.050102409007749621 -0.055406839622283023 -0.033437843553391432 0.12824312819699524 -0.051409461505346393 0.11849117993110961 0.068777107821656011 -0.025932510470616496 0.056139302113383797 -0.056678417463587476 0.07511447064942163 -0.022850116514029312 -0.041966841655920191 -0.00078606751470910563 -0.034400999965145417 -0.050780279008917198 0.23435162812164978 -0.052341840345658711 0.080299937539315303 -0.043149201527968514 0.17265762959494135 0.11529094780764322 0.047046718205659366 -0.022057935946545731 -0.035834332749848478 0.070827339500049047 0.099980518633214541
leaf_weight=1.333253759657963 1.358803191105834 0.74378367140889068 12.371278467820966 1.3442627122858528 3.3852187106385818 2.0079735668841741 1.0545463289599863 2.5778929677326223 0.50723747303709288 3.185119123198092 1.4921169518493114 3.3275924059562358 2.7903123050928129 0.73990502394735802 1.9473277784418312 8.4133392875082773 179.92368162318598 2.4558988506905752 0.51502488460391649 0.83203614060766995 0.87042386154644091 4.813815844245255 4.5421814736910155 0.42129114596173167 0.57149031409062701 5.6432833718135953 4.1918441369198289 13.179097042419015 2.2060127465520054 1.2054630108177651
leaf_count=237 177 4 702 775 134 73 34 207 6 29 43 33 123 17 85 533 8753 161 42 12 47 70 270 8 30 144 161 1023 51 30
internal_value=-0.000510655 -0.000256851 -0.000488774 -0.000239172 1.36053e-05 0.000895804 0.0321024 -0.0144185 -0.00274895 0.0169369 0.0385631 0.0107215 0.00451318 -0.0290557 0.026979 -0.000101617 -0.00262568 0.00873121 0.024695 0.13661 0.0163807 0.0599886 0.00270011 0.0497546 -0.00572017 0.0223495 -0.0170035 -0.0208654 0.00996937 0.0180393
internal_weight=269.952 268.593 267.849 266.516 265.171 249.896 7.73976 15.2755 11.8903 6.68521 4.67724 9.31237 8.80514 3.53022 5.27492 242.156 188.337 53.8191 25.5715 1.76835 23.8032 5.68424 18.1189 0.936316 28.2476 8.09918 20.1484 19.577 6.39786 13.5767
internal_count=14014 13837 13833 13596 12821 12216 179 605 471 145 72 264 258 140 118 12037 9286 2751 1181 62 1119 117 1002 50 1570 305 1265 1235 212 732
is_linear=0
shrinkage=0.05


Tree=83
num_leaves=31
num_cat=1
split_feature=23 25 9 7 0 8 22 28 35 10 26 24 23 2 35 1 10 33 17 11 3 0 20 35 0 1 30 29 32 35
split_gain=1.30713 1.89842 1.27593 1.30799 1.58005 2.22155 1.41327 1.3918 1.32461 1.33089 2.82886 2.47941 2.38971 3.01909 2.90138 3.09636 2.53012 3.71102 2.19053 3.49591 2.12824 2.30637 2.09833 2.90305 2.36965 5.16155 3.6588 3.84158 5.43772 4.04422
threshold=192.50000000000003 190.50000000000003 18.464590909090912 1529.6750000000013 225.50000000000003 38593.640000000021 29.500000000000004 0.027143327953342681 3.1908250497968614e-05 2.4615456715916202 257.50000000000006 249.50000000000003 47.500000000000007 492.50000000000006 0.0017974191917181595 3683.5000000000005 6.4895013252184199 1.0000000180025095e-35 -22.499999999999996 9138.0000000000018 228.50000000000003 99.975000000000009 0 0.0029763429085779888 108.97500000000001 16873.500000000004 0.028309161427255956 0.023152604869369712 0.0005159387433487805 0.004809186957628238
decision_type=2 2 8 2 2 2 2 2 2 2 2 2 2 2 2 2 2 2 2 8 2 2 9 2 2 2 2 2 2 2
left_child=1 2 -1 6 -5 7 8 -6 -4 10 11 22 13 16 15 -15 17 -11 -13 -20 21 -17 24 -24 25 -10 27 28 -26 -29
right_child=-2 -3 3 4 5 -7 -8 -9 9 12 -12 18 -14 14 -16 20 -18 -19 19 -21 -22 -23 23 -25 26 -27 -28 29 -30 -31
leaf_value=-0.038282334775297883 -0.050646661262301697 0.079907923550607454 -0.050365138263047504 -0.050621077329109379 -0.051700171960036095 0.08316634752528923 -0.050421834901770747 0.051004850444888408 0.0013633010001160345 -0.039314443673520584 -0.051069742396404362 -0.032952080622298867 -0.056795373395207877 -0.05220768726395543 -0.051507601585649557 0.075615533311923597 0.018457290093171767 0.040581885896738973 0.10569836538055817 -0.011665995798672585 0.074567777767567997 -0.053284742742601976 -0.045851636770318178 0.052567790361862612 0.011900860421354374 -0.050824084664181646 0.044348497810871378 -0.01767549108017185 0.12938154332828219 0.11588262935596552
leaf_weight=2.2137806359678498 1.2933549494482566 0.73643955960869689 1.2686908963369194 2.7870677511091335 1.2698544213781136 0.65594307053834189 1.3644436500035215 0.44562011444941152 142.78541301586665 10.368864056887109 2.4809118174016467 0.72759762080386314 2.469133496284484 0.81911502638831635 1.0899120536632834 0.60437646228820063 3.8463199473917475 1.6903067184612162 1.8066893531940871 0.97793940571136762 3.3775284737348557 0.81497222371399403 6.6959772695554411 0.8436626917682587 44.930848335614428 4.900541200535371 7.2763276831246904 16.739127160049978 1.0070477826520789 0.58667130814865132
leaf_count=85 177 4 237 691 90 43 462 6 7182 533 176 30 52 32 48 5 122 26 23 37 77 38 771 46 1645 648 105 581 24 18
internal_value=-0.000502109 -0.000259735 -0.000480982 -0.000164753 -0.0250955 0.00490402 0.000330887 -0.025021 0.000599183 0.000850928 0.00203495 0.00260957 -0.0100902 -0.00499001 0.0231478 0.0376363 -0.0168532 -0.0281156 0.0442966 0.0644809 0.0529781 0.00160261 0.00196105 -0.0149759 0.00309084 -0.00036839 0.0107714 0.00690952 0.0144763 -0.0131531
internal_weight=268.874 267.581 266.845 264.631 5.15849 2.37142 259.472 1.71547 258.108 256.839 231.759 229.278 25.0805 22.6114 6.7059 5.61599 15.9055 12.0592 3.51223 2.78463 4.79688 1.41935 225.766 7.53964 218.226 147.686 70.54 63.2637 45.9379 17.3258
internal_count=14014 13837 13833 13748 830 139 12918 96 12456 12219 11286 11110 933 881 200 152 681 559 90 60 120 43 11020 817 10203 7830 2373 2268 1669 599
cat_boundaries=0 2
cat_threshold=2785293 4325378
is_linear=0
shrinkage=0.05


Tree=84
num_leaves=31
num_cat=1
split_feature=20 36 0 8 1 17 11 35 11 11 2 2 36 28 35 9 17 24 31 1 26 1 9 1 1 11 24 3 16 31
split_gain=1.25314 2.31843 2.92147 3.54228 2.50507 1.21537 2.9941 1.88825 1.74387 6.98564 3.72331 4.94059 4.34566 4.97187 4.62936 3.37101 2.95675 3.56217 2.24555 2.20102 2.01959 3.97979 3.79114 2.78709 2.99861 1.94056 2.48114 1.83551 2.59137 1.68062
threshold=0 0.015630232645068475 97.077500000000015 777.47500000000014 15987.500000000002 85258.000000000015 122772.00000000001 9.5952645590307103e-05 22523.500000000004 45556.500000000007 321.50000000000006 319.00000000000006 0.25238095238095243 0.012863723004130139 0.00071789683942057112 502.21214285714291 15928.000000000002 28.500000000000004 0.022946050526666636 10060.000000000002 35.500000000000007 16495.000000000004 25.007000000000001 3056.5000000000005 2803.5000000000005 173563.50000000003 220.50000000000003 480.50000000000006 1.6917715846398564 0.0050208367153223446
decision_type=9 2 2 2 2 2 10 2 10 10 2 2 2 2 2 10 2 2 2 2 2 2 10 2 2 8 2 2 2 2
left_child=1 -1 3 4 -3 8 7 -7 16 18 11 15 14 -14 -12 20 27 -18 -10 -20 22 23 -11 24 -22 26 -15 -2 -29 -9
right_child=5 2 -4 -5 -6 6 -8 29 9 10 12 -13 13 25 -16 -17 17 -19 19 -21 21 -23 -24 -25 -26 -27 -28 28 -30 -31
leaf_value=-0.051699642675148677 -0.00010700117535750029 -0.055559533075765138 0.075693246103138004 0.074330499765977054 0.057187541850040227 0.097783028354764559 -0.011414825185836031 0.071221038742490569 -0.050395340584366705 -0.056319209601468578 -0.048444561561910369 0.11385747136066696 0.20326540489359723 -0.05100734344659269 0.10011146121289992 0.13810506563131442 0.092099470142373935 -0.016746749672471653 0.050309363602457385 -0.053477891747512801 -0.050765744355165614 0.1066105837923636 0.052447683113679283 -0.051188328440597501 0.094839084895145601 0.077411359411186653 0.10569936478731015 -0.037363455552704698 0.058238188965131499 -0.018390102232799507
leaf_weight=0.8014370638411491 207.12297699274495 1.847039574757219 2.952059464994818 1.3734609140083192 0.67187014594674099 1.3795910463668399 3.9106492219725624 0.96327012800611589 10.952616709517313 1.0120461792685072 6.9780189731391129 1.3345042068976916 0.38325327495113048 1.3220611661672594 0.56703567039221514 0.50618765968829471 1.8582476384472095 1.2622629897668955 1.2009310813155019 0.88895853445865203 0.63080815970897652 0.61143821582663793 3.8446553542744368 3.7129720144439489 0.80462574679404497 0.72090867534279812 0.31224751286208619 6.1174649572931221 0.80172031850088377 1.1453359760344026
leaf_count=39 11006 71 40 17 11 16 130 10 701 30 519 34 15 88 9 14 20 67 28 36 50 35 56 271 9 29 15 582 35 31
internal_value=-0.000490693 0.0124623 0.0381833 0.00973494 -0.0254864 -0.00129986 0.018625 0.0523029 -0.00193406 -0.0121615 0.00456912 0.0229511 -0.0176984 0.0362532 -0.0372801 0.0120442 -0.000248829 0.0480706 -0.0413327 0.00616226 0.0060337 -0.0139914 0.0297827 -0.0283145 0.0308524 0.00907604 -0.0210673 -0.000953276 -0.0262862 0.0225468
internal_weight=267.991 7.64587 6.84443 3.89237 2.51891 260.345 7.39885 3.4882 252.946 35.7833 22.7408 12.4572 10.2835 2.73847 7.54505 11.1227 217.163 3.12051 13.0425 2.08989 10.6165 5.75984 4.8567 5.14841 1.43543 2.35522 1.63431 214.042 6.91919 2.10861
internal_count=14014 178 139 99 82 13836 187 57 13649 1939 1174 499 675 147 528 465 11710 87 765 64 451 365 86 330 59 132 103 11623 617 41
cat_boundaries=0 2
cat_threshold=32768 4194306
is_linear=0
shrinkage=0.05


Tree=85
num_leaves=31
num_cat=0
split_feature=10 35 6 0 0 3 28 32 21 2 16 9 11 31 1 9 8 10 1 36 17 9 28 17 32 31 26 11 9 16
split_gain=1.25777 1.48103 3.82035 1.38859 2.09971 1.515 3.55593 6.2804 4.25752 3.51348 3.6501 3.26556 2.58584 2.00027 1.86486 1.57249 2.20918 1.52297 1.94918 2.11554 2.18406 1.59744 2.08137 3.81403 3.49677 4.75292 5.77365 4.244 4.30725 4.58368
threshold=0.18499483619326948 0.00064097708594721455 6.5000000000000009 9.7275000000000009 10.868500000000003 434.50000000000006 0.019119369226155005 0.00050630852136966599 6.5000000000000009 554.50000000000011 -2.4668403658694976e-05 30.000000000000018 35710.000000000007 0.011249183596314294 16073.500000000002 248.9250000000001 2720.8000000000015 0.21404529542615602 7488.0000000000009 0.066930171277997372 -184.49999999999997 449.76333333333338 0.012472336055596377 12307.000000000002 0.00040823354633654781 0.0032788312021931622 68.500000000000014 8020.5000000000009 173.35916666666671 0.1968049269331599
decision_type=2 2 2 2 2 2 2 2 2 2 2 8 8 2 2 10 2 2 2 2 2 10 2 2 2 2 2 10 10 2
left_child=1 2 -1 -2 -5 17 7 8 9 -7 -11 -12 -9 -13 -8 16 -10 18 -6 20 -20 22 23 -19 25 -24 -27 28 29 -28
right_child=3 -3 -4 4 5 6 14 12 15 10 11 13 -14 -15 -16 -17 -18 21 19 -21 -22 -23 24 -25 -26 26 27 -29 -30 -31
leaf_value=-0.050585241316046359 -0.052496226450988642 -0.050625110207294544 0.054986219152562348 0.047131236316585577 -0.051083687803311129 -0.04014189718726166 -0.051654814274989518 0.0089715799592052798 0.080527778691455693 0.15511909531359455 0.19527012862544013 0.035075707337931639 0.12772551332420665 -0.051134812249107868 0.023094681840746159 0.071683153888665169 -0.028428331275755777 -0.018953362264658588 0.056336799794856819 0.14447146153399712 -0.050755488200615387 0.027845054858339331 -0.052150090162291156 0.036478405554089259 -0.0010114652980427099 0.0025963795509346558 0.045270375994850939 -0.012312377475544943 -0.009606613695563801 0.11975276907907861
leaf_weight=1.8290346954017871 1.2513927705585945 2.6936116357101128 1.612363383406773 2.3716187328100196 0.58134492393583004 9.2387537857284858 6.1938552698120466 0.72358616883866367 0.69129852601326991 0.4321603660937402 0.1987599204294378 1.1681275330483916 1.2507939361967146 1.5868444165680555 0.96429456933401514 1.7106614373624323 1.4226313920225946 26.088524620514367 2.0075414780294532 0.48611960187554348 0.62409284117165942 5.266276483424007 2.2612186155747649 3.5221291084308168 162.99527707102243 15.26111525075976 4.8320745333330688 2.3381991926580659 1.724579864181577 3.6078956617275253
leaf_count=254 70 413 64 42 44 989 453 32 22 11 4 50 19 148 51 13 58 2346 49 15 64 128 134 147 7024 856 203 122 50 139
internal_value=-0.00047952 -0.0228571 -0.00112291 4.68844e-05 0.000300216 -0.000131646 -0.0116784 -5.87117e-05 -0.0101726 -0.0241736 0.0193976 -0.000459831 0.0842036 -0.0145809 -0.0415851 0.0360434 0.00720256 0.00114379 0.032969 0.0486417 0.0309398 0.000627222 -1.66087e-05 -0.0123599 0.00187693 0.017557 0.0232343 0.0484253 0.0623971 0.0771099
internal_weight=266.936 6.13501 3.4414 260.801 259.55 257.178 25.5818 18.4236 16.4492 12.6246 3.38589 2.95373 1.97438 2.75497 7.15815 3.82459 2.11393 231.596 3.6991 3.11775 2.63163 227.897 222.631 29.6107 193.02 30.0251 27.7639 12.5027 10.1646 8.43997
internal_count=14014 731 318 13283 13213 13171 1850 1346 1295 1202 213 202 51 198 504 93 80 11321 172 128 113 11149 11021 2493 8528 1504 1370 514 392 342
is_linear=0
shrinkage=0.05


Tree=86
num_leaves=31
num_cat=0
split_feature=23 25 22 34 17 2 15 32 6 32 22 36 36 10 0 0 31 8 24 10 7 11 17 31 7 26 9 24 0 3
split_gain=1.22022 1.69153 1.2059 1.22591 2.71179 4.63073 4.86014 2.36351 3.21116 4.08008 2.60434 2.76133 2.26828 2.21895 2.14455 1.97434 1.92763 2.05497 1.91853 1.74618 2.67712 3.12904 3.56001 3.80492 3.49943 2.58202 2.41783 2.37991 2.29677 3.91635
threshold=192.50000000000003 190.50000000000003 41.500000000000007 1.0000000180025095e-35 12307.000000000002 130.50000000000003 3.1837586325030691 0.00038754048310425156 3.5000000000000004 0.0003766676795613658 8.5000000000000018 0.019842575957748007 0.1101010101010101 1.942927953352964 9.7275000000000009 10.868500000000003 0.016538281190361593 226.02650000000003 108.50000000000001 2.2831398951604189 59.166500000000006 13133.500000000002 2602.5000000000005 0.013389245756237518 24.615999999999989 257.50000000000006 67.634015151515158 151.50000000000003 108.97500000000001 402.50000000000006
decision_type=2 2 2 2 2 2 2 2 2 2 2 2 2 2 2 2 2 2 2 2 2 8 2 2 2 2 10 2 2 2
left_child=1 2 3 14 7 6 -6 8 -5 10 11 -10 13 -7 -1 16 17 -16 -13 25 21 22 23 24 27 28 -24 -21 29 -17
right_child=-2 -3 -4 4 5 12 -8 -9 9 -11 -12 18 -14 -15 15 19 -18 -19 -20 20 -22 -23 26 -25 -26 -27 -28 -29 -30 -31
leaf_value=-0.051795135034748654 -0.05060492666205707 0.076426016032973956 -0.050094254535438476 -0.039912356732621279 0.17458295723770489 -0.03905120959583331 -0.0046735294285915763 -0.031860290818373764 0.048341100899725375 0.12552956520651262 -0.031965454330982718 -0.050844946772627186 0.058751158581341702 0.034120899444915899 -0.052950131661171657 0.0020244767870480859 0.087848377667360963 0.063872476051293536 0.091866106202802347 -0.05485818832221722 -0.039482570119600803 -0.032473940559030488 0.088960132272114856 -0.058075402842462279 0.068548700214522418 -0.050980019061556872 0.0032914845823468473 0.033014390830708167 0.01090397102938781 -0.028312633832704704
leaf_weight=1.9003727596718807 1.2081864466890682 0.7174837589263906 1.2176170477177937 3.9415308352327001 0.85037825722247251 3.4838031218387187 0.68089415342546999 13.003593638190067 3.8477724900003487 0.75197214167565185 3.1777885439805686 1.4509922943543641 1.2225086777471004 1.4746457068249581 0.76242532860487633 123.26663640607148 1.2993523101322351 0.74355514743365347 0.28112954972311843 1.7031326424330528 6.4108347375877193 5.4274878082796922 2.1284501645714049 2.3555534356273711 2.0905812615528703 2.2312070261687031 1.3434697571210561 1.4071803130209444 64.058405763003975 11.64315307815559
leaf_count=144 177 4 775 376 16 244 32 908 150 31 214 160 50 53 26 6184 19 23 4 60 294 235 28 70 41 177 42 30 2367 1080
internal_value=-0.000470729 -0.000242049 -0.000450289 -0.000220398 -0.00905464 0.0170343 0.0948749 -0.0166602 -0.00196595 0.013762 0.00416511 0.0247417 -0.00224992 -0.0172898 0.00109899 0.00154206 0.0432277 0.00472927 -0.0276824 0.00102015 -0.0120728 -0.0013946 0.0139007 -0.00535525 0.0185224 0.00250819 0.0558104 -0.0151025 0.003108 -0.000593714
internal_weight=266.082 264.874 264.156 262.939 34.167 7.71223 1.53127 26.4548 13.4512 9.50966 8.75768 5.57989 6.18096 4.95845 228.772 226.871 2.80533 1.50598 1.73212 224.066 22.8667 16.4559 11.0284 7.55645 5.20089 201.199 3.47192 3.11031 198.968 134.91
internal_count=14014 13837 13833 13058 2238 395 48 1843 935 559 528 314 347 297 10820 10676 68 49 164 10608 800 506 271 201 131 9808 70 90 9631 7264
is_linear=0
shrinkage=0.05


Tree=87
num_leaves=31
num_cat=0
split_feature=35 35 35 35 35 35 2 2 24 1 35 23 28 35 1 0 36 35 36 0 35 28 35 35 9 35 10 3 36 36
split_gain=1.20674 1.30238 1.90951 1.37752 2.40909 1.99524 5.74814 5.93722 4.12719 4.97555 3.21019 3.81878 3.52948 2.97307 2.32113 2.29866 2.18552 3.31138 2.90245 4.3776 4.20962 4.30376 3.9473 4.99305 4.92621 3.58883 2.95278 2.73702 2.37254 8.10988
threshold=3.1908250497968614e-05 3.200087524367237e-05 3.2520945857565299e-05 3.2637812449326334e-05 3.3222145732465153e-05 4.6036933807888434e-05 397.00000000000006 264.50000000000006 80.500000000000014 10112.500000000002 4.1460408531381256e-05 50.500000000000007 0.010842682844721842 4.7567433583959725e-05 2888.5000000000005 38.985000000000007 0.22619047619047619 9.3629489186273582e-05 0.28333333333333338 112.99500000000002 7.3664723200334814e-05 0.024378266241417645 6.4780253982405338e-05 6.0729230969432512e-05 149.51219999999998 5.311749636602766e-05 0.29358959575122373 192.50000000000003 0.073638642059694712 0.071451355661881988
decision_type=2 2 2 2 2 2 2 2 2 2 2 2 2 2 2 2 2 2 2 2 2 2 2 2 8 2 2 2 2 2
left_child=-1 -2 -3 -4 -5 6 7 14 15 -10 -8 12 -12 -7 -6 -9 28 18 20 22 -18 26 23 24 25 -20 -22 -23 29 -15
right_child=1 2 3 4 5 13 10 8 9 -11 11 -13 -14 16 -16 -17 17 -19 19 -21 21 27 -24 -25 -26 -27 -28 -29 -30 -31
leaf_value=-0.050349052662090422 0.060863218475099359 -0.050785334030398671 0.045315251081947165 -0.050988242026875519 0.095867131057379318 -0.051367603475747758 -0.051113743842516907 0.13439371120524421 0.065736370731871621 0.23817768616103058 0.085335239573835264 0.12027682669038925 -0.050899310092332006 -8.9553582878495065e-05 -0.051245223971394228 0.012164448483816648 0.10078158248164018 -0.051798865094771489 0.14688823693624384 -0.051605588868563229 0.12522273565654909 0.013864421392898188 -0.051634036936058628 0.11406871918953404 -0.026464995357617389 6.9305516708504611e-05 -0.051213545685070305 0.10349816135190877 -0.011230669719246088 0.098591592528067817
leaf_weight=1.2066027732798819 0.86942053213715453 1.8695657296339039 1.6609963681548823 2.3289630045182994 0.33865844272076895 2.877478751121088 2.8615309541346505 0.52621216210536692 0.83608719496987738 0.83715293626300991 0.68139522569254118 0.75391314039006818 1.5727386681828646 170.87136924703373 1.2874274988425893 1.4297941364347933 2.331949541345244 1.6723859843332309 0.93008678313344517 2.628038483671844 0.26774096628651056 1.7707919622771444 1.434591385303065 1.6789038386195896 2.8822552117053419 0.75336487148888409 2.0744656538590789 1.6408678293228147 50.234535202616826 2.10770822293125
leaf_count=237 47 259 53 218 17 210 240 26 27 16 32 8 128 8809 98 49 28 103 17 136 10 37 87 47 148 32 129 8 2717 41
internal_value=-0.000460044 -0.000232037 -0.000433896 -7.35991e-05 -0.000363999 9.42622e-05 0.0208062 0.0587891 0.0943625 0.152012 -0.0132019 0.0228633 -0.00971739 -0.000841802 -0.0206067 0.045047 -0.000244188 0.0155622 0.0216869 0.00409492 0.044112 0.0211448 0.0231572 0.0403392 0.0132273 0.081185 -0.0310449 0.0569746 -0.00166507 0.00111285
internal_weight=265.217 264.01 263.141 261.271 259.61 257.281 11.1249 5.25533 3.62925 1.67324 5.86958 3.00805 2.25413 246.157 1.62609 1.95601 243.279 20.0654 18.3931 10.3072 8.08582 5.75387 7.6792 6.24461 4.56571 1.68345 2.34221 3.41166 223.214 172.979
internal_count=14014 13777 13730 13471 13418 13200 641 233 118 43 408 168 160 12559 115 75 12349 782 679 467 212 184 331 244 197 49 139 45 11567 8850
is_linear=0
shrinkage=0.05


Tree=88
num_leaves=31
num_cat=0
split_feature=10 35 6 0 0 1 23 23 0 24 9 2 6 6 3 0 10 8 35 31 27 15 6 1 1 22 6 10 10 26
split_gain=1.22124 1.36006 3.3495 1.24101 1.83887 2.97749 2.49295 3.02009 2.34395 4.65733 5.77133 5.43261 4.91641 14.4979 4.10167 4.09895 2.3323 2.25202 2.35197 4.05674 2.07153 2.66001 2.74701 2.00356 3.68166 3.35936 5.15981 3.19129 2.93438 2.8664
threshold=0.18499483619326948 0.00064097708594721455 6.5000000000000009 9.7275000000000009 15.052500000000002 5779.5000000000009 42.500000000000007 101.50000000000001 30.014500000000002 118.50000000000001 53.27214285714286 365.50000000000006 56.500000000000007 58.500000000000007 324.50000000000006 30.943000000000001 0.19744349957972848 253.45100000000002 0.0003634293694323948 0.016269595542487386 0.083659741425776105 4.407363356486047 8.5000000000000018 6399.0000000000009 6951.5000000000009 23.500000000000004 24.500000000000004 0.79420010689514431 0.66676781602291568 102.50000000000001
decision_type=2 2 2 2 2 2 2 2 2 2 10 2 2 2 2 2 2 2 2 2 2 2 2 2 2 2 2 2 2 2
left_child=1 2 -1 -2 5 -5 17 -8 9 12 11 14 20 -14 -11 -10 -12 18 19 -7 21 -6 -23 25 -25 26 -17 28 -27 -26
right_child=3 -3 -4 4 8 6 7 -9 15 10 16 -13 13 -15 -16 23 -18 -19 -20 -21 -22 22 -24 24 29 27 -28 -29 -30 -31
leaf_value=-0.05055076152460139 -0.05225271416737351 -0.050587865069996879 0.049910241409150465 -0.038275601481047049 -0.051867934926547545 -0.052385700511355819 -0.055126117880830584 0.054912598793808533 0.076316018719731593 0.048711467626245668 0.091478865109690499 -0.050671962159349715 0.47534710437049799 -0.050498450720555754 0.20317179740208835 0.007555132003988935 -0.050737310323831546 0.011465103044061167 0.11316944421457804 0.095936191912806057 0.011576321779142796 -0.052581932597137795 0.065418258940498783 -0.05125917212845682 0.0030790840466215267 0.025679600340577126 -0.044750331905538732 -0.015403970830376227 0.13919445443202902 -0.012338202426860361
leaf_weight=1.7158785479841747 1.1288110483437765 2.5374363738810644 1.606549010495655 1.7706517046317447 11.225432459847069 0.78676420100964461 1.4757381659001114 1.0797969473060218 1.7865686756558705 0.83715216512791746 0.33992892969399724 0.56509871373418707 0.18775284383446056 0.43422901316080242 0.88328456948511302 76.220185057725757 1.8976505306200122 2.3324173674918711 1.9024488241411743 1.1134132989682255 2.0509337168186912 0.91636627004481752 1.0680902346502987 3.9044034227263174 91.231716024049092 1.0294684402178971 5.0258766906335941 1.089526731520891 1.2736748121678827 45.028008850291371
leaf_count=254 70 413 64 70 822 35 44 11 20 46 15 67 3 87 12 2656 203 51 19 16 35 49 26 273 5286 42 216 30 10 3069
internal_value=-0.000452738 -0.0230243 -0.00197317 5.8761e-05 0.000288119 0.0208209 0.0328614 -0.00863117 -0.000581524 -0.0168124 0.0279492 0.0838328 -0.0295596 0.108234 0.128013 0.000880175 -0.0291321 0.050145 0.0738701 0.0345238 -0.0351757 -0.0424342 0.0109291 0.000280666 -0.00338739 0.00635508 0.00431952 0.0551017 0.0884551 -0.00201567
internal_weight=264.445 5.85986 3.32243 258.585 257.457 10.4612 8.69058 2.55554 246.995 20.4059 4.52311 2.28554 15.8828 0.621982 1.72044 226.589 2.23758 6.13504 3.80263 1.90018 15.2608 13.2099 1.98446 224.803 140.164 84.6387 81.2461 3.39267 2.30314 136.26
internal_count=14014 731 318 13283 13213 246 176 55 12967 1365 343 125 1022 90 58 11602 218 121 70 51 932 897 75 11582 8628 2954 2872 82 52 8355
is_linear=0
shrinkage=0.05


Tree=89
num_leaves=31
num_cat=0
split_feature=25 23 0 23 23 32 35 36 35 11 10 21 1 35 35 2 2 35 0 35 1 3 1 3 24 32 1 23 2 24
split_gain=1.15729 2.85465 3.69971 2.82345 2.76637 3.30893 2.6637 2.36791 2.2852 4.0371 1.8515 1.56941 1.54212 1.44352 4.78982 4.09075 6.89931 4.89675 4.16806 4.15976 3.69981 4.54857 3.10759 4.58425 6.49765 4.71144 3.79466 3.855 3.30884 3.08715
threshold=82.500000000000014 69.500000000000014 65.127000000000024 74.500000000000014 94.500000000000014 0.00045372452994884904 0.00060905300806477348 0.065288434214265431 0.00021831119118480755 6034.5000000000009 0.50456857820972101 4.5000000000000009 16873.500000000004 9.3629489186273582e-05 0.00011932770848110564 391.50000000000006 383.50000000000006 8.5481474656093974e-05 58.975000000000009 6.3290931851652589e-05 12373.500000000002 470.50000000000006 15886.000000000002 328.50000000000006 79.500000000000014 0.00052350732652583305 16561.000000000004 30.500000000000004 360.50000000000006 67.500000000000014
decision_type=2 2 2 2 2 2 2 2 2 10 2 2 2 2 2 2 2 2 2 2 2 2 2 2 2 2 2 2 2 2
left_child=1 13 3 11 -2 -6 -4 8 -7 10 -10 -3 -9 15 -15 16 17 19 -19 22 21 -18 23 29 28 -26 -24 -28 -25 -1
right_child=4 2 6 -5 5 7 -8 12 9 -11 -12 -13 -14 14 -16 -17 20 18 -20 -21 -22 -23 26 24 25 -27 27 -29 -30 -31
leaf_value=0.010499556112868551 -0.055276344894848201 0.061724630003313276 0.027469947794241424 -0.053374909130898956 -0.051172492901202841 0.09442829511098616 0.11691637831374505 -0.052286829636178249 -0.050790188618911727 -0.059153181727744565 0.042381562967654718 -0.015358614931084836 0.056974037693960006 -0.041102828220650971 -0.00096691048603591396 -0.0065847582193435525 -0.050842616606010173 -0.052048691030491472 0.072117595104363677 -0.04251499838930059 0.17828377508217497 0.16649243134835132 0.12962187158175387 -0.050964570475692417 0.22052035092286359 0.046060679998254063 -0.051075433226050293 0.10260253077732846 0.15627411089144022 -0.051193446611751126
leaf_weight=4.5090745965717449 3.1671895419713136 1.6340882717631751 1.750394899165258 1.5778262750245629 2.8366644058260126 0.97299392428248932 1.5869568344205616 1.9712181510403746 0.59690661367494602 1.5327649826649574 4.9965234003029764 1.1080956174992023 0.38621997158043075 7.7583430785452938 177.53545464068884 28.039029627572745 0.56509380112402041 0.78701490070670743 4.7861252590082586 4.2164818027522406 1.0002461597323415 0.41943265497684479 1.1744902196805918 1.2767885552020737 0.71414427552372195 0.8447762792930007 0.98632639937568434 0.69606039975769818 0.22682512970641244 3.6850074416724965
leaf_count=242 134 32 35 69 291 19 20 113 67 67 78 23 17 533 9528 1719 50 47 70 270 13 4 22 123 21 27 92 6 6 276
internal_value=-0.00044603 0.000409852 0.0304613 -8.60308e-05 -0.0132827 -0.00327757 0.070003 0.00971532 0.0225521 0.0127383 0.0324387 0.0305759 -0.0343866 -0.000552082 -0.00264742 0.00664754 0.0209794 0.0135414 0.0545834 0.00106283 0.110556 0.0417475 0.0140819 0.00226225 0.054455 0.125981 0.0606537 0.0125063 -0.0197019 -0.0172448
internal_weight=263.339 246.878 7.65736 4.32001 16.4605 13.2933 3.33735 10.4566 8.09919 7.12619 5.59343 2.74218 2.35744 239.221 185.294 53.9269 25.8879 23.9031 5.57314 18.33 1.98477 0.984526 14.1135 11.2566 3.06253 1.55892 2.85688 1.68239 1.50361 8.19408
internal_count=14014 13228 179 124 786 652 55 361 231 212 145 55 130 13049 10061 2988 1269 1202 117 1085 67 54 815 695 177 48 120 98 129 518
is_linear=0
shrinkage=0.05


Tree=90
num_leaves=31
num_cat=0
split_feature=7 0 8 22 8 3 3 8 10 7 8 10 31 10 8 28 3 11 28 32 9 2 1 0 0 9 36 36 10 27
split_gain=1.14416 1.49435 2.02953 1.36941 1.32885 2.96017 3.83126 4.3573 3.41061 3.3273 2.60622 1.91158 2.27853 1.78161 1.90602 2.49353 1.76708 3.85758 2.21188 5.39606 1.96648 2.36863 4.00979 3.29867 3.26599 1.89209 1.87412 4.53083 4.24802 4.0716
threshold=1529.6750000000013 225.50000000000003 38593.640000000021 29.500000000000004 6748.1599999999999 124.50000000000001 324.50000000000006 6890.220000000013 0.42518168128133488 1042.9400000000003 5782.2150000000056 1.5093465711131804 0.0056767556131627666 0.45940080363645747 8985.6500000000051 0.0084920492615978126 402.50000000000006 111295.50000000001 0.019119369226155005 0.0005159387433487805 449.76333333333338 554.50000000000011 6056.0000000000009 197.25000000000003 12.366000000000001 117.90550505050514 0.0086108794208731975 0.0098299633183354124 0.76551240049191416 0.025471587363872922
decision_type=2 2 2 2 2 2 2 2 2 2 2 2 2 2 2 2 2 10 2 2 10 2 2 2 2 8 2 2 2 2
left_child=3 -2 -3 4 10 -6 7 -7 -8 11 16 -9 -13 -10 15 -15 26 18 19 20 21 24 23 25 -18 -23 -1 28 -28 -30
right_child=1 2 -4 -5 5 6 8 9 13 -11 -12 12 -14 14 -16 -17 17 -19 -20 -21 -22 22 -24 -25 -26 -27 27 -29 29 -31
leaf_value=-0.027622819579632887 -0.050585258732873173 -0.025414417584567913 0.077796269878316324 -0.050402909671424516 0.064947192863118883 0.10337397917337642 -0.053124222728143156 -0.051898448011498489 0.12320309436673248 0.049949760283099179 -0.043498024484266692 0.089830528004130439 -0.030968403239330273 0.080930170987834921 0.062020138412750718 -0.051618298725353763 0.15604607310465765 0.054804161746728003 -0.043054134024795063 0.088858037883157936 0.055776351756170198 0.084407935003655926 -0.051134051779410099 0.096655614940690096 -0.03721880969929469 -0.051855122489946261 0.068542442583623214 0.00067546181515688039 0.12731186303578898 -0.025129577014600064
leaf_weight=5.3972503107506773 2.5761062762467182 1.6225601754849779 0.67422835808247317 1.3397555451956566 2.4083327460102764 0.71996699366718431 0.92670908092986692 5.6005059147719276 0.73240627907216538 1.2757045445032416 3.5071796672418705 0.57124393666163076 1.2328173620626328 0.54326148657128204 3.1033923244103789 1.0228936236817388 0.22315119812266004 1.9741884989198286 6.4084111611591643 1.3106422652490426 0.88718690816313106 0.3561125653795908 1.6698084452655164 1.5134021574631331 10.716523705283178 0.89507604087702941 4.8592321067117137 194.66552653233521 0.51124947657808695 3.0582626019604504
leaf_count=412 691 96 43 478 26 22 72 382 7 52 233 10 51 5 47 53 3 65 488 21 15 13 178 19 1047 54 178 9112 11 130
internal_value=-0.000438654 -0.0244407 0.00488335 1.56804e-05 0.000279449 0.0133253 0.00542118 -0.0148266 0.0354961 -0.0246305 -0.000714928 -0.0374797 0.00728177 0.050699 0.0393269 -0.00564043 -7.49175e-05 -0.012378 -0.0179088 -0.00873838 -0.0166046 -0.0207814 0.010044 0.0469955 -0.0332765 -0.013072 0.00145666 0.00222945 0.0381194 -0.00329589
internal_weight=262.303 4.87289 2.29679 257.43 256.09 18.1372 15.7289 9.40024 6.32866 8.68027 237.953 7.40457 1.80406 5.40195 4.66955 1.56616 234.446 25.9545 23.9803 17.5719 16.2613 15.3741 4.4344 2.76459 10.9397 1.25119 208.492 203.094 8.42874 3.56951
internal_count=14014 830 139 13184 12706 727 701 517 184 495 11979 443 61 112 105 58 11746 1903 1838 1350 1329 1314 264 86 1050 67 9843 9431 319 141
is_linear=0
shrinkage=0.05


Tree=91
num_leaves=31
num_cat=1
split_feature=7 24 3 9 10 26 0 9 1 31 31 16 16 24 0 24 16 16 21 31 36 36 25 20 26 24 25 10 1 1
split_gain=1.14409 3.49834 1.95119 2.01116 3.2782 2.32826 2.13609 1.94618 1.91053 1.8863 5.00794 2.1932 3.21969 2.11173 2.11143 2.78584 1.69659 3.98534 1.69304 1.66002 1.60404 6.36517 5.1287 3.39838 3.95975 3.31255 3.42243 3.14124 3.01264 3.76625
threshold=209.9499999999999 103.50000000000001 164.00000000000003 179.05919612403102 0.67351795525286884 8.5000000000000018 400.27000000000004 45.914445175438608 9482.5000000000018 0.01251614642880107 0.012190771705078094 0.27678049994392528 0.40583319123162259 94.500000000000014 947.95000000000016 11.500000000000002 1.5192700757580417 1.5495426343879071 15.500000000000002 0.0077291979259379211 0.024134199134199136 0.034105422566048753 20.500000000000004 0 176.50000000000003 165.50000000000003 74.500000000000014 0.28094580717725876 2706.5000000000005 6399.0000000000009
decision_type=2 2 2 10 2 2 2 10 2 2 2 2 2 2 2 2 2 2 2 2 2 2 2 9 2 2 2 2 2 2
left_child=20 2 3 5 -5 7 -6 -2 -4 10 11 13 -13 -10 15 -11 18 -18 -3 -14 22 -22 -1 25 -25 26 27 -23 -29 -30
right_child=1 16 8 4 6 -7 -8 -9 9 14 -12 12 19 -15 -16 -17 17 -19 -20 -21 21 23 -24 24 -26 -27 -28 28 29 -31
leaf_value=0.014385562722032258 -0.052110405956779182 -0.04161744979632661 -0.024771953309728329 0.12055251014719214 -0.037308922151255697 -0.05122411064927878 0.05665230419645037 0.050664612445082503 -0.040109740615317475 0.047880523690074339 0.20149064832691232 0.11651890576503164 0.04825323758421643 0.069423791832744955 0.073561703528054759 -0.042192250424738453 0.27539571649547528 -0.050651938739794393 0.019406104377529879 -0.050862293141091953 -0.03350592142456045 -0.051141801913776888 -0.02172849909244674 -0.0052099491733634271 -0.050844705528552137 0.030064489078259867 -0.028937529225719811 -0.022838039952412157 0.029267141602067216 0.0035684693360271227
leaf_weight=52.400036601116881 0.59709845785983207 10.061476783710527 8.5381461466895434 1.1296026888303461 1.0295507898554208 1.4855259604519231 1.4663765137083826 2.0153328571468592 2.1485891044139849 1.0784382924903182 0.38222004938870657 1.0134873867500576 0.94715922279283382 0.5533595592714845 0.6221657833084463 4.2080570972757414 0.14859400689601976 0.2538027444970794 1.2813671862240887 0.76255213527474552 14.343161012511699 2.2757230476709074 12.101278663729316 41.811967892223038 5.3632660458097225 13.667565117822958 7.4078012396348631 6.9247823208570471 21.030979573493823 44.263078116695397
leaf_count=2099 33 978 1068 19 29 158 16 38 159 31 11 39 24 13 8 378 1 66 66 67 1024 195 498 3146 536 477 234 295 495 1813
internal_value=-0.000429475 -0.0082435 0.00137053 0.0227533 0.0498792 -0.00124543 0.017894 0.0271743 -0.00678333 0.00632602 0.0265627 0.0142385 0.0459051 -0.0176773 -0.0135638 -0.0238175 -0.0311445 0.0697485 -0.0347238 0.0040465 0.000971294 -0.00175464 0.0076101 0.00143576 -0.00857945 0.00658786 0.00347452 0.0066976 0.00852021 0.0118459
internal_weight=261.313 39.7229 27.9777 7.72349 3.62553 4.09796 2.49593 2.61243 20.2542 11.716 5.80737 5.42515 2.7232 2.70195 5.90866 5.2865 11.7452 0.402397 11.3428 1.70971 221.59 157.088 64.5013 142.745 47.1752 95.5699 81.9024 74.4946 72.2188 65.2941
internal_count=14014 3202 2091 293 64 229 45 71 1798 730 313 302 130 172 417 409 1111 67 1044 91 10812 8215 2597 7191 3682 3509 3032 2798 2603 2308
cat_boundaries=0 2
cat_threshold=269123588 4194306
is_linear=0
shrinkage=0.05


Tree=92
num_leaves=31
num_cat=0
split_feature=35 35 35 35 35 0 35 2 2 28 32 35 23 31 35 1 24 36 35 36 0 35 24 35 9 35 28 10 3 11
split_gain=1.13126 1.1516 1.7801 1.20443 2.24719 1.80693 1.62002 4.38176 4.10895 2.97888 5.06195 2.97443 3.25239 3.09123 2.77167 2.10168 2.02048 1.81941 2.89607 2.38455 3.92367 3.3856 4.05363 3.9503 4.77006 3.30974 3.74166 2.55694 2.35783 2.13899
threshold=3.1908250497968614e-05 3.200087524367237e-05 3.2520945857565299e-05 3.2637812449326334e-05 3.3222145732465153e-05 149.97500000000002 4.6036933807888434e-05 397.00000000000006 264.50000000000006 0.016543918862876424 0.00052350732652583305 4.1460408531381256e-05 50.500000000000007 0.016269595542487386 4.7567433583959725e-05 2888.5000000000005 17.500000000000004 0.22619047619047619 9.3629489186273582e-05 0.28333333333333338 112.99500000000002 6.4780253982405338e-05 31.500000000000004 6.0729230969432512e-05 80.143452380952382 7.3664723200334814e-05 0.024378266241417645 0.29358959575122373 192.50000000000003 22523.500000000004
decision_type=2 2 2 2 2 2 2 2 2 2 2 2 2 2 2 2 2 2 2 2 2 2 2 2 8 2 2 2 2 10
left_child=-1 -2 -3 5 -5 -4 7 8 15 16 -11 -9 13 -13 -8 -6 -10 29 19 25 21 22 -21 24 -24 -19 27 -27 -28 -16
right_child=1 2 3 4 6 -7 14 11 9 10 -12 12 -14 -15 17 -17 -18 18 -20 20 -22 -23 23 -25 -26 26 28 -29 -30 -31
leaf_value=-0.05032998191001388 0.056143595691647501 -0.050747184100700872 -0.0052701088399776108 -0.05094451171404505 0.086552358504643059 0.099144957556987851 -0.051307214827928542 -0.051032180250576854 0.10892326017184568 0.1641852423797302 0.036662658682993558 -0.050853309441081157 0.10958302941526943 0.075428369955813493 0.00061022118168137468 -0.051174439041622534 -0.051498186780344152 0.088913093321261266 -0.051692687539028108 -0.028490976794518393 -0.051505790857780093 -0.05154544521960569 0.1139280759877184 0.12768148915450861 -0.015838050697897545 0.10761838874130764 0.012614566662595967 -0.051175038215497071 0.096380099876356679 -0.013042617282666789
leaf_weight=1.1305184235097829 0.9035751058254381 1.7439018826698873 0.91033895360305794 2.1748304495122275 0.36100945621728708 0.76045978628098965 2.6822834180202326 2.6475111293839291 0.28316892310976971 1.546436323784292 1.5664380495436487 1.4734405565541244 0.77924106409773219 0.72210437920875836 185.05751639680238 1.1902149345260111 0.63964216248132288 2.4341840296983772 1.5313028870150436 1.748874468030406 2.4385248497128487 1.322285058442503 1.0813018463086339 1.4967330307699738 2.0522656394168735 0.29104771674610708 1.7640002300031485 1.9656086808536199 1.6039414405822752 33.95132912392728
leaf_count=237 47 259 39 218 17 14 210 240 7 29 40 128 8 32 9783 98 42 28 103 81 136 87 26 29 108 10 37 129 8 1784
internal_value=-0.000422375 -0.000204636 -0.000401812 -5.94898e-05 -0.000336947 0.0422541 9.87205e-05 0.0186805 0.0500407 0.0766252 0.100014 -0.0124822 0.0218266 -0.00931986 -0.000764034 -0.0191219 -0.00227211 -0.000196171 0.0143464 0.0199031 0.00376813 0.0212696 0.0363628 0.0608582 0.0289404 0.040205 0.0191253 -0.030695 0.0525069 -0.00150628
internal_weight=260.254 259.124 258.22 256.476 254.805 1.6708 252.63 11.2092 5.58691 4.03569 3.11287 5.6223 2.97479 2.19554 241.421 1.55122 0.922811 238.739 19.7301 18.1988 10.14 7.70146 6.37917 4.6303 3.13357 8.05878 5.6246 2.25666 3.36794 219.009
internal_count=14014 13777 13730 13471 13418 53 13200 641 233 118 69 408 168 160 12559 115 49 12349 782 679 467 331 244 163 134 212 184 139 45 11567
is_linear=0
shrinkage=0.05


Tree=93
num_leaves=31
num_cat=0
split_feature=9 7 7 10 31 2 7 0 9 3 0 21 28 11 27 6 17 3 24 17 16 16 10 10 1 17 17 9 10 7
split_gain=1.09425 1.17354 2.42733 4.28475 7.00809 4.42331 3.61597 3.25109 2.3634 2.52606 2.40073 2.35426 2.40654 2.34126 2.20763 2.51077 2.93946 4.35396 2.33434 2.32954 2.1489 2.48183 2.90479 2.51885 2.332 1.96498 1.91373 2.9662 1.91154 1.81863
threshold=18.464590909090912 171.00000000000048 143.70400000000001 0.80991568820998017 0.0092344715329873098 360.50000000000006 157.94999999999848 225.50000000000003 179.05919612403102 164.00000000000003 149.97500000000002 17.500000000000004 0.010469396952317767 78.500000000000014 0.082505357862155543 47.500000000000007 -212.49999999999997 328.50000000000006 12.500000000000002 2948.0000000000005 -0.00049693946766630602 1.7246648115954668 0.50001953277599831 8.9054193491489588 1211.0000000000002 -307.49999999999994 -4249.9999999999991 141.2226488095238 0.46370634264152538 1370.1499999999944
decision_type=8 2 2 2 2 2 2 2 10 2 2 2 2 10 2 2 2 2 2 2 2 2 2 2 2 2 2 10 2 2
left_child=-1 2 11 4 -4 -6 -7 13 14 10 -10 12 20 -5 15 19 17 18 -17 26 -2 24 28 -24 -22 -19 27 -3 -23 -11
right_child=1 8 3 7 5 6 -8 -9 9 29 -12 -13 -14 -15 -16 16 -18 25 -20 -21 21 22 23 -25 -26 -27 -28 -29 -30 -31
leaf_value=-0.037132279350896233 0.072262723633468043 -0.051089264365652712 -0.03841179429133379 0.046911165065865332 0.0076051735363766504 0.22330350978199942 0.088689925007208695 0.070901809508315192 0.10733206840184269 0.0034291195948944089 0.018841557822596344 -0.051539992429085461 0.0026270171366153732 -0.048882867003647461 0.055423005095143675 0.068514148096825087 -0.022343272315927597 0.049334198540165207 -0.050837200762325799 0.11682854081313652 0.068706237628708949 0.01925238317945327 -0.051280634820625795 0.073076120651620821 -0.034286372199108857 0.1517515431264318 -0.040091586425964408 0.07005624970451689 0.12473226785293939 -0.052355288626130259
leaf_weight=2.0133056323975316 0.65909842029214161 0.97248201409820945 1.150373082607983 0.82274662726558778 0.78978443285450373 0.88069932232610915 1.1506535294465718 1.0933163128793237 1.0385025097057252 12.2633898362983 2.9259385294280946 2.163969218498095 182.47151939244941 2.8381083711283281 1.0285905487835396 0.55617575859651447 6.0436505332472672 1.4988450312521311 1.5554215398151425 0.26132634514942665 0.57383119734004395 1.0447544433409337 1.7645052897278222 0.52935651596635569 13.022888368810525 0.68116588878910977 14.290170087944723 1.0517082889564333 0.72938747284933914 1.658632042701355
leaf_count=86 13 76 95 12 42 24 21 25 25 515 54 169 8095 136 18 10 1189 68 217 6 9 63 141 5 1534 18 1213 29 11 95
internal_value=-0.00041402 -0.000126945 0.00144353 0.0272658 0.0656005 0.108014 0.147052 -0.00475809 -0.00738149 0.00681009 0.042022 0.000333376 0.000892415 -0.027354 -0.0164667 -0.0192145 0.00012675 0.0317701 -0.0194011 -0.0312741 -0.016381 -0.0196885 0.0145748 -0.0225827 -0.0299397 0.0813355 -0.0336464 0.0118543 0.0626174 -0.00321688
internal_weight=259.524 257.511 211.685 8.72568 3.97151 2.82114 2.03135 4.75417 45.826 17.8865 3.96444 202.959 200.795 3.66085 27.9395 26.9109 10.3353 4.29161 2.1116 16.5757 18.3238 17.6647 4.068 2.29386 13.5967 2.18001 16.3144 2.02419 1.77414 13.922
internal_count=14014 13928 10395 355 182 87 45 173 3533 689 79 10040 9871 148 2844 2826 1502 313 227 1324 1776 1763 220 146 1543 86 1318 105 74 610
is_linear=0
shrinkage=0.05


Tree=94
num_leaves=31
num_cat=1
split_feature=23 25 20 36 27 22 2 1 28 3 8 0 0 29 24 32 36 0 32 36 36 35 9 28 10 10 21 22 36 9
split_gain=1.08307 1.41037 1.10747 5.19798 4.47701 3.50746 4.04258 4.79831 3.67822 3.44209 3.71295 3.96382 3.6717 4.22713 3.4403 3.09066 3.03649 4.9716 3.0074 2.97262 5.99747 5.05833 5.02774 4.98228 3.34642 3.417 3.15655 3.53104 2.88869 3.4039
threshold=192.50000000000003 190.50000000000003 0 0.17222222222222225 0.039171408426165059 6.5000000000000009 561.50000000000011 11843.500000000002 0.00090536951502073336 319.50000000000006 2226.3499999999999 167.50000000000003 159.97500000000002 0.021335678967523978 86.500000000000014 0.00048674769211597211 0.16515151515151519 49.975000000000009 0.00048184568105066314 0.038316988872653709 0.023865489207894833 0.0012463302746069404 166.29238461538463 0.019453988027260356 2.2831398951604189 2.190686146925489 8.5000000000000018 26.500000000000004 0.040329357549471409 37.633357142857143
decision_type=2 2 9 2 2 2 2 2 2 2 2 2 2 2 2 2 2 2 2 2 2 2 10 2 2 2 2 2 2 10
left_child=1 2 3 4 5 6 8 -8 -1 10 -7 12 13 14 -12 18 -10 -18 -11 20 21 -4 -23 -24 25 28 -25 -28 29 -21
right_child=-2 -3 19 -5 -6 9 7 -9 16 15 11 -13 -14 -15 -16 -17 17 -19 -20 24 -22 22 23 26 -26 -27 27 -29 -30 -31
leaf_value=0.11642905225834688 -0.050558791485261281 0.07147625646119686 0.01657005082239792 -0.023869583431983553 0.049617177064981907 0.058767323921007399 -0.051127113971770957 0.10447671378192383 -0.020586742165838202 0.0029524797711991992 0.029129844475448242 -0.038436095327003761 0.14586147504365291 -0.02157622215590253 0.13887460590435766 -0.051474055217084883 0.12267879392022066 -0.051411092699270723 0.14510477759210599 -0.023855408721600285 -0.038264769772303642 -0.025371529802474292 -0.010523166134068692 0.099496205578763125 -0.024735675049958984 0.10112210259394264 -0.027684035274624916 0.080286002797948813 0.001417247999645258 0.039733757219195247
leaf_weight=0.54047592077404871 1.0720479928422708 0.6845257394015779 21.559409213718027 12.587887106114065 6.8252462244126937 7.3593950816430214 0.71578788408078198 1.6093736339826135 21.477265894412998 3.8108780374750486 2.9364579791435959 2.8046317335683852 0.63773114117793728 3.2353872286039405 0.94358493818435807 2.7244485976989381 0.97150457091629394 0.70967088779434562 0.41232552472501982 2.6426934821065506 15.033503434038719 28.424894953088369 9.6276220339350385 2.0041854400187722 9.9094893245492113 0.93052025884389777 1.7546778711257505 1.3321395764360202 83.057498353184201 10.333978818031026
leaf_count=10 177 4 779 877 76 179 50 45 1454 279 175 131 4 276 36 196 20 45 3 46 1104 2433 410 53 400 28 73 18 4475 158
internal_value=-0.000406729 -0.00019801 -0.000388981 0.00458935 0.0115916 0.00649163 -0.00633936 0.056575 -0.012512 0.0199208 0.0315052 0.0125019 0.0309282 0.0206272 0.0558186 -0.00995393 -0.0155213 0.0491906 0.0168313 -0.00238272 -0.0098164 -0.00320652 -0.0130891 0.0106308 0.00294044 0.00576885 0.0506353 0.0189113 0.00484492 0.0267839
internal_weight=258.669 257.597 256.913 70.3021 57.7142 50.8889 26.0241 2.32516 23.6989 24.8648 17.9172 10.5578 7.75316 7.11543 3.88004 6.94765 23.1584 1.68118 4.2232 186.611 79.7364 64.7029 43.1435 14.7186 106.874 96.9647 5.091 3.08682 96.0342 12.9767
internal_count=14014 13837 13833 3856 2979 2903 1624 95 1529 1279 801 622 491 487 211 478 1519 65 282 9977 4870 3766 2987 554 5107 4707 144 91 4679 204
cat_boundaries=0 2
cat_threshold=270565385 4194306
is_linear=0
shrinkage=0.05


Tree=95
num_leaves=31
num_cat=0
split_feature=35 10 35 6 0 0 1 17 31 21 0 24 6 6 6 36 1 1 26 26 0 0 9 26 15 16 35 22 35 9
split_gain=1.07071 1.08381 1.29527 2.96745 1.1537 1.66489 2.55588 2.20041 3.43569 2.50042 2.1666 3.04442 4.1663 5.94917 3.95715 4.58011 1.93966 3.51125 2.99663 3.80716 10.329 7.27869 4.00091 4.42854 6.39317 6.94286 4.48517 3.88989 4.0182 3.69748
threshold=3.1908250497968614e-05 0.18499483619326948 0.00064097708594721455 6.5000000000000009 9.7275000000000009 15.052500000000002 5779.5000000000009 -8653.4999999999982 0.016269595542487386 3.5000000000000004 29.984500000000004 118.50000000000001 56.500000000000007 58.500000000000007 7.5000000000000009 0.074342105263157904 6399.0000000000009 6951.5000000000009 102.50000000000001 65.500000000000014 59.975000000000009 68.960000000000022 173.35916666666671 70.500000000000014 1.3971514588657319 0.74542065400860735 6.9450809756599062e-05 10.500000000000002 6.6614874872200275e-05 243.11927546628417
decision_type=2 2 2 2 2 2 2 2 2 2 2 2 2 2 2 2 2 2 2 2 2 2 10 2 2 2 2 2 2 10
left_child=-1 2 3 -2 -3 6 -6 -8 -9 -10 11 12 -7 -14 15 -13 -12 -18 19 -19 -21 -22 23 -23 26 -26 -25 28 -27 -20
right_child=1 4 -4 -5 5 10 7 8 9 -11 16 14 13 -15 -16 -17 17 18 29 20 21 22 -24 24 25 27 -28 -29 -30 -31
leaf_value=-0.050312344467677045 -0.050506823146739224 -0.052103382975878666 -0.050552699019176486 0.046589069047016964 -0.036825783882277183 -0.033481213595690305 0.080852401220827402 -0.024602040738580619 0.096875633541518541 0.015587365884565491 0.0070108453963166825 0.10951869010471336 0.25367423436692377 -0.050464528812517832 -0.050699348356833401 -0.050631956898678714 -0.051184194824876919 -0.0023590279089762277 -0.016349654203035774 -0.050582380338911964 0.2126231504149883 0.10019103673675096 -0.010700510774107516 0.046380881658598869 0.19632705610497958 0.11340391696393276 -0.031848382041160229 0.092620869001410908 -0.0509872435156596 0.037224751302844437
leaf_weight=1.070051287068053 1.5533631410216906 1.0464057519566257 2.3207941893488169 1.5948029761202631 1.6356098845135409 13.411528045893647 1.7799481861293305 2.7484902718570074 1.5814552383963021 2.3543852069415152 83.652701134327799 1.5881396920885889 0.31158625893294889 0.33222637744620442 1.1251355051062999 0.62100310553796578 3.626264458987861 66.546051992918365 40.316178695880808 4.2090149750583832 0.56381835963111626 2.7482513322029289 4.5499177221208802 3.1636544796638173 0.94373438833281387 0.50930670183151994 4.3536540960194543 2.0769895497942343 1.3759904198814181 3.5001581953838459
leaf_count=237 254 70 413 64 69 796 19 96 22 38 2945 41 3 72 136 69 272 3861 2959 577 40 103 164 111 17 4 293 55 98 116
internal_value=-0.000401193 -0.000192684 -0.0222122 -0.00131983 0.00028772 0.000507338 0.0203928 0.0314495 0.0182942 0.0482497 -0.000331158 -0.0173272 -0.0275168 0.0967296 0.0256262 0.0644994 0.000999358 -0.00263197 -0.00132641 0.00384431 0.0206975 0.0354874 0.0304233 0.0427562 0.0300506 0.0744499 0.00107435 0.0454212 -0.00657752 -0.01207
internal_weight=257.211 256.141 5.46896 3.14817 250.672 249.625 10.0999 8.46428 6.68433 3.93584 239.525 17.3896 14.0553 0.643813 3.33428 2.20914 222.136 138.483 134.857 91.0404 24.4943 20.2853 19.7215 15.1716 12.4233 4.90602 7.51731 3.96229 1.8853 43.8163
internal_count=14014 13777 731 318 13046 12976 244 175 156 60 12732 1117 871 75 246 110 11615 8670 8398 5323 1462 885 845 681 578 174 404 157 102 3075
is_linear=0
shrinkage=0.05


Tree=96
num_leaves=31
num_cat=0
split_feature=25 23 32 23 30 0 23 36 35 11 1 1 22 21 1 1 22 6 1 29 32 31 6 9 23 2 11 9 0 6
split_gain=1.04171 2.57906 2.97199 2.55189 3.22315 2.99741 2.35519 2.07083 1.8237 3.65245 1.58505 1.53886 1.8385 1.5242 1.23308 3.96766 2.64825 3.83729 2.50341 3.49223 3.82849 4.67375 3.38703 3.17965 3.02259 3.75019 4.13784 3.0915 2.96889 2.82866
threshold=82.500000000000014 94.500000000000014 0.00045372452994884904 69.500000000000014 0.090443662281262646 65.127000000000024 74.500000000000014 0.065288434214265431 0.00021831119118480755 6034.5000000000009 17640.000000000004 15987.500000000002 2.5000000000000004 20.500000000000004 6399.0000000000009 7213.5000000000009 23.500000000000004 29.500000000000004 5779.5000000000009 0.023152604869369712 0.00050630852136966599 0.012190771705078094 12.500000000000002 26.258875000000007 44.500000000000007 130.50000000000003 873.50000000000011 88.364124999999987 29.984500000000004 11.500000000000002
decision_type=2 2 2 2 2 2 2 2 2 10 2 2 2 2 2 2 2 2 2 2 2 2 2 8 2 2 10 10 2 2
left_child=3 -2 -3 14 5 6 -5 8 -4 11 -9 12 -10 -14 16 -16 17 18 23 20 21 -20 -21 -1 25 26 -25 -28 -27 -26
right_child=1 2 7 4 -6 -7 -8 10 9 -11 -12 -13 13 -15 15 -17 -18 -19 19 22 -22 -23 -24 24 29 28 27 -29 -30 -31
leaf_value=-0.055951199088186236 -0.055154942784939258 -0.051096088739072336 0.086064145460294367 0.039815424441416933 -0.035648299385206923 0.084356089956102581 -0.054002057886579684 -0.052090533731665556 0.04319416186660574 -0.059001731279867811 0.064014133932801351 0.095112765615339198 -0.051773215280897913 0.058376612554760392 -0.043620869760152649 -0.0016152687286926 0.051710572414136562 -0.051694667437625234 -0.051338330645954805 -0.052256043647662224 0.16486018402041516 0.055547609808904441 0.027314101531905322 0.070259162530791217 0.047076479568426172 -0.0515148592808937 0.029094703006821779 -0.051403140987003097 -0.003189381434533694 -0.028331898877349118
leaf_weight=2.3766858312301329 2.9360455746063954 2.5661109194043084 0.95454021962359359 2.3885579230263825 1.5378970978781579 2.7187214698642492 0.92919187364168454 1.848564147949219 2.9897287902422249 1.4228052988182751 0.34953933279030014 0.79849250079132605 1.1980268037877975 0.425641763024032 5.8530495855957261 142.1602151048719 2.8440515967085949 3.1264991438947609 1.2491586948744933 2.2705254207830876 0.63087401818484057 5.6424517796840519 3.2541766921058297 3.5798316523432714 6.257247664849273 3.4270730095449826 3.347082691732794 1.8530585190746931 43.766429554438218 1.5520685063675044
leaf_count=86 134 291 19 43 55 41 40 121 32 67 9 21 87 5 426 9276 70 183 82 98 13 165 38 119 77 263 93 127 1897 36
internal_value=-0.000399025 -0.0129676 -0.00310068 0.000409569 0.0289715 0.0454345 0.0135403 0.00923108 0.0213257 0.0122843 -0.0336277 0.0310257 0.0199334 -0.0228976 -0.000518163 -0.00327634 0.00427475 0.00263617 0.00478075 0.0247975 0.046966 0.0361737 -0.0053874 0.00083329 0.0029492 -0.00111638 0.0288891 0.000409479 -0.00669866 0.0320894
internal_weight=256.254 15.4895 12.5534 240.765 7.57437 6.03647 3.31775 9.98734 7.78924 6.8347 2.1981 5.41189 4.6134 1.62367 233.19 148.013 85.1772 82.3332 79.2067 13.0472 7.52248 6.89161 5.5247 66.1595 63.7828 55.9735 8.77997 5.20014 47.1935 7.80932
internal_count=14014 786 652 13228 179 124 83 361 231 212 130 145 124 92 13049 9702 3347 3277 3094 396 260 247 136 2698 2612 2499 339 220 2160 113
is_linear=0
shrinkage=0.05


Tree=97
num_leaves=31
num_cat=1
split_feature=20 10 28 35 2 2 7 10 1 24 1 16 2 2 35 11 29 2 27 17 26 23 27 1 1 10 2 27 8 8
split_gain=1.02028 1.86325 1.98018 1.07443 1.06531 3.99311 3.39428 4.07492 3.94699 4.40648 4.11016 4.05341 3.22891 7.35737 4.79528 4.59218 3.60336 3.27559 3.62118 3.36316 4.13605 3.14283 3.05039 2.90711 3.61623 3.82521 3.91092 5.79352 3.30877 3.47946
threshold=0 0.57710098202212445 0.018011822126875385 0.00039005914405794304 321.50000000000006 307.50000000000006 100.00000000000004 0.99083692415039482 10573.000000000002 25.500000000000004 12606.000000000002 2.7091736735260752 383.50000000000006 390.50000000000006 7.3664723200334814e-05 168.50000000000003 0.021491149603298544 478.50000000000006 0.021091890567200195 2948.0000000000005 15.500000000000002 20.500000000000004 0.11034079791843769 6172.0000000000009 2583.0000000000005 1.8725169870456766 225.50000000000003 0.022554861525731013 4462.5850000000009 4211.0699999999997
decision_type=9 2 2 2 2 2 2 2 2 2 2 2 2 2 2 8 2 2 2 2 2 2 2 2 2 2 2 2 2 2
left_child=1 -1 -3 -4 5 23 8 -8 9 -7 -10 -12 15 14 -14 16 -6 18 21 -20 -21 -15 -17 24 -2 26 28 -28 29 -26
right_child=4 2 3 -5 12 6 7 -9 10 -11 11 -13 13 17 -16 22 -18 -19 19 20 -22 -23 -24 -25 25 -27 27 -29 -30 -31
leaf_value=-0.027395560977408129 -0.026452736589573939 -0.022914775109162979 0.07482167450435985 0.027935600894330045 0.1181029393471901 0.053508042459813915 -0.027821866027382059 0.028189937458607112 0.099624385186333209 -0.028163282180638551 -0.051128004953941847 0.087696556912369536 0.11535938248855437 -0.051351653851940821 -0.050883829574411982 -0.036610004909884086 -0.015012522549044217 0.0010624714304600204 -0.042401524944382096 0.047493171305615645 -0.036511343361133715 0.063396970868688729 0.10502018143049532 -0.0091240915199430183 0.03674611045746573 -0.029788721943783455 0.12858961187331827 -0.052830716252345256 -0.051249734967629038 0.14902080492239841
leaf_weight=1.2864955181721596 5.4962725748773691 1.0626342226751146 2.553088138345629 2.3434196086600423 0.94507413008250596 3.2421791206579673 6.111385908443479 6.9283350671175867 3.7578175866510719 3.3663609202485532 1.1467678181361409 0.97104915790259827 2.1069175571901719 0.83020058460533919 0.54623750853352238 15.42966620798688 1.1002251142635939 91.731418817304075 13.193898348719815 2.7703924344386897 3.1103857973357663 2.121714299893938 0.38977932557463724 58.591569111915305 15.488038245937798 3.5005395924672476 0.52479736739769611 2.7253431689459822 1.0164111361373205 0.72224091086536724
leaf_count=53 366 55 31 39 19 74 571 246 98 192 116 32 52 63 48 1007 32 4619 898 47 241 51 3 4233 465 111 20 149 68 15
internal_value=-0.000392106 0.0114172 0.0389555 0.0523825 -0.00115148 0.002366 0.0197795 0.00193863 0.0384143 0.011905 0.0682302 0.012525 -0.00421281 -0.00117543 0.0811329 -0.0240052 0.0464963 -0.00309509 -0.0204096 -0.0283848 0.00306258 0.0311249 -0.0331203 -0.00268094 0.0101276 0.0185128 0.02677 -0.0235369 0.0362614 0.0417485
internal_weight=255.111 7.24564 5.95914 4.89651 247.865 113.589 25.5239 13.0397 12.4842 6.60854 5.87563 2.11782 134.276 116.411 2.65316 17.8647 2.0453 113.758 22.0266 19.0747 5.88078 2.95191 15.8194 88.0652 29.4736 23.9774 20.4768 3.25014 17.2267 16.2103
internal_count=14014 178 125 70 13836 6756 1329 817 512 266 246 148 7080 6019 100 1061 51 5919 1300 1186 288 114 1010 5427 1194 828 717 169 548 480
cat_boundaries=0 2
cat_threshold=32768 4194306
is_linear=0
shrinkage=0.05


Tree=98
num_leaves=31
num_cat=0
split_feature=10 3 3 35 0 0 1 17 1 31 0 17 8 6 6 22 0 17 24 27 3 3 1 0 1 35 8 31 26 9
split_gain=1.0149 1.18387 1.67174 1.27649 1.06126 1.56658 2.2069 2.01282 3.11709 3.20307 1.88624 2.93536 3.20173 2.97249 5.37802 2.84134 2.01703 2.7323 2.03164 1.83416 1.64542 6.09293 3.55914 4.61637 3.92285 4.25468 5.2376 4.63271 3.86161 3.77511
threshold=0.18499483619326948 270.50000000000006 326.00000000000006 0.00076522731722620271 9.7275000000000009 15.052500000000002 5779.5000000000009 -8653.4999999999982 10963.500000000002 0.016269595542487386 29.984500000000004 12307.000000000002 500.12000000000006 56.500000000000007 58.500000000000007 2.5000000000000004 20.029500000000002 -664.49999999999989 118.50000000000001 0.085157148224753135 164.00000000000003 192.50000000000003 12606.000000000002 221.99500000000003 12373.500000000002 9.3629489186273582e-05 1926.4949999999997 0.0070456039664649047 94.500000000000014 231.88783333333339
decision_type=2 2 2 2 2 2 2 2 2 2 2 2 2 2 2 2 2 2 2 2 2 2 2 2 2 2 2 2 2 10
left_child=1 -1 3 -3 -2 6 -6 -8 9 -9 11 13 15 16 -15 -13 17 18 -7 -18 -12 -22 24 29 -23 -26 -27 -28 -25 -24
right_child=4 2 -4 -5 5 10 7 8 -10 -11 20 12 -14 14 -16 -17 19 -19 -20 -21 21 22 23 28 25 26 27 -29 -30 -31
leaf_value=-0.050541918342051087 -0.052004697671858204 0.048723548147500038 -0.050524573845283173 -0.05027682224940147 -0.035711749616178845 0.00077251514318064799 0.077476890309614729 -0.024463155968857231 -0.034387884610756071 0.067216120139833621 0.0073739918366495169 -0.052250058717065145 0.11449018964874985 0.21476409279365183 -0.050433426736184561 0.080690902473448123 -0.051696833300071549 -0.051032516801608856 0.10094589047650367 0.011889711573947338 -0.036022107855517217 0.0025499858020761336 -0.03444141076007462 0.031899993290761958 0.09903436060411791 -0.051475039698936791 0.092114168618820519 -0.019766293408341309 -0.031563129222151182 0.022294992076846622
leaf_weight=2.1617002371349363 0.97465225006453593 1.4650342275854202 1.1150426155654711 0.41864148952299718 1.5159427016042162 1.4736594397109009 1.7536219428293396 1.3530345945619036 2.0277081825770438 3.220090261194855 65.014546589402016 1.1411705479258665 0.81373276095837344 0.35005245916545469 0.42119632678804919 0.6204499565064906 8.3833548523252812 1.5562584674917168 0.77094877907074977 1.3115036827512074 12.197866002214139 101.24394689232577 19.732335112988952 7.9822124980855715 2.1524865715764454 1.8963497860822824 2.4405531163793062 1.4902508459053931 3.4256907254457474 3.4435219194274387
leaf_count=358 70 62 203 108 70 48 19 36 95 26 1721 60 21 3 106 23 705 139 13 19 1108 5811 2318 254 31 139 54 98 187 109
internal_value=-0.000388187 -0.0223354 -0.00200197 0.026721 6.7194e-05 0.00027206 0.0197907 0.0298618 0.0172121 0.0400913 -0.000537891 -0.0166674 0.0324627 -0.0255359 0.0699338 -0.00542771 -0.0309918 -0.000120302 0.0351788 -0.043095 0.000691221 -0.0020938 0.000784033 -0.0131949 0.00521022 0.0389627 0.0167729 0.0496979 0.0128426 -0.0260114
internal_weight=253.868 5.16042 2.99872 1.88368 248.707 247.732 9.8704 8.35445 6.60083 4.57312 237.862 16.8423 2.57535 14.267 0.771249 1.76162 13.4957 3.80087 2.24461 9.69486 221.02 156.005 143.807 34.5838 109.224 7.97964 5.82715 3.9308 11.4079 23.1759
internal_count=14014 731 373 170 13283 13213 246 176 157 62 12967 1137 104 1033 109 83 924 200 61 724 11830 10109 9001 2868 6133 322 291 152 441 2427
is_linear=0
shrinkage=0.05


Tree=99
num_leaves=31
num_cat=0
split_feature=35 35 35 7 7 10 31 2 0 21 11 9 28 7 21 29 16 15 0 8 1 16 1 24 16 11 11 32 2 2
split_gain=1.00747 1.02119 1.64888 1.06082 2.08895 3.47474 5.30633 2.93131 2.92937 2.1241 2.06411 2.01169 2.20828 2.12644 2.16108 1.94627 2.69808 2.7869 2.92542 2.18365 2.07209 1.98654 3.67836 2.18105 1.98111 2.11573 7.63088 2.27423 2.00769 3.62531
threshold=3.1908250497968614e-05 3.200087524367237e-05 3.2520945857565299e-05 171.00000000000048 143.70400000000001 0.80991568820998017 0.0092344715329873098 360.50000000000006 225.50000000000003 17.500000000000004 67.500000000000014 179.05919612403102 0.025427334073057199 1370.1499999999944 1.0000000180025095e-35 0.018788727714636275 -0.00049693946766630602 9.0478683680758518 12.366000000000001 6748.1599999999999 1211.0000000000002 -1.157487794086627e-05 12373.500000000002 26.500000000000004 -0.00011731126866971864 22523.500000000004 45556.500000000007 0.00029171178344823597 321.50000000000006 319.00000000000006
decision_type=2 2 2 2 2 2 2 2 2 2 8 10 2 2 2 2 2 2 2 2 2 2 2 2 2 10 10 2 2 2
left_child=-1 -2 -3 4 9 6 -6 -8 10 15 -7 -5 13 14 -13 16 -4 18 -18 20 -20 22 -22 -24 -17 -26 -27 -28 29 -29
right_child=1 2 3 11 5 8 7 -9 -10 -11 -12 12 -14 -15 -16 24 17 -19 19 -21 21 -23 23 -25 25 26 27 28 -30 -31
leaf_value=-0.050298175943054524 0.051931763334124387 -0.050725763035922015 0.069778471310127113 -0.015794756963186326 -0.037315456205071436 0.043951771584827923 0.0082840427084626914 0.12124919926228094 0.065341990332521679 -0.051463876088932971 -0.048672963463750038 -0.037053307763743396 0.068666100265366944 -0.052225649731671403 0.015501752872320926 -0.040532448709044433 0.058304006773346129 0.032677581573209401 0.060703511156360412 0.05642152681538315 -0.050653089871419324 -0.04262584637276224 -0.050489986065019789 0.085816202153412208 0.0064246406767862283 -0.043640822376219704 0.089108814957846463 0.0080982210289219838 -0.0099619914219171071 0.087304296417461694
leaf_weight=1.0068577171768982 0.93648858461528917 1.6156854276778165 0.94941904535517352 26.483022702799644 1.0609243119833971 0.77871727291494641 0.76942218770273063 2.2640837554354221 1.1273641996085642 1.9542775343870733 2.6426409974228591 2.3263754840008977 1.3024060304742295 1.6822929403278966 12.288133233785627 2.6028884452534831 1.0523365437984527 2.5649046321632332 0.59576204465702787 0.74523691018111904 1.7270124147180621 13.679436492035151 0.38306835922412563 1.2548405611887572 131.09723520162515 10.325868414598515 0.814417018089446 12.087631058064289 12.800639387103727 1.6407675142399973
leaf_count=237 47 259 20 2844 95 12 42 45 25 169 136 192 15 100 382 152 33 83 12 24 207 1529 58 52 5376 631 9 484 710 34
internal_value=-0.000382869 -0.00018308 -0.00037782 -5.11286e-05 0.00146254 0.0255194 0.0589345 0.0925966 -0.00455841 0.000403175 -0.0275911 -0.0070875 0.00601504 0.0010081 0.0071359 0.000924798 -0.0127483 -0.0163094 -0.0227735 -0.0274142 -0.030956 -0.0341598 0.000257367 0.0539374 0.00275608 0.00342372 -0.00702012 0.00680917 0.00428265 0.0175646
internal_weight=252.56 251.553 250.617 249.001 204.919 8.64315 4.09443 3.03351 4.54872 196.276 3.42136 44.0822 17.5992 16.2968 14.6145 194.321 22.952 22.0026 19.4377 18.3854 17.6401 17.0444 3.36492 1.63791 171.369 168.767 37.6693 27.3435 26.529 13.7284
internal_count=14014 13777 13730 13471 9938 355 182 87 173 9583 148 3533 689 674 574 9414 2018 1998 1915 1882 1858 1846 317 110 7396 7244 1868 1237 1228 518
is_linear=0
shrinkage=0.05


Tree=100
num_leaves=31
num_cat=1
split_feature=22 2 2 3 3 3 1 2 2 11 21 29 29 21 28 28 20 29 31 24 24 11 29 32 10 2 31 17 28 32
split_gain=0.988846 1.02068 3.21082 3.31334 5.83271 5.26558 3.48257 2.97031 5.88811 3.87902 3.19892 4.42429 6.95681 3.43684 3.26018 4.80342 4.14305 3.09488 3.08243 3.34812 3.05989 3.05136 2.87378 2.752 3.32968 2.79397 4.48652 6.63084 2.73364 3.31613
threshold=41.500000000000007 321.50000000000006 307.50000000000006 324.50000000000006 385.50000000000006 222.00000000000003 12579.000000000002 383.50000000000006 390.50000000000006 168.50000000000003 1.5000000000000002 0.02141253968072598 0.021374394647849494 8.5000000000000018 0.013530330686876349 0.014936444357489068 0 0.021491149603298544 0.019570432321109211 169.50000000000003 6.5000000000000009 21681.500000000004 0.022466049888601292 0.00050768291492064822 1.2782694063926943 499.50000000000006 0.0049455602408360107 210.50000000000003 0.010593085754202834 0.00030764342988818058
decision_type=2 2 2 2 2 2 2 2 2 8 2 2 2 2 2 2 9 2 2 2 2 10 2 2 2 2 2 2 2 2
left_child=1 2 -1 5 -5 6 -4 9 -9 17 11 12 28 14 20 -16 21 -3 -11 -20 -12 22 -17 -24 25 26 27 -25 -10 -30
right_child=-2 7 3 4 -6 -7 -8 8 10 18 13 -13 -14 -15 15 16 -18 -19 19 -21 -22 -23 23 24 -26 -27 -28 -29 29 -31
leaf_value=-0.0012014487035544186 -0.050080360385922021 0.10797841891034626 0.0082248767131794034 0.073288201696403876 -0.0069287398715019493 -0.031436802182110278 0.072679260708590307 0.072054049282743213 -0.021623335346969308 -0.042621926358572315 0.081128799080051411 -0.022355023416899256 0.22277147708804895 -0.012673242522747666 0.091497691872220052 -0.0096356015364508774 -0.010270960785393961 -0.015748854269367688 -0.0085375747467799599 0.13499769157904057 -0.051535588019968152 -0.017625362690004535 0.11416749001008847 -0.0073335609374034858 0.0043382878208931344 0.07475803286242301 -0.027004979666970831 0.18908136859520602 0.046285950166995757 -0.00037744044251415199
leaf_weight=89.055013064993545 0.99668417283100907 0.96165705658495726 7.0568906157277578 5.8489622203633171 3.6993561891140416 6.133105468354187 2.981018063495867 2.7507787983631706 8.5735580835025811 12.133888039854353 0.51110198255628292 32.693851158022881 0.36098900926299293 15.950656539294867 2.171598369954153 2.6388599512865865 10.914210124523374 1.0653259563259778 3.1628571542678396 0.46615733206272114 2.9056552208494395 2.7333483644761136 1.3792155103292341 0.95240897405892455 4.5044033038429907 6.8479376949835569 2.1313221058808267 0.78292124904692173 5.2320916670141768 13.981266392744145
leaf_count=4729 776 20 334 154 264 535 55 103 909 860 6 2004 19 737 51 129 409 32 163 2 211 86 41 34 99 104 90 18 232 808
internal_value=-0.000376095 -0.000178396 0.00329279 0.0188544 0.0422093 0.00506431 0.0273663 -0.00311202 -0.000241056 -0.0221577 -0.00196636 -0.00984435 0.00468683 0.00684067 0.014931 0.019475 0.0147189 0.0429508 -0.0305301 0.00989994 -0.0316907 0.0218587 0.0388318 0.0465373 0.0404084 0.0555722 0.0215936 0.0812821 0.00185362 0.0123297
internal_weight=251.577 250.58 114.774 25.7193 9.54832 16.171 10.0379 135.806 118.016 17.7899 115.265 60.8418 28.1479 54.4236 38.473 35.0562 32.8846 2.02698 15.7629 3.62901 3.41676 21.9704 19.2371 16.5982 15.219 10.7146 3.86665 1.73533 27.7869 19.2134
internal_count=14014 13238 6071 1342 418 924 389 7167 6090 1077 5987 3972 1968 2015 1278 1061 1010 52 1025 165 217 601 515 386 345 246 142 52 1949 1040
cat_boundaries=0 1
cat_threshold=268599301
is_linear=0
shrinkage=0.05


Tree=101
num_leaves=31
num_cat=2
split_feature=20 36 36 2 36 24 1 28 22 2 31 1 21 1 1 20 35 0 36 36 6 6 0 15 0 16 0 36 9 3
split_gain=1.00009 6.43862 4.84064 3.18713 3.07509 2.27173 1.82012 2.72599 1.55247 1.5519 1.90844 1.20656 2.53844 1.56307 1.39028 1.39255 2.42964 1.88191 1.39592 7.76088 3.08997 2.99703 4.05294 4.31152 3.63435 2.90601 2.85395 2.84241 2.77484 2.62126
threshold=0 0.014284338398043795 0.024300699300699304 177.50000000000003 0.17817460317460321 28.500000000000004 4655.5000000000009 0.02194382202938076 11.500000000000002 499.50000000000006 0.019570432321109211 17869.000000000004 6.5000000000000009 17480.500000000004 17192.500000000004 1 0.0029763429085779888 39.999000000000002 0.038316988872653709 0.023865489207894833 5.5000000000000009 7.5000000000000009 117.23500000000001 8.4869802955573395 100.47500000000001 0.1968049269331599 83.846000000000018 0.023373239522096759 129.10846220930253 297.00000000000006
decision_type=9 2 2 2 2 2 2 2 2 2 2 2 2 2 2 9 2 2 2 2 2 2 2 2 2 2 2 2 10 2
left_child=1 -1 5 -4 6 -3 -5 -8 -7 10 -9 13 -13 14 15 18 -17 -18 19 25 -21 -20 23 24 26 28 -23 -27 -2 -26
right_child=11 2 3 4 -6 8 7 9 -10 -11 -12 12 -14 -15 -16 16 17 -19 21 20 -22 22 -24 -25 29 27 -28 -29 -30 -31
leaf_value=-0.051650259118825738 -0.031067560464681711 0.085704928328523264 -0.052796445073800324 0.062702022601911198 -0.051255187156625075 -0.023166427515871266 -0.034919213562645025 -0.051244403992898147 0.058511877951307051 0.08272689870356191 0.063208303476079739 -0.050892686580991879 0.064816940544207183 0.046100060568856904 -0.050898774366644854 -0.050691021580410868 0.096073989416703975 -0.050611168214518498 0.0005410999057608105 -0.006632581124386464 -0.051267667639175313 0.039057530809686186 -0.05250508860044787 -0.066697155708622224 0.20268012242142006 0.0060524756009265636 -0.055590893079917436 0.070224529318944656 0.0040628856791765323 0.046178072833233968
leaf_weight=3.2826983616687384 11.031840199779255 3.636478180531415 1.9614141029305745 2.7474872227758151 1.3644145450089125 1.0351320023182782 1.8884704130468888 0.7082094023935499 1.3283097166568039 1.3016552699264137 0.74986785650253296 2.7904033174272622 0.57097664359025646 1.7434420082718123 1.4111516596749414 5.5841186126344828 0.54641360335517664 0.36453308677300811 105.59117416536901 6.0385436374926966 10.834041479276491 11.137654001358893 1.5589969921857108 1.0171691859140981 0.56326773623004445 55.120038542547263 0.85779380425810892 1.7813474563881744 11.460134153370744 0.50962752988561988
leaf_count=221 796 30 137 48 121 40 146 44 19 16 7 352 10 80 182 797 12 48 5396 416 882 244 79 20 15 3149 30 32 620 25
internal_value=-0.000393126 0.00824825 0.0249401 0.00481537 0.0177148 0.0609018 0.030439 0.0113687 0.0227387 0.0430433 0.00761695 -0.00143845 -0.0312378 -0.00106081 -0.00142558 -0.0011139 -0.0150965 0.0373751 -2.16702e-06 -0.00449745 -0.0352932 0.00356709 0.0239907 0.0324573 0.040175 0.00204722 0.0322892 0.00806144 -0.0131679 0.128341
internal_weight=250.517 20.0041 16.7214 10.7215 8.7601 5.99992 7.39569 4.6482 2.36344 2.75973 1.45808 230.513 3.36138 227.151 225.408 223.997 6.49507 0.910947 217.502 96.2659 16.8726 121.236 15.6445 14.0855 13.0683 79.3934 11.9954 56.9014 22.492 1.0729
internal_count=14014 829 608 519 382 89 261 213 59 67 51 13185 362 12823 12743 12561 857 60 11704 5895 1298 5809 413 334 314 4597 274 3181 1416 40
cat_boundaries=0 2 4
cat_threshold=268468232 4194306 2752517 131328
is_linear=0
shrinkage=0.05


Tree=102
num_leaves=31
num_cat=0
split_feature=10 3 3 2 0 0 1 23 21 0 17 6 6 8 22 0 17 24 27 8 10 35 31 1 1 26 26 0 0 9
split_gain=0.9901 1.07266 1.47712 1.13428 0.998349 1.39287 1.95525 1.8499 2.52408 1.76166 2.65277 2.63337 4.08395 2.56445 2.48371 1.93732 2.4932 1.72595 1.69891 1.61483 1.77058 1.71141 2.78717 1.49409 3.12985 2.60192 3.31003 9.03414 5.19715 3.29913
threshold=0.18499483619326948 270.50000000000006 326.00000000000006 326.00000000000006 9.7275000000000009 15.052500000000002 5779.5000000000009 42.500000000000007 16.500000000000004 29.984500000000004 12307.000000000002 56.500000000000007 58.500000000000007 500.12000000000006 2.5000000000000004 20.029500000000002 -664.49999999999989 118.50000000000001 0.085157148224753135 253.45100000000002 0.2689634393831889 0.0003634293694323948 0.016269595542487386 6399.0000000000009 6951.5000000000009 102.50000000000001 65.500000000000014 59.975000000000009 68.960000000000022 243.11927546628417
decision_type=2 2 2 2 2 2 2 2 2 2 2 2 2 2 2 2 2 2 2 2 2 2 2 2 2 2 2 2 2 10
left_child=1 -1 3 -3 -2 6 -6 19 -9 10 11 15 -13 14 -12 16 17 -7 -17 21 -21 22 -8 -11 -25 26 -26 -28 -29 -27
right_child=4 2 -4 -5 5 9 7 8 -10 23 13 12 -14 -15 -16 18 -18 -19 -20 20 -22 -23 -24 24 25 29 27 28 -30 -31
leaf_value=-0.050514143726549179 -0.051903003140175111 0.045162869933570896 -0.050490766936350073 -0.050425384977450742 -0.034647970572909519 0.00055088968127549385 -0.052116550598327899 -0.055084761178550393 0.051737043096239166 0.005978486343353912 -0.052098283591574673 0.17743976245303505 -0.050409557999418958 0.10098392593036257 0.071895805331567128 -0.051626030813894358 -0.050986585234529203 0.092168451067010021 0.010311104712688408 0.053851349849821532 -0.035374269692373679 0.095534704705242154 0.076749189986588653 -0.05107137143921775 -0.0024207629378573976 -0.015806093992228883 -0.050550621916574716 0.16928086703836487 0.027820488653370425 0.034510428312517674
leaf_weight=2.0256100951810359 0.92092612106352945 1.4190523794968615 1.0390071845031341 0.39722144987899799 1.4513099358882744 1.4553576188627637 0.6777190833818153 1.3134401603601875 0.95514064095914353 82.393240324221551 1.0642751307459541 0.39377331361174661 0.39288390369620174 0.85433345148339856 0.65085017774254073 7.8813186121406016 1.4600983874406672 0.79479224933311332 1.2881069823633877 1.1122680951375516 1.1117436350323258 1.9435027833096681 1.1016581803560255 3.2455391655676058 65.179199112579226 38.799739172623958 3.9023974991869208 0.67128485813737171 19.812321562960278 3.5563606470823279
leaf_count=358 70 87 203 83 70 48 35 35 20 3012 60 3 106 21 23 705 139 13 19 16 35 19 16 276 3903 3033 588 40 862 116
internal_value=-0.000387166 -0.0226852 -0.00294256 0.0242576 5.81747e-05 0.000254724 0.0188536 0.028305 -0.0101096 -0.000514286 -0.0164022 -0.0251657 0.0636439 0.0302089 -0.00504541 -0.0305899 -0.000104823 0.0329118 -0.0429252 0.0429591 0.00924906 0.0630971 0.0276675 0.000671373 -0.00256367 -0.00137028 0.00345862 0.0191731 0.0324564 -0.0115813
internal_weight=249.264 4.88089 2.85528 1.81627 244.384 243.463 9.66678 8.21547 2.26858 233.796 16.2358 13.6663 0.786657 2.56946 1.71513 12.8797 3.71025 2.25015 9.16943 5.94689 2.22401 3.72288 1.77938 217.56 135.167 131.921 89.5652 24.386 20.4836 42.3561
internal_count=14014 731 373 170 13283 13213 246 176 55 12967 1137 1033 109 104 83 924 200 61 724 121 51 70 51 11830 8818 8542 5393 1490 902 3149
is_linear=0
shrinkage=0.05


Tree=103
num_leaves=31
num_cat=0
split_feature=25 23 32 23 30 0 23 0 0 9 11 1 7 24 9 6 21 17 24 4 0 0 17 31 16 16 28 35 0 16
split_gain=0.949346 2.37169 2.71077 2.11107 2.75134 2.26516 1.99032 1.85024 2.45852 1.88872 1.80098 1.52764 1.10758 2.94886 2.15398 2.89778 2.41026 2.19278 1.96296 2.66819 1.76278 3.91445 2.8983 2.26736 1.66572 2.52092 1.61145 2.6817 1.44511 1.3491
threshold=82.500000000000014 94.500000000000014 0.00045372452994884904 69.500000000000014 0.090443662281262646 65.127000000000024 74.500000000000014 112.99500000000002 57.975000000000009 52.464000000000006 6034.5000000000009 11558.500000000002 209.9499999999999 103.50000000000001 179.05919612403102 56.500000000000007 1.0000000180025095e-35 -212.49999999999997 78.500000000000014 2.5000000000000004 110.0425 107.97000000000001 -617.49999999999989 0.015108643587669612 1.5192700757580417 1.5495426343879071 0.02011695179695552 0.0013433190760569959 1183.2100000000003 0.0077731118694349182
decision_type=2 2 2 2 2 2 2 2 2 10 8 2 2 2 10 2 2 2 2 2 2 2 2 2 2 2 2 2 2 2
left_child=3 -2 -3 12 5 6 -5 8 9 10 -4 -9 -1 14 15 26 29 -17 -19 -20 21 22 -18 -22 -15 -26 28 -28 -14 -16
right_child=1 2 7 4 -6 -7 -8 11 -10 -11 -12 -13 13 24 16 17 20 18 19 -21 23 -23 -24 -25 25 -27 27 -29 -30 -31
leaf_value=0.0010063685350970234 -0.055029468733427747 -0.051047815195466077 0.053080528113598341 0.036000786035755662 -0.035551285547820353 0.073904090938844161 -0.053562677155768679 0.014207684748942156 -0.056338833818557102 -0.051333122928744472 -0.022913720305013197 0.086852562580681927 -0.050843270210531061 -0.036730119871121271 0.044201956870475019 0.048077256344379232 0.066686074709087467 -0.038064699365035093 -0.050969680068048195 0.12335095520906712 0.028770541736521566 0.18424395466321936 -0.05073600851737381 -0.044886828147310834 0.20184830222456732 -0.050600327481379541 0.092472357466970245 -0.042144132694133474 0.043712679277739544 -0.050918688914379395
leaf_weight=191.93820935778785 2.703629176830872 2.3619764930917873 2.4709892184473561 2.3705980638042088 1.4416889748536048 2.8332673676777631 0.84013233461882908 2.0311311990953986 1.7931589117506517 0.91471639228984702 1.1389964652480555 1.124254524707794 5.8140635766321811 9.1388927510124596 0.47538816649466697 2.5760758733376843 1.8545375703833993 2.3237655328121058 0.38277472904883314 0.51465592405293137 4.585147893987596 0.51591383386403311 0.73330894589889717 1.3531113904900847 0.18635015189647752 0.21070341503946111 0.62651865463703849 0.90343628404662013 0.43425654107704748 1.7267789562465621
leaf_count=9977 134 291 28 43 55 41 40 41 87 121 63 21 641 976 12 132 37 626 57 61 70 4 87 56 1 65 15 56 10 166
internal_value=-0.00038036 -0.0127773 -0.0031253 0.000390614 0.0265146 0.0413193 0.0125653 0.00882328 -0.00679296 0.0128423 0.0291034 0.0400908 -0.000473553 -0.00874158 0.000338319 -0.013067 0.0165231 0.013691 -0.0138085 0.0489992 0.0279474 0.0584841 0.0334126 0.0119867 -0.0323743 0.067882 -0.0330102 0.0129815 -0.0442717 -0.0303847
internal_weight=248.318 14.5389 11.8352 233.78 7.48569 6.044 3.21073 9.47325 6.31786 4.5247 3.60999 3.15539 226.294 34.3557 24.8197 13.5755 11.2442 5.79727 3.2212 0.897431 9.04202 3.10376 2.58785 5.93826 9.53595 0.397054 7.77828 1.52995 6.24832 2.20217
internal_count=14014 786 652 13228 179 124 83 361 299 212 91 62 13049 3072 2030 1598 432 876 744 118 254 128 124 126 1042 66 722 71 651 178
is_linear=0
shrinkage=0.05


Tree=104
num_leaves=31
num_cat=1
split_feature=35 35 35 35 35 32 35 0 2 0 2 35 35 31 24 24 36 35 36 20 27 22 2 1 28 3 8 0 8 8
split_gain=0.936029 0.942047 1.54164 1.03783 2.02399 1.50787 1.32454 3.34553 3.38325 3.21027 3.51523 3.00767 2.54017 2.37617 1.81044 2.46299 1.67532 2.60339 1.88876 2.24234 3.26886 3.28591 3.45142 3.80984 3.10177 3.04747 3.49972 3.31598 3.25211 3.28864
threshold=3.1908250497968614e-05 3.200087524367237e-05 3.2520945857565299e-05 3.2637812449326334e-05 3.3222145732465153e-05 0.00038065004320371096 4.6036933807888434e-05 150.25000000000003 397.00000000000006 149.97500000000002 264.50000000000006 4.1460408531381256e-05 4.7567433583959725e-05 0.0076765849836372959 100.50000000000001 14.500000000000002 0.22619047619047619 9.3629489186273582e-05 0.18452380952380956 0 0.042394052833613284 6.5000000000000009 561.50000000000011 11843.500000000002 0.00090536951502073336 319.50000000000006 2226.3499999999999 167.50000000000003 4211.0699999999997 10167.930000000018
decision_type=2 2 2 2 2 2 2 2 2 2 2 2 2 2 2 2 2 2 2 9 2 2 2 2 2 2 2 2 2 2
left_child=-1 -2 -3 5 -5 -4 7 8 9 10 -6 -10 -8 -13 15 -12 18 -18 19 20 21 22 24 -24 -14 26 -23 28 -28 -30
right_child=1 2 3 4 6 -7 12 -9 11 -11 14 13 16 -15 -16 -17 17 -19 -20 -21 -22 25 23 -25 -26 -27 27 -29 29 -31
leaf_value=-0.050279556962558009 0.049286087307098214 -0.050690233297939181 0.10366393616939783 -0.05087615384039515 -0.051269293920268091 0.0039351012926399347 -0.051297405096496954 -0.051170360348734525 -0.050872637376492474 0.15899870319701118 0.066938299447744709 -0.050892250193220245 0.10016981697246291 0.061279752995506101 0.10416719994347941 -0.051485025905121717 0.019264490933707436 -0.051674150584091652 -0.020692767289605118 -0.0036449517879534607 0.044519323875673082 0.052395291495039888 -0.050995824013705407 0.088315959732076829 -0.017584910538106954 -0.011612857786999076 -0.05115002906808274 -0.038928191682873425 0.052571799501036444 -0.051131163012340955
leaf_weight=0.93591644056141277 0.95868339971639116 1.5129966370295722 0.58829698618501325 1.9646088525187213 0.84526146738789787 1.0654582860879598 2.4573087475728235 1.5489010585006315 1.9287551372544838 0.6559016944374888 1.501412600977347 0.63552517583593759 0.57409886922687903 1.8361406142357735 1.4933448322117326 0.62052613764535625 17.564516119076874 1.3961471510119725 12.055746177793479 140.14426917495439 5.7354236852843306 8.1038922846783006 0.68698306311853174 1.7181968124350531 21.597688027308322 6.7063122646068214 1.1835337150841931 2.714038398640696 5.7620249286992475 0.8814428238547406
leaf_count=237 47 259 20 218 78 33 210 101 214 10 29 55 10 81 28 45 679 103 662 7795 66 200 61 48 1573 492 84 138 199 239
internal_value=-0.000371218 -0.000181677 -0.000374867 -6.2827e-05 -0.000332239 0.039412 8.09089e-05 0.0169766 0.0280678 0.0557151 0.0405277 -0.00407823 -0.000734526 0.0324376 0.0619901 0.0323073 -0.000186751 0.014041 -0.00148456 -0.000301927 0.00743408 0.00466293 -0.00836454 0.0485248 -0.0145359 0.0172925 0.0276894 0.00869558 0.0252093 0.0388127
internal_weight=247.373 246.437 245.479 243.966 242.312 1.65376 240.347 11.0658 9.51687 5.11645 4.46055 4.40042 229.282 2.47167 3.61528 2.12194 226.824 18.9607 207.864 195.808 55.6636 49.9282 24.577 2.40518 22.1718 25.3512 18.6449 10.541 7.827 6.64347
internal_count=14014 13777 13730 13471 13418 53 13200 641 540 190 180 350 12559 136 102 74 12349 782 11567 10905 3110 3044 1692 109 1583 1352 860 660 522 438
cat_boundaries=0 2
cat_threshold=270565401 4194562
is_linear=0
shrinkage=0.05


end of trees

feature_importances:
TransactionAmt=335
card1=277
pagerank_centrality=221
card2=176
addr1=172
spend_ratio_24h=161
card_spend_mean_24h=149
addr_card_degree=137
clustering_coefficient=133
time_gap_acceleration_median=117
addr_connected_fraud_rate=111
card_time_since_prev=103
network_risk_gap=101
card_spend_sum_24h=88
P_emaildomain=88
card_addr_degree=88
device_card_degree=80
card_tx_count_24h=78
time_gap_deviation_mean=75
card_device_degree=68
network_risk_product=65
shared_addr_card_count=50
network_risk_mean=49
time_gap_deviation_median=45
card_spend_sum_1h=44
device_connected_fraud_rate=42
shared_device_card_count=38
addr_card_novelty=21
card_tx_count_1h=15
network_risk_max=9
card_tx_count_10m=5
addr2=4
device_card_novelty=3
is_new_device=1
is_new_location=1

parameters:
[boosting: gbdt]
[objective: binary]
[metric: average_precision]
[tree_learner: serial]
[device_type: cpu]
[data_sample_strategy: bagging]
[data: ]
[valid: ]
[num_iterations: 500]
[learning_rate: 0.05]
[num_leaves: 31]
[num_threads: 0]
[seed: 42]
[deterministic: 0]
[force_col_wise: 0]
[force_row_wise: 0]
[histogram_pool_size: -1]
[max_depth: -1]
[min_data_in_leaf: 20]
[min_sum_hessian_in_leaf: 0.001]
[bagging_fraction: 1]
[pos_bagging_fraction: 1]
[neg_bagging_fraction: 1]
[bagging_freq: 0]
[bagging_seed: 400]
[bagging_by_query: 0]
[feature_fraction: 1]
[feature_fraction_bynode: 1]
[feature_fraction_seed: 30056]
[extra_trees: 0]
[extra_seed: 12879]
[early_stopping_round: 0]
[early_stopping_min_delta: 0]
[first_metric_only: 0]
[max_delta_step: 0]
[lambda_l1: 0]
[lambda_l2: 0]
[linear_lambda: 0]
[min_gain_to_split: 0]
[drop_rate: 0.1]
[max_drop: 50]
[skip_drop: 0.5]
[xgboost_dart_mode: 0]
[uniform_drop: 0]
[drop_seed: 17869]
[top_rate: 0.2]
[other_rate: 0.1]
[min_data_per_group: 100]
[max_cat_threshold: 32]
[cat_l2: 10]
[cat_smooth: 10]
[max_cat_to_onehot: 4]
[top_k: 20]
[monotone_constraints: ]
[monotone_constraints_method: basic]
[monotone_penalty: 0]
[feature_contri: ]
[forcedsplits_filename: ]
[refit_decay_rate: 0.9]
[cegb_tradeoff: 1]
[cegb_penalty_split: 0]
[cegb_penalty_feature_lazy: ]
[cegb_penalty_feature_coupled: ]
[path_smooth: 0]
[interaction_constraints: ]
[verbosity: -1]
[saved_feature_importance_type: 0]
[use_quantized_grad: 0]
[num_grad_quant_bins: 4]
[quant_train_renew_leaf: 0]
[stochastic_rounding: 1]
[linear_tree: 0]
[max_bin: 255]
[max_bin_by_feature: ]
[min_data_in_bin: 3]
[bin_construct_sample_cnt: 200000]
[data_random_seed: 175]
[is_enable_sparse: 1]
[enable_bundle: 1]
[use_missing: 1]
[zero_as_missing: 0]
[feature_pre_filter: 1]
[pre_partition: 0]
[two_round: 0]
[header: 0]
[label_column: ]
[weight_column: ]
[group_column: ]
[ignore_column: ]
[categorical_feature: 18,19,20]
[forcedbins_filename: ]
[precise_float_parser: 0]
[parser_config_file: ]
[objective_seed: 16083]
[num_class: 1]
[is_unbalance: 0]
[scale_pos_weight: 1]
[sigmoid: 1]
[boost_from_average: 1]
[reg_sqrt: 0]
[alpha: 0.9]
[fair_c: 1]
[poisson_max_delta_step: 0.7]
[tweedie_variance_power: 1.5]
[lambdarank_truncation_level: 30]
[lambdarank_norm: 1]
[label_gain: ]
[lambdarank_position_bias_regularization: 0]
[eval_at: ]
[multi_error_top_k: 1]
[auc_mu_weights: ]
[num_machines: 1]
[local_listen_port: 12400]
[time_out: 120]
[machine_list_filename: ]
[machines: ]
[gpu_platform_id: -1]
[gpu_device_id: -1]
[gpu_device_id_list: ]
[gpu_use_dp: 0]
[num_gpu: 1]

end of parameters

pandas_categorical:[["H"], ["87", "96", "UNKNOWN"], ["UNKNOWN", "aim.com", "anonymous.com", "aol.com", "att.net", "bellsouth.net", "cableone.net", "centurylink.net", "cfl.rr.com", "charter.net", "comcast.net", "cox.net", "earthlink.net", "embarqmail.com", "frontier.com", "frontiernet.net", "gmail", "gmail.com", "gmx.de", "hotmail.com", "hotmail.es", "icloud.com", "juno.com", "live.com", "live.com.mx", "live.fr", "mac.com", "mail.com", "me.com", "msn.com", "netzero.com", "netzero.net", "optonline.net", "outlook.com", "outlook.es", "prodigy.net.mx", "ptd.net", "q.com", "roadrunner.com", "rocketmail.com", "sbcglobal.net", "sc.rr.com", "servicios-ta.com", "suddenlink.net", "twc.com", "verizon.net", "web.de", "windstream.net", "yahoo.co.uk", "yahoo.com", "yahoo.com.mx", "yahoo.de", "yahoo.es", "yahoo.fr", "ymail.com"]]
